;FLAVOR:Marlin
;TIME:5461
;Filament used: 3.39457m
;Layer height: 0.35
;Generated with Cura_SteamEngine 3.2.1
M104 S200
M109 S200
M82 ;absolute extrusion mode
G21 ; set units to millimeters
G28 Z0
G1 Z5 F200
;LAYER_COUNT:72
;LAYER:0
M107
G0 F900 X6.057 Y28.006 Z0.3
;TYPE:SKIRT
G1 F600 X6.539 Y27.918 E0.02444
G1 X6.838 Y27.903 E0.03938
G1 X8.756 Y27.904 E0.13507
G1 X9.264 Y27.948 E0.16051
G1 X12.227 Y28.46 E0.31052
G1 X17.715 Y29.162 E0.58655
G1 X23.162 Y29.549 E0.85899
G1 X28.671 Y29.627 E1.13386
G1 X34.142 Y29.396 E1.40705
G1 X39.594 Y28.854 E1.6804
G1 X45.443 Y27.939 E1.97575
G1 X45.907 Y27.903 E1.99897
G1 X47.817 Y27.903 E2.09426
G1 X48.305 Y27.943 E2.11869
G1 X48.78 Y28.062 E2.14312
G1 X49.229 Y28.256 E2.16752
G1 X49.641 Y28.521 E2.19196
G1 X50.004 Y28.849 E2.21637
G1 X50.309 Y29.232 E2.2408
G1 X50.547 Y29.66 E2.26523
G1 X50.713 Y30.12 E2.28963
G1 X50.802 Y30.601 E2.31403
G1 X50.817 Y30.906 E2.32927
G1 X50.815 Y33.032 E2.43533
G1 X50.808 Y33.241 E2.44577
G1 X50.412 Y38.842 E2.7259
G1 X50.326 Y42.91 E2.9289
G1 X50.316 Y50.989 E3.33196
G1 X50.275 Y51.477 E3.35639
G1 X50.156 Y51.951 E3.38078
G1 X49.961 Y52.4 E3.4052
G1 X49.696 Y52.812 E3.42964
G1 X49.367 Y53.174 E3.45404
G1 X48.984 Y53.479 E3.47847
G1 X48.556 Y53.717 E3.5029
G1 X48.095 Y53.882 E3.52733
G1 X47.614 Y53.97 E3.55172
G1 X47.316 Y53.985 E3.56661
G1 X7.335 Y53.985 E5.56127
G1 X6.847 Y53.945 E5.5857
G1 X6.372 Y53.826 E5.61013
G1 X5.923 Y53.632 E5.63453
G1 X5.511 Y53.367 E5.65897
G1 X5.148 Y53.039 E5.68338
G1 X4.843 Y52.656 E5.70781
G1 X4.605 Y52.228 E5.73224
G1 X4.439 Y51.768 E5.75664
G1 X4.35 Y51.287 E5.78104
G1 X4.335 Y50.988 E5.79598
G1 X4.326 Y42.961 E6.19645
G1 X4.169 Y37.407 E6.47365
G1 X3.842 Y33.181 E6.68511
G1 X3.833 Y32.946 E6.69684
G1 X3.836 Y30.899 E6.79897
G1 X3.877 Y30.411 E6.8234
G1 X3.996 Y29.936 E6.84783
G1 X4.191 Y29.487 E6.87225
G1 X4.457 Y29.076 E6.89668
G1 X4.785 Y28.713 E6.92109
G1 X5.169 Y28.409 E6.94552
G1 X5.597 Y28.171 E6.96995
G1 X6.057 Y28.006 E6.99434
G0 F900 X5.966 Y28.453
G1 F600 X6.407 Y28.339 E7.01706
G1 X6.837 Y28.303 E7.03859
G1 X8.755 Y28.304 E7.13428
G1 X9.196 Y28.342 E7.15636
G1 X12.177 Y28.857 E7.30729
G1 X17.671 Y29.56 E7.58362
G1 X23.145 Y29.949 E7.85741
G1 X28.664 Y30.027 E8.13278
G1 X34.18 Y29.794 E8.40822
G1 X39.643 Y29.251 E8.68211
G1 X45.505 Y28.334 E8.97812
G1 X45.907 Y28.303 E8.99824
G1 X47.817 Y28.303 E9.09353
G1 X48.271 Y28.343 E9.11627
G1 X48.711 Y28.461 E9.13899
G1 X49.123 Y28.655 E9.16171
G1 X49.496 Y28.918 E9.18448
G1 X49.817 Y29.241 E9.2072
G1 X50.076 Y29.616 E9.22994
G1 X50.266 Y30.03 E9.25267
G1 X50.381 Y30.471 E9.2754
G1 X50.417 Y30.905 E9.29713
G1 X50.415 Y33.031 E9.4032
G1 X50.409 Y33.212 E9.41223
G1 X50.012 Y38.825 E9.69296
G1 X49.926 Y42.909 E9.89676
G1 X49.916 Y50.988 E10.29982
G1 X49.876 Y51.442 E10.32256
G1 X49.756 Y51.882 E10.34532
G1 X49.562 Y52.294 E10.36804
G1 X49.299 Y52.666 E10.39076
G1 X48.975 Y52.987 E10.41352
G1 X48.601 Y53.246 E10.43622
G1 X48.186 Y53.435 E10.45897
G1 X47.745 Y53.549 E10.48169
G1 X47.316 Y53.585 E10.50317
G1 X7.335 Y53.585 E12.49783
G1 X6.881 Y53.545 E12.52057
G1 X6.441 Y53.427 E12.54329
G1 X6.029 Y53.233 E12.56601
G1 X5.656 Y52.97 E12.58878
G1 X5.335 Y52.647 E12.6115
G1 X5.076 Y52.272 E12.63424
G1 X4.886 Y51.858 E12.65697
G1 X4.771 Y51.417 E12.6797
G1 X4.735 Y50.988 E12.70118
G1 X4.726 Y42.949 E13.10225
G1 X4.569 Y37.387 E13.37985
G1 X4.241 Y33.151 E13.59182
G1 X4.233 Y32.946 E13.60205
G1 X4.236 Y30.899 E13.70418
G1 X4.277 Y30.445 E13.72692
G1 X4.396 Y30.006 E13.74961
G1 X4.59 Y29.593 E13.77238
G1 X4.853 Y29.221 E13.7951
G1 X5.177 Y28.901 E13.81782
G1 X5.552 Y28.642 E13.84056
G1 X5.966 Y28.453 E13.86327
G0 F900 X6.326 Y28.763
G1 F600 X6.837 Y28.703 E13.88894
G1 X8.755 Y28.704 E13.98462
G1 X9.128 Y28.736 E14.0033
G1 X12.128 Y29.254 E14.15519
G1 X17.627 Y29.958 E14.43177
G1 X23.129 Y30.349 E14.70696
G1 X28.676 Y30.427 E14.98373
G1 X34.202 Y30.193 E15.25967
G1 X39.691 Y29.648 E15.53486
G1 X45.567 Y28.729 E15.83158
G1 X45.907 Y28.703 E15.84859
G1 X47.817 Y28.703 E15.94388
G1 X48.234 Y28.743 E15.96478
G1 X48.636 Y28.861 E15.98569
G1 X49.008 Y29.054 E16.00659
G1 X49.337 Y29.313 E16.02748
G1 X49.611 Y29.63 E16.04839
G1 X49.82 Y29.993 E16.06929
G1 X49.956 Y30.39 E16.09022
G1 X50.017 Y30.905 E16.1161
G1 X50.015 Y33.031 E16.22216
G1 X50.01 Y33.184 E16.2298
G1 X49.614 Y38.789 E16.51013
G1 X49.526 Y42.952 E16.71787
G1 X49.516 Y50.988 E17.11879
G1 X49.476 Y51.405 E17.13969
G1 X49.357 Y51.807 E17.1606
G1 X49.164 Y52.179 E17.18151
G1 X48.904 Y52.507 E17.20239
G1 X48.587 Y52.781 E17.2233
G1 X48.223 Y52.989 E17.24421
G1 X47.827 Y53.125 E17.2651
G1 X47.316 Y53.185 E17.29077
G1 X7.335 Y53.185 E19.28543
G1 X6.918 Y53.145 E19.30633
G1 X6.516 Y53.027 E19.32723
G1 X6.144 Y52.834 E19.34814
G1 X5.815 Y52.575 E19.36903
G1 X5.541 Y52.258 E19.38994
G1 X5.332 Y51.895 E19.41083
G1 X5.196 Y51.498 E19.43177
G1 X5.135 Y50.987 E19.45745
G1 X5.126 Y42.937 E19.85906
G1 X4.968 Y37.365 E20.13716
G1 X4.64 Y33.12 E20.34958
G1 X4.633 Y32.947 E20.35821
G1 X4.636 Y30.9 E20.46034
G1 X4.677 Y30.483 E20.48124
G1 X4.795 Y30.081 E20.50215
G1 X4.988 Y29.709 E20.52305
G1 X5.248 Y29.38 E20.54398
G1 X5.566 Y29.107 E20.56488
G1 X5.929 Y28.898 E20.58578
G1 X6.326 Y28.763 E20.6067
G1 F1500 E14.1067
G0 F900 X19.213 Y33.779
G0 X18.964 Y35.04
G0 X23.117 Y35.738
G0 X23.126 Y35.639
;TYPE:WALL-INNER
G1 F1500 E20.6067
G1 F600 X27.326 Y35.844 E20.81649
G1 X31.526 Y35.639 E21.02628
G1 X35.686 Y35.021 E21.2361
G1 X39.765 Y34 E21.44588
G1 X43.725 Y32.583 E21.65571
G1 X46.029 Y31.494 E21.78285
G1 X47.226 Y31.494 E21.84257
G1 X47.226 Y32.637 E21.8996
G1 X44.31 Y34.016 E22.06052
G1 X40.215 Y35.481 E22.2775
G1 X35.992 Y36.538 E22.49469
G1 X31.681 Y37.178 E22.71212
G1 X27.326 Y37.393 E22.92966
G1 X22.971 Y37.178 E23.1472
G1 X18.66 Y36.538 E23.36463
G1 X14.437 Y35.481 E23.58182
G1 X10.342 Y34.016 E23.7988
G1 X7.426 Y32.637 E23.95972
G1 X7.426 Y31.494 E24.01675
G1 X8.623 Y31.494 E24.07647
G1 X10.928 Y32.583 E24.20365
G1 X14.888 Y34 E24.41349
G1 X18.967 Y35.021 E24.62327
G1 X23.126 Y35.639 E24.83304
G0 F900 X23.117 Y35.738
G0 X19.376 Y35.128
G0 X14.837 Y34.087
G0 X15.004 Y33.617
;TYPE:WALL-OUTER
G1 F600 X19.045 Y34.628 E25.04086
G1 X23.165 Y35.24 E25.24866
G1 X27.326 Y35.444 E25.4565
G1 X31.487 Y35.24 E25.66435
G1 X35.608 Y34.628 E25.8722
G1 X39.649 Y33.617 E26.08002
G1 X43.572 Y32.213 E26.28789
G1 X45.938 Y31.094 E26.41847
G1 X47.626 Y31.094 E26.50268
G1 X47.626 Y32.891 E26.59234
G1 X44.463 Y34.387 E26.7669
G1 X40.336 Y35.863 E26.98557
G1 X36.066 Y36.932 E27.20517
G1 X31.719 Y37.577 E27.42442
G1 X27.326 Y37.794 E27.64386
G1 X22.933 Y37.577 E27.86329
G1 X18.586 Y36.932 E28.08254
G1 X14.316 Y35.863 E28.30214
G1 X10.189 Y34.387 E28.52081
G1 X7.026 Y32.891 E28.69538
G1 X7.026 Y31.094 E28.78503
G1 X8.714 Y31.094 E28.86924
G1 X11.081 Y32.213 E28.99986
G1 X15.004 Y33.617 E29.20774
G0 F900 X15.974 Y33.859
G0 X15.852 Y34.344
G0 X14.775 Y34.374
;TYPE:SKIN
G1 F600 X18.891 Y35.404 E29.41942
G1 X23.087 Y36.027 E29.63105
G1 X27.326 Y36.234 E29.84279
G1 X31.565 Y36.027 E30.05453
G1 X35.762 Y35.404 E30.26621
G1 X39.878 Y34.374 E30.47789
G1 X43.875 Y32.944 E30.68968
G1 X46.117 Y31.884 E30.81341
G1 X46.836 Y31.884 E30.84928
G1 X46.836 Y32.39 E30.87452
G1 X44.153 Y33.658 E31.02257
G1 X40.103 Y35.107 E31.23717
G1 X35.92 Y36.154 E31.4523
G1 X31.646 Y36.788 E31.66786
G1 X27.326 Y37.003 E31.88366
G1 X23.006 Y36.788 E32.09945
G1 X18.732 Y36.154 E32.31501
G1 X14.549 Y35.107 E32.53014
G1 X10.499 Y33.658 E32.74474
G1 X7.816 Y32.39 E32.89279
G1 X7.816 Y31.884 E32.91803
G1 X8.535 Y31.884 E32.95391
G1 X10.778 Y32.944 E33.07768
G1 X14.775 Y34.374 E33.28947
G0 F900 X8.304 Y32.063
G1 F600 X8.983 Y32.742 E33.33737
G1 X9.053 Y32.812
G0 F900 X9.207 Y32.4
G1 F600 X10.057 Y33.25 E33.39734
G1 X10.127 Y33.32
G0 F900 X10.279 Y32.907
G1 F600 X11.03 Y33.657 E33.4503
G1 X11.1 Y33.727
G0 F900 X11.237 Y33.299
G1 F600 X11.91 Y33.972 E33.49778
G1 X11.98 Y34.042
G0 F900 X12.117 Y33.613
G1 F600 X12.79 Y34.286 E33.54526
G1 X12.86 Y34.356
G0 F900 X12.998 Y33.929
G1 F600 X13.671 Y34.601 E33.59271
G1 X13.741 Y34.671
G0 F900 X13.879 Y34.243
G1 F600 X14.551 Y34.916 E33.64016
G1 X14.621 Y34.986
G0 F900 X15.033 Y34.832
G1 F600 X15.787 Y35.021 E33.67943
G1 X16.542 Y35.209 E33.71873
G1 X17.296 Y35.398 E33.7579
G1 X18.051 Y35.587 E33.79721
G1 X18.786 Y35.757 E33.83513
G1 X19.47 Y35.875 E33.87037
G1 X20.135 Y35.974 E33.90425
G1 X20.799 Y36.072 E33.93807
G1 X21.463 Y36.171 E33.97189
G1 X22.127 Y36.269 E34.00572
G1 X22.791 Y36.367 E34.03954
G1 X23.413 Y36.424 E34.07132
G1 X24.008 Y36.454 E34.10127
G1 X24.603 Y36.483 E34.13136
G1 X25.198 Y36.512 E34.16145
G1 X25.794 Y36.542 E34.19159
G1 X26.388 Y36.571 E34.22178
G1 X26.984 Y36.601 E34.25208
G1 X27.554 Y36.605 E34.28094
G1 X28.094 Y36.579 E34.30832
G1 X28.633 Y36.552 E34.33565
G1 X29.172 Y36.526 E34.3629
G1 X29.711 Y36.499 E34.39023
G1 X30.25 Y36.473 E34.41742
G1 X30.789 Y36.446 E34.44462
G1 X31.328 Y36.419 E34.47174
G1 X31.844 Y36.37 E34.49773
G1 X32.337 Y36.297 E34.52278
G1 X32.83 Y36.224 E34.5479
G1 X33.322 Y36.151 E34.57296
G1 X33.815 Y36.078 E34.59807
G1 X34.308 Y36.005 E34.62318
G1 X34.8 Y35.932 E34.64825
G1 X35.293 Y35.859 E34.67336
G1 X35.782 Y35.782 E34.69824
G1 X36.242 Y35.677 E34.72237
G1 X36.695 Y35.564 E34.74595
G1 X37.147 Y35.45 E34.7695
G1 X37.6 Y35.337 E34.79314
G1 X38.053 Y35.224 E34.81679
G1 X38.505 Y35.111 E34.84032
G1 X38.958 Y34.998 E34.8639
G1 X39.41 Y34.884 E34.88739
G1 X39.863 Y34.771 E34.91092
G1 X40.289 Y34.632 E34.93378
G1 X40.706 Y34.484 E34.95613
G1 X41.123 Y34.335 E34.97855
G1 X41.539 Y34.185 E35.00089
G1 X41.956 Y34.036 E35.02326
G1 X42.372 Y33.887 E35.04564
G1 X42.789 Y33.738 E35.06801
G1 X43.206 Y33.589 E35.09037
G1 X43.622 Y33.44 E35.11275
G1 X44.035 Y33.287 E35.13478
G1 X44.421 Y33.107 E35.15635
G1 X44.805 Y32.926 E35.17768
G1 X45.189 Y32.744 E35.1991
G1 X45.574 Y32.563 E35.22048
G1 X45.958 Y32.381 E35.24189
G1 X46.349 Y32.207 E35.26266
G0 F900 X46.493 Y32.351
G1 F1500 E28.76266
G0 F900 X39.776 Y34.038
G0 X39.399 Y32.788
G0 X27.326 Y34.578
G0 X27.218 Y39.607
G0 X22.798 Y39.472
G0 X22.807 Y39.373
;TYPE:WALL-INNER
G1 F1500 E35.26266
G1 F600 X27.326 Y39.594 E35.48838
G1 X31.845 Y39.373 E35.7141
G1 X36.32 Y38.709 E35.93981
G1 X40.708 Y37.61 E36.16549
G1 X42.96 Y36.804 E36.28482
G1 X43.226 Y36.709 E36.29891
G1 X43.226 Y36.991 E36.30723
G1 X43.226 Y36.992 E36.30728
G1 X43.226 Y46.394 E36.77635
G1 X11.426 Y46.394 E38.36286
G1 X11.426 Y36.992 E38.83192
G1 X11.426 Y36.991 E38.83197
G1 X11.426 Y36.709 E38.84604
G1 X11.692 Y36.804 E38.85437
G1 X13.944 Y37.61 E38.97371
G1 X18.333 Y38.709 E39.19943
G1 X22.807 Y39.373 E39.42509
G0 F900 X22.798 Y39.472
G0 X18.774 Y38.821
G0 X13.938 Y37.711
G0 X14.06 Y37.227
;TYPE:WALL-OUTER
G1 F600 X18.411 Y38.316 E39.64886
G1 X22.846 Y38.974 E39.87254
G1 X27.326 Y39.194 E40.09632
G1 X31.806 Y38.974 E40.3201
G1 X36.242 Y38.316 E40.54383
G1 X40.592 Y37.227 E40.76755
G1 X43.359 Y36.236 E40.91418
G1 X43.626 Y36.141 E40.92832
G1 X43.626 Y36.424 E40.93668
G1 X43.626 Y36.425 E40.93673
G1 X43.626 Y46.794 E41.45404
G1 X11.026 Y46.794 E43.08046
G1 X11.026 Y36.425 E43.59777
G1 X11.026 Y36.424 E43.59782
G1 X11.026 Y36.141 E43.61194
G1 X11.293 Y36.236 E43.62031
G1 X14.06 Y37.227 E43.76694
G0 F900 X15.03 Y37.469
G0 X14.908 Y37.954
G0 X13.831 Y37.984
;TYPE:SKIN
G1 F600 X18.257 Y39.092 E43.99457
G1 X22.768 Y39.761 E44.22209
G1 X27.326 Y39.984 E44.44976
G1 X31.884 Y39.761 E44.67743
G1 X36.396 Y39.092 E44.90499
G1 X40.821 Y37.984 E45.13257
G1 X42.836 Y37.263 E45.23934
G1 X42.836 Y46.004 E45.67544
G1 X11.816 Y46.004 E47.22303
G1 X11.816 Y37.263 E47.65912
G1 X13.831 Y37.984 E47.76589
G0 F900 X12.447 Y45.823
G1 F600 X11.995 Y45.37 E47.79782
G0 F900 X11.995 Y44.805
G1 F600 X13.013 Y45.823 E47.86964
G1 X13.083 Y45.893
G0 F900 X13.579 Y45.823
G1 F600 X11.995 Y44.239 E47.9814
G1 X11.925 Y44.169
G0 F900 X11.995 Y43.673
G1 F600 X14.144 Y45.823 E48.13306
G1 X14.214 Y45.893
G0 F900 X14.71 Y45.823
G1 F600 X11.995 Y43.108 E48.32462
G1 X11.925 Y43.038
G0 F900 X11.995 Y42.542
G1 F600 X15.276 Y45.823 E48.55611
G1 X15.346 Y45.893
G0 F900 X15.842 Y45.823
G1 F600 X11.995 Y41.976 E48.82754
G1 X11.925 Y41.906
G0 F900 X11.995 Y41.411
G1 F600 X16.407 Y45.823 E49.13883
G1 X16.477 Y45.893
G0 F900 X16.973 Y45.823
G1 F600 X11.995 Y40.845 E49.49005
G1 X11.925 Y40.775
G0 F900 X11.995 Y40.279
G1 F600 X17.539 Y45.823 E49.88121
G1 X17.609 Y45.893
G0 F900 X18.104 Y45.823
G1 F600 X11.995 Y39.713 E50.31227
G1 X11.925 Y39.643
G0 F900 X11.995 Y39.148
G1 F600 X18.67 Y45.823 E50.78323
G1 X18.74 Y45.893
G0 F900 X19.236 Y45.823
G1 F600 X11.995 Y38.582 E51.29412
G1 X11.925 Y38.512
G0 F900 X11.995 Y38.016
G1 F600 X19.801 Y45.823 E51.84491
G1 X19.871 Y45.893
G0 F900 X20.367 Y45.823
G1 F600 X12.1 Y37.555 E52.42823
G1 X12.03 Y37.485
G0 F900 X12.981 Y37.871
G1 F600 X20.933 Y45.823 E52.98928
G1 X21.003 Y45.893
G0 F900 X21.498 Y45.823
G1 F600 X13.85 Y38.174 E53.52893
G1 X13.78 Y38.104
G0 F900 X14.604 Y38.363
G1 F600 X22.064 Y45.823 E54.05527
G1 X22.134 Y45.893
G0 F900 X22.63 Y45.823
G1 F600 X15.358 Y38.551 E54.56835
G1 X15.288 Y38.481
G0 F900 X16.112 Y38.74
G1 F600 X23.195 Y45.823 E55.06809
G1 X23.265 Y45.893
G0 F900 X23.761 Y45.823
G1 F600 X16.867 Y38.929 E55.5545
G1 X16.797 Y38.859
G0 F900 X17.621 Y39.117
G1 F600 X24.327 Y45.823 E56.02765
G1 X24.397 Y45.893
G0 F900 X24.892 Y45.823
G1 F600 X18.357 Y39.287 E56.48876
G1 X18.287 Y39.217
G0 F900 X19.021 Y39.386
G1 F600 X25.458 Y45.823 E56.94293
G1 X25.528 Y45.893
G0 F900 X26.024 Y45.823
G1 F600 X19.685 Y39.484 E57.39018
G1 X19.615 Y39.414
G0 F900 X20.349 Y39.583
G1 F600 X26.59 Y45.823 E57.83048
G1 X26.66 Y45.893
G0 F900 X27.155 Y45.823
G1 F600 X21.014 Y39.682 E58.26376
G1 X20.944 Y39.612
G0 F900 X21.678 Y39.78
G1 F600 X27.721 Y45.823 E58.69012
G1 X27.791 Y45.893
G0 F900 X28.287 Y45.823
G1 F600 X22.343 Y39.879 E59.10951
G1 X22.273 Y39.809
G0 F900 X22.98 Y39.95
G1 F600 X28.852 Y45.823 E59.52384
G1 X28.922 Y45.893
G0 F900 X29.418 Y45.823
G1 F600 X23.574 Y39.979 E59.93617
G1 X23.504 Y39.909
G0 F900 X24.169 Y40.008
G1 F600 X29.984 Y45.823 E60.34645
G1 X30.054 Y45.893
G0 F900 X30.549 Y45.823
G1 F600 X24.765 Y40.038 E60.75457
G1 X24.695 Y39.968
G0 F900 X25.359 Y40.067
G1 F600 X31.115 Y45.823 E61.16069
G1 X31.185 Y45.893
G0 F900 X31.681 Y45.823
G1 F600 X25.954 Y40.096 E61.56476
G1 X25.884 Y40.026
G0 F900 X26.549 Y40.125
G1 F600 X32.246 Y45.823 E61.96675
G1 X32.316 Y45.893
G0 F900 X32.812 Y45.823
G1 F600 X27.143 Y40.154 E62.36673
G1 X27.073 Y40.084
G0 F900 X27.7 Y40.145
G1 F600 X33.378 Y45.823 E62.76734
G1 X33.448 Y45.893
G0 F900 X33.943 Y45.823
G1 F600 X28.239 Y40.118 E63.16983
G1 X28.169 Y40.048
G0 F900 X28.778 Y40.092
G1 F600 X34.509 Y45.823 E63.57418
G1 X34.579 Y45.893
G0 F900 X35.075 Y45.823
G1 F600 X29.318 Y40.066 E63.98037
G1 X29.248 Y39.996
G0 F900 X29.857 Y40.039
G1 F600 X35.641 Y45.823 E64.38846
G1 X35.711 Y45.893
G0 F900 X36.206 Y45.823
G1 F600 X30.396 Y40.013 E64.79839
G1 X30.326 Y39.943
G0 F900 X30.935 Y39.986
G1 F600 X36.772 Y45.823 E65.21022
G1 X36.842 Y45.893
G0 F900 X37.338 Y45.823
G1 F600 X31.475 Y39.96 E65.62389
G1 X31.405 Y39.89
G0 F900 X32.005 Y39.924
G1 F600 X37.903 Y45.823 E66.04006
G1 X37.973 Y45.893
G0 F900 X38.469 Y45.823
G1 F600 X32.497 Y39.851 E66.46141
G1 X32.427 Y39.781
G0 F900 X32.99 Y39.778
G1 F600 X39.035 Y45.823 E66.88792
G1 X39.105 Y45.893
G0 F900 X39.6 Y45.823
G1 F600 X33.482 Y39.705 E67.31958
G1 X33.412 Y39.635
G0 F900 X33.975 Y39.631
G1 F600 X40.166 Y45.823 E67.75642
G1 X40.236 Y45.893
G0 F900 X40.732 Y45.823
G1 F600 X34.467 Y39.559 E68.19842
G1 X34.397 Y39.489
G0 F900 X34.96 Y39.485
G1 F600 X41.297 Y45.823 E68.64556
G1 X41.367 Y45.893
G0 F900 X41.863 Y45.823
G1 F600 X35.452 Y39.412 E69.09789
G1 X35.382 Y39.342
G0 F900 X35.945 Y39.339
G1 F600 X42.429 Y45.823 E69.55537
G1 X42.499 Y45.893
G0 F900 X42.655 Y45.483
G1 F600 X36.437 Y39.265 E69.99409
G1 X36.367 Y39.195
G0 F900 X36.889 Y39.152
G1 F600 X42.655 Y44.918 E70.40091
G1 X42.725 Y44.988
G0 F900 X42.655 Y44.352
G1 F600 X37.342 Y39.039 E70.77577
G1 X37.272 Y38.969
G0 F900 X37.794 Y38.926
G1 F600 X42.655 Y43.786 E71.1187
G1 X42.725 Y43.856
G0 F900 X42.655 Y43.221
G1 F600 X38.247 Y38.813 E71.42971
G1 X38.177 Y38.743
G0 F900 X38.699 Y38.699
G1 F600 X42.655 Y42.655 E71.70883
G1 X42.725 Y42.725
G0 F900 X42.655 Y42.089
G1 F600 X39.152 Y38.586 E71.95599
G1 X39.082 Y38.516
G0 F900 X39.605 Y38.473
G1 F600 X42.655 Y41.524 E72.17121
G1 X42.725 Y41.594
G0 F900 X42.655 Y40.958
G1 F600 X40.057 Y38.36 E72.35452
G1 X39.987 Y38.29
G0 F900 X40.51 Y38.247
G1 F600 X42.655 Y40.392 E72.50586
G1 X42.725 Y40.462
G0 F900 X42.655 Y39.827
G1 F600 X40.955 Y38.127 E72.6258
G1 X40.885 Y38.057
G0 F900 X41.372 Y37.977
G1 F600 X42.655 Y39.261 E72.71636
G1 X42.725 Y39.331
G0 F900 X42.655 Y38.695
G1 F600 X41.789 Y37.829 E72.77746
G1 X41.719 Y37.759
G0 F900 X42.205 Y37.68
G1 F600 X42.655 Y38.13 E72.80921
G1 F1500 E66.30921
G0 F900 X11.44 Y46.38
G0 X7.966 Y46.12
G0 X9.656 Y48.664
G0 X9.726 Y48.594
;TYPE:WALL-INNER
G1 F1500 E72.80921
G1 F600 X44.926 Y48.594 E74.56535
G1 X44.926 Y35.554 E75.21592
G1 X46.442 Y34.836 E75.2996
G1 X46.726 Y34.702 E75.31527
G1 X46.726 Y35.016 E75.32432
G1 X46.726 Y35.017 E75.32437
G1 X46.726 Y50.394 E76.09154
G1 X7.926 Y50.394 E78.02728
G1 X7.926 Y35.017 E78.79444
G1 X7.926 Y35.016 E78.79449
G1 X7.926 Y34.702 E78.81015
G1 X8.21 Y34.836 E78.81921
G1 X9.726 Y35.554 E78.9029
G1 X9.726 Y48.594 E79.55346
G0 F900 X10.126 Y48.194
;TYPE:WALL-OUTER
G1 F600 X44.526 Y48.194 E81.26969
G1 X44.526 Y35.289 E81.91352
G1 X44.624 Y35.254 E81.91871
G1 X46.842 Y34.204 E82.04114
G1 X47.126 Y34.07 E82.05681
G1 X47.126 Y34.384 E82.06586
G1 X47.126 Y34.385 E82.06591
G1 X47.126 Y50.794 E82.88456
G1 X7.526 Y50.794 E84.86021
G1 X7.526 Y34.385 E85.67886
G1 X7.526 Y34.384 E85.67891
G1 X7.526 Y34.07 E85.69458
G1 X7.81 Y34.204 E85.70363
G1 X10.028 Y35.254 E85.82606
G1 X10.126 Y35.289 E85.83126
G1 X10.126 Y48.194 E86.47509
G0 F900 X11.126 Y48.194
G0 X11.126 Y48.694
G0 X9.336 Y48.984
;TYPE:SKIN
G1 F600 X45.316 Y48.984 E88.27014
G1 X45.316 Y35.801 E88.92784
G1 X46.336 Y35.318 E88.98415
G1 X46.336 Y50.004 E89.71683
G1 X8.316 Y50.004 E91.61366
G1 X8.316 Y35.318 E92.34635
G1 X9.336 Y35.801 E92.40265
G1 X9.336 Y48.984 E93.06035
G0 F900 X9.094 Y49.823
G1 F600 X8.495 Y49.225 E93.10258
G1 X8.425 Y49.155
G0 F900 X8.495 Y48.659
G1 F600 X9.659 Y49.823 E93.18471
G1 X9.729 Y49.893
G0 F900 X10.225 Y49.823
G1 F600 X9.565 Y49.163 E93.23127
G1 X9.495 Y49.093
G0 F900 X10.13 Y49.163
G1 F600 X10.791 Y49.823 E93.27788
G1 X10.861 Y49.893
G0 F900 X11.356 Y49.823
G1 F600 X10.696 Y49.163 E93.32444
G1 X10.626 Y49.093
G0 F900 X11.262 Y49.163
G1 F600 X11.922 Y49.823 E93.37101
G1 X11.992 Y49.893
G0 F900 X12.488 Y49.823
G1 F600 X11.827 Y49.163 E93.41761
G1 X11.757 Y49.093
G0 F900 X12.393 Y49.163
G1 F600 X13.053 Y49.823 E93.46418
G1 X13.123 Y49.893
G0 F900 X13.619 Y49.823
G1 F600 X12.959 Y49.163 E93.51074
G1 X12.889 Y49.093
G0 F900 X13.524 Y49.163
G1 F600 X14.185 Y49.823 E93.55735
G1 X14.255 Y49.893
G0 F900 X14.75 Y49.823
G1 F600 X14.09 Y49.163 E93.60391
G1 X14.02 Y49.093
G0 F900 X14.656 Y49.163
G1 F600 X15.316 Y49.823 E93.65048
G1 X15.386 Y49.893
G0 F900 X15.882 Y49.823
G1 F600 X15.221 Y49.163 E93.69708
G1 X15.151 Y49.093
G0 F900 X15.787 Y49.163
G1 F600 X16.448 Y49.823 E93.74368
G1 X16.518 Y49.893
G0 F900 X17.013 Y49.823
G1 F600 X16.353 Y49.163 E93.79025
G1 X16.283 Y49.093
G0 F900 X16.918 Y49.163
G1 F600 X17.579 Y49.823 E93.83685
G1 X17.649 Y49.893
G0 F900 X18.145 Y49.823
G1 F600 X17.484 Y49.163 E93.88345
G1 X17.414 Y49.093
G0 F900 X18.05 Y49.163
G1 F600 X18.71 Y49.823 E93.93002
G1 X18.78 Y49.893
G0 F900 X19.276 Y49.823
G1 F600 X18.616 Y49.163 E93.97659
G1 X18.546 Y49.093
G0 F900 X19.181 Y49.163
G1 F600 X19.842 Y49.823 E94.02319
G1 X19.912 Y49.893
G0 F900 X20.407 Y49.823
G1 F600 X19.747 Y49.163 E94.06975
G1 X19.677 Y49.093
G0 F900 X20.313 Y49.163
G1 F600 X20.973 Y49.823 E94.11632
G1 X21.043 Y49.893
G0 F900 X21.539 Y49.823
G1 F600 X20.878 Y49.163 E94.16292
G1 X20.808 Y49.093
G0 F900 X21.444 Y49.163
G1 F600 X22.104 Y49.823 E94.20949
G1 X22.174 Y49.893
G0 F900 X22.67 Y49.823
G1 F600 X22.01 Y49.163 E94.25606
G1 X21.94 Y49.093
G0 F900 X22.575 Y49.163
G1 F600 X23.236 Y49.823 E94.30266
G1 X23.306 Y49.893
G0 F900 X23.801 Y49.823
G1 F600 X23.141 Y49.163 E94.34922
G1 X23.071 Y49.093
G0 F900 X23.707 Y49.163
G1 F600 X24.367 Y49.823 E94.39579
G1 X24.437 Y49.893
G0 F900 X24.933 Y49.823
G1 F600 X24.272 Y49.163 E94.44239
G1 X24.202 Y49.093
G0 F900 X24.838 Y49.163
G1 F600 X25.498 Y49.823 E94.48896
G1 X25.568 Y49.893
G0 F900 X26.064 Y49.823
G1 F600 X25.404 Y49.163 E94.53553
G1 X25.334 Y49.093
G0 F900 X25.969 Y49.163
G1 F600 X26.63 Y49.823 E94.58213
G1 X26.7 Y49.893
G0 F900 X27.196 Y49.823
G1 F600 X26.535 Y49.163 E94.62873
G1 X26.465 Y49.093
G0 F900 X27.101 Y49.163
G1 F600 X27.761 Y49.823 E94.6753
G1 X27.831 Y49.893
G0 F900 X28.327 Y49.823
G1 F600 X27.666 Y49.163 E94.7219
G1 X27.596 Y49.093
G0 F900 X28.232 Y49.163
G1 F600 X28.893 Y49.823 E94.7685
G1 X28.963 Y49.893
G0 F900 X29.458 Y49.823
G1 F600 X28.798 Y49.163 E94.81507
G1 X28.728 Y49.093
G0 F900 X29.364 Y49.163
G1 F600 X30.024 Y49.823 E94.86163
G1 X30.094 Y49.893
G0 F900 X30.59 Y49.823
G1 F600 X29.929 Y49.163 E94.90823
G1 X29.859 Y49.093
G0 F900 X30.495 Y49.163
G1 F600 X31.155 Y49.823 E94.9548
G1 X31.225 Y49.893
G0 F900 X31.721 Y49.823
G1 F600 X31.061 Y49.163 E95.00137
G1 X30.991 Y49.093
G0 F900 X31.626 Y49.163
G1 F600 X32.287 Y49.823 E95.04797
G1 X32.357 Y49.893
G0 F900 X32.852 Y49.823
G1 F600 X32.192 Y49.163 E95.09454
G1 X32.122 Y49.093
G0 F900 X32.758 Y49.163
G1 F600 X33.418 Y49.823 E95.1411
G1 X33.488 Y49.893
G0 F900 X33.984 Y49.823
G1 F600 X33.323 Y49.163 E95.1877
G1 X33.253 Y49.093
G0 F900 X33.889 Y49.163
G1 F600 X34.549 Y49.823 E95.23427
G1 X34.619 Y49.893
G0 F900 X35.115 Y49.823
G1 F600 X34.455 Y49.163 E95.28084
G1 X34.385 Y49.093
G0 F900 X35.02 Y49.163
G1 F600 X35.681 Y49.823 E95.32744
G1 X35.751 Y49.893
G0 F900 X36.247 Y49.823
G1 F600 X35.586 Y49.163 E95.37404
G1 X35.516 Y49.093
G0 F900 X36.152 Y49.163
G1 F600 X36.812 Y49.823 E95.42061
G1 X36.882 Y49.893
G0 F900 X37.378 Y49.823
G1 F600 X36.717 Y49.163 E95.46721
G1 X36.647 Y49.093
G0 F900 X37.283 Y49.163
G1 F600 X37.944 Y49.823 E95.51381
G1 X38.014 Y49.893
G0 F900 X38.509 Y49.823
G1 F600 X37.849 Y49.163 E95.56038
G1 X37.779 Y49.093
G0 F900 X38.414 Y49.163
G1 F600 X39.075 Y49.823 E95.60698
G1 X39.145 Y49.893
G0 F900 X39.641 Y49.823
G1 F600 X38.98 Y49.163 E95.65358
G1 X38.91 Y49.093
G0 F900 X39.546 Y49.163
G1 F600 X40.206 Y49.823 E95.70015
G1 X40.276 Y49.893
G0 F900 X40.772 Y49.823
G1 F600 X40.112 Y49.163 E95.74672
G1 X40.042 Y49.093
G0 F900 X40.677 Y49.163
G1 F600 X41.338 Y49.823 E95.79332
G1 X41.408 Y49.893
G0 F900 X41.903 Y49.823
G1 F600 X41.243 Y49.163 E95.83988
G1 X41.173 Y49.093
G0 F900 X41.809 Y49.163
G1 F600 X42.469 Y49.823 E95.88645
G1 X42.539 Y49.893
G0 F900 X43.035 Y49.823
G1 F600 X42.374 Y49.163 E95.93305
G1 X42.304 Y49.093
G0 F900 X42.94 Y49.163
G1 F600 X43.6 Y49.823 E95.97962
G1 X43.67 Y49.893
G0 F900 X44.166 Y49.823
G1 F600 X43.506 Y49.163 E96.02619
G1 X43.436 Y49.093
G0 F900 X44.071 Y49.163
G1 F600 X44.732 Y49.823 E96.07279
G1 X44.802 Y49.893
G0 F900 X45.297 Y49.823
G1 F600 X44.637 Y49.163 E96.11935
G1 X44.567 Y49.093
G0 F900 X45.203 Y49.163
G1 F600 X45.863 Y49.823 E96.16592
G1 X45.933 Y49.893
G0 F900 X46.156 Y49.55
G1 F600 X45.495 Y48.889 E96.21256
G1 X45.425 Y48.819
G0 F900 X45.495 Y48.323
G1 F600 X46.156 Y48.984 E96.25919
G1 X46.226 Y49.054
G0 F900 X46.156 Y48.419
G1 F600 X45.495 Y47.757 E96.30587
G1 X45.425 Y47.687
G0 F900 X45.495 Y47.192
G1 F600 X46.156 Y47.853 E96.3525
G1 X46.226 Y47.923
G0 F900 X46.156 Y47.287
G1 F600 X45.495 Y46.626 E96.39914
G1 X45.425 Y46.556
G0 F900 X45.495 Y46.06
G1 F600 X46.156 Y46.722 E96.44581
G1 X46.226 Y46.792
G0 F900 X46.156 Y46.156
G1 F600 X45.495 Y45.495 E96.49245
G1 X45.425 Y45.425
G0 F900 X45.495 Y44.929
G1 F600 X46.156 Y45.59 E96.53909
G1 X46.226 Y45.66
G0 F900 X46.156 Y45.025
G1 F600 X45.495 Y44.363 E96.58576
G1 X45.425 Y44.293
G0 F900 X45.495 Y43.798
G1 F600 X46.156 Y44.459 E96.6324
G1 X46.226 Y44.529
G0 F900 X46.156 Y43.893
G1 F600 X45.495 Y43.232 E96.67903
G1 X45.425 Y43.162
G0 F900 X45.495 Y42.666
G1 F600 X46.156 Y43.327 E96.72567
G1 X46.226 Y43.397
G0 F900 X46.156 Y42.762
G1 F600 X45.495 Y42.101 E96.77231
G1 X45.425 Y42.031
G0 F900 X45.495 Y41.535
G1 F600 X46.155 Y42.195 E96.81888
G1 X46.225 Y42.265
G0 F900 X46.155 Y41.63
G1 F600 X45.495 Y40.969 E96.86548
G1 X45.425 Y40.899
G0 F900 X45.495 Y40.404
G1 F600 X46.155 Y41.064 E96.91204
G1 X46.225 Y41.134
G0 F900 X46.155 Y40.498
G1 F600 X45.495 Y39.838 E96.95861
G1 X45.425 Y39.768
G0 F900 X45.495 Y39.272
G1 F600 X46.155 Y39.933 E97.00521
G1 X46.225 Y40.003
G0 F900 X46.155 Y39.367
G1 F600 X45.495 Y38.707 E97.05178
G1 X45.425 Y38.637
G0 F900 X45.495 Y38.141
G1 F600 X46.155 Y38.801 E97.09835
G1 X46.225 Y38.871
G0 F900 X46.155 Y38.236
G1 F600 X45.495 Y37.575 E97.14495
G1 X45.425 Y37.505
G0 F900 X45.495 Y37.009
G1 F600 X46.155 Y37.67 E97.19155
G1 X46.225 Y37.74
G0 F900 X46.155 Y37.104
G1 F600 X45.495 Y36.444 E97.23812
G1 X45.425 Y36.374
G0 F900 X45.52 Y35.904
G1 F600 X46.155 Y36.539 E97.28292
G1 X46.225 Y36.609
G0 F900 X46.155 Y35.973
G1 F600 X45.903 Y35.721 E97.3007
G0 F900 X44.954 Y48.622
G0 X9.698 Y48.622
G0 X9.156 Y36.309
G1 F600 X8.495 Y35.648 E97.34734
G1 X8.425 Y35.578
G0 F900 X8.495 Y36.214
G1 F600 X9.156 Y36.874 E97.39394
G1 X9.226 Y36.944
G0 F900 X9.156 Y37.44
G1 F600 X8.495 Y36.78 E97.44054
G1 X8.425 Y36.71
G0 F900 X8.495 Y37.345
G1 F600 X9.156 Y38.006 E97.48718
G1 X9.226 Y38.076
G0 F900 X9.156 Y38.571
G1 F600 X8.495 Y37.911 E97.53378
G1 X8.425 Y37.841
G0 F900 X8.495 Y38.477
G1 F600 X9.156 Y39.137 E97.58038
G1 X9.226 Y39.207
G0 F900 X9.156 Y39.703
G1 F600 X8.495 Y39.042 E97.62702
G1 X8.425 Y38.972
G0 F900 X8.495 Y39.608
G1 F600 X9.156 Y40.269 E97.67365
G1 X9.226 Y40.339
G0 F900 X9.156 Y40.834
G1 F600 X8.495 Y40.174 E97.72026
G1 X8.425 Y40.104
G0 F900 X8.495 Y40.739
G1 F600 X9.156 Y41.4 E97.76689
G1 X9.226 Y41.47
G0 F900 X9.156 Y41.966
G1 F600 X8.495 Y41.305 E97.81353
G1 X8.425 Y41.235
G0 F900 X8.495 Y41.871
G1 F600 X9.156 Y42.531 E97.86013
G1 X9.226 Y42.601
G0 F900 X9.156 Y43.097
G1 F600 X8.495 Y42.437 E97.90673
G1 X8.425 Y42.367
G0 F900 X8.495 Y43.002
G1 F600 X9.156 Y43.663 E97.95337
G1 X9.226 Y43.733
G0 F900 X9.156 Y44.228
G1 F600 X8.495 Y43.568 E97.99997
G1 X8.425 Y43.498
G0 F900 X8.495 Y44.134
G1 F600 X9.156 Y44.794 E98.04657
G1 X9.226 Y44.864
G0 F900 X9.156 Y45.36
G1 F600 X8.495 Y44.699 E98.09321
G1 X8.425 Y44.629
G0 F900 X8.495 Y45.265
G1 F600 X9.156 Y45.925 E98.13981
G1 X9.226 Y45.995
G0 F900 X9.156 Y46.491
G1 F600 X8.495 Y45.831 E98.18642
G1 X8.425 Y45.761
G0 F900 X8.495 Y46.396
G1 F600 X9.156 Y47.057 E98.23305
G1 X9.226 Y47.127
G0 F900 X9.156 Y47.622
G1 F600 X8.495 Y46.962 E98.27965
G1 X8.425 Y46.892
G0 F900 X8.495 Y47.528
G1 F600 X9.156 Y48.188 E98.32626
G1 X9.226 Y48.258
G0 F900 X9.156 Y48.754
G1 F600 X8.495 Y48.093 E98.37289
G1 X8.425 Y48.023
G1 F1500 E91.87289
G0 F900 X7.966 Y43.983
G0 X6.661 Y43.983
G0 X6.168 Y33.435
G0 X6.173 Y30.241
G0 X8.908 Y30.23
G0 X23.25 Y34.38
G0 X23.123 Y35.678
G0 X23.117 Y35.738
G0 X23.126 Y35.639
;TIME_ELAPSED:224.667457
;LAYER:1
M106 S255
G0 F1350 X23.126 Y35.639 Z0.65
;TYPE:WALL-INNER
G1 F1500 E98.37289
G1 F900 X27.326 Y35.844 E98.61765
G1 X31.526 Y35.639 E98.8624
G1 X35.686 Y35.021 E99.10719
G1 X39.765 Y34 E99.35193
G1 X43.725 Y32.583 E99.59674
G1 X46.029 Y31.494 E99.74507
G1 X47.226 Y31.494 E99.81474
G1 X47.226 Y32.637 E99.88127
G1 X44.31 Y34.016 E100.06902
G1 X40.215 Y35.481 E100.32216
G1 X35.992 Y36.538 E100.57555
G1 X31.681 Y37.178 E100.82922
G1 X27.326 Y37.393 E101.08301
G1 X22.971 Y37.178 E101.3368
G1 X18.66 Y36.538 E101.59048
G1 X14.437 Y35.481 E101.84386
G1 X10.342 Y34.016 E102.097
G1 X7.426 Y32.637 E102.28475
G1 X7.426 Y31.494 E102.35128
G1 X8.623 Y31.494 E102.42095
G1 X10.928 Y32.583 E102.56934
G1 X14.888 Y34 E102.81414
G1 X18.967 Y35.021 E103.05888
G1 X23.126 Y35.639 E103.30362
G0 F1350 X23.117 Y35.738
G0 X19.376 Y35.128
G0 X14.837 Y34.087
G0 X15.004 Y33.617
;TYPE:WALL-OUTER
G1 F600 X19.045 Y34.628 E103.54607
G1 X23.165 Y35.24 E103.78851
G1 X27.326 Y35.444 E104.03099
G1 X31.487 Y35.24 E104.27348
G1 X35.608 Y34.628 E104.51597
G1 X39.649 Y33.617 E104.75843
G1 X43.572 Y32.213 E105.00095
G1 X45.938 Y31.094 E105.15329
G1 X47.626 Y31.094 E105.25154
G1 X47.626 Y32.891 E105.35613
G1 X44.463 Y34.387 E105.55979
G1 X40.336 Y35.863 E105.8149
G1 X36.066 Y36.932 E106.07111
G1 X31.719 Y37.577 E106.3269
G1 X27.326 Y37.794 E106.58291
G1 X22.933 Y37.577 E106.83891
G1 X18.586 Y36.932 E107.0947
G1 X14.316 Y35.863 E107.35091
G1 X10.189 Y34.387 E107.60602
G1 X7.026 Y32.891 E107.80968
G1 X7.026 Y31.094 E107.91427
G1 X8.714 Y31.094 E108.01252
G1 X11.081 Y32.213 E108.16492
G1 X15.004 Y33.617 E108.40744
G0 F1350 X15.974 Y33.859
G0 X15.852 Y34.344
G0 X14.775 Y34.374
;TYPE:SKIN
G1 F600 X18.891 Y35.404 E108.6544
G1 X23.087 Y36.027 E108.9013
G1 X27.326 Y36.234 E109.14833
G1 X31.565 Y36.027 E109.39536
G1 X35.762 Y35.404 E109.64232
G1 X39.878 Y34.374 E109.88928
G1 X43.875 Y32.944 E110.13637
G1 X46.117 Y31.884 E110.28071
G1 X46.836 Y31.884 E110.32256
G1 X46.836 Y32.39 E110.35202
G1 X44.153 Y33.658 E110.52474
G1 X40.103 Y35.107 E110.77511
G1 X35.92 Y36.154 E111.02609
G1 X31.646 Y36.788 E111.27758
G1 X27.326 Y37.003 E111.52934
G1 X23.006 Y36.788 E111.7811
G1 X18.732 Y36.154 E112.03259
G1 X14.549 Y35.107 E112.28357
G1 X10.499 Y33.658 E112.53394
G1 X7.816 Y32.39 E112.70666
G1 X7.816 Y31.884 E112.73611
G1 X8.535 Y31.884 E112.77796
G1 X10.778 Y32.944 E112.92236
G1 X14.775 Y34.374 E113.16945
G0 F1350 X7.995 Y32.167
G0 X8.047 Y32.115
G1 F600 X8.458 Y32.27 E113.18626
G1 X8.842 Y32.451 E113.21128
G1 X9.226 Y32.633 E113.23645
G1 X9.61 Y32.815 E113.26167
G1 X9.994 Y32.996 E113.28675
G1 X10.379 Y33.178 E113.31191
G1 X10.773 Y33.349 E113.33766
G1 X11.19 Y33.498 E113.36402
G1 X11.606 Y33.647 E113.39032
G1 X12.023 Y33.796 E113.41661
G1 X12.44 Y33.945 E113.4429
G1 X12.857 Y34.094 E113.46925
G1 X13.273 Y34.243 E113.49555
G1 X13.69 Y34.392 E113.5219
G1 X14.107 Y34.541 E113.54826
G1 X14.523 Y34.69 E113.57456
G1 X14.964 Y34.815 E113.60157
G1 X15.417 Y34.928 E113.62929
G1 X15.869 Y35.041 E113.65695
G1 X16.322 Y35.154 E113.6846
G1 X16.774 Y35.267 E113.71219
G1 X17.226 Y35.381 E113.73973
G1 X17.679 Y35.494 E113.76731
G1 X18.131 Y35.608 E113.79485
G1 X18.584 Y35.721 E113.8225
G1 X19.057 Y35.814 E113.85105
G1 X19.549 Y35.886 E113.88036
G1 X20.042 Y35.96 E113.90981
G1 X20.534 Y36.033 E113.93912
G1 X21.027 Y36.106 E113.96849
G1 X21.519 Y36.179 E113.9978
G1 X22.012 Y36.252 E114.02717
G1 X22.504 Y36.325 E114.05649
G1 X23.002 Y36.393 E114.08633
G1 X23.532 Y36.43 E114.11733
G1 X24.071 Y36.456 E114.14905
G1 X24.61 Y36.482 E114.18085
G1 X25.149 Y36.51 E114.21282
G1 X25.688 Y36.536 E114.2447
G1 X26.227 Y36.563 E114.27674
G1 X26.766 Y36.589 E114.30878
G1 X27.314 Y36.607 E114.34165
G1 X27.898 Y36.589 E114.37616
G1 X28.493 Y36.56 E114.41162
G1 X29.088 Y36.53 E114.4469
G1 X29.683 Y36.501 E114.48218
G1 X30.278 Y36.471 E114.51729
G1 X30.873 Y36.442 E114.5524
G1 X31.474 Y36.407 E114.58796
G1 X32.117 Y36.33 E114.62575
G1 X32.781 Y36.231 E114.66522
G1 X33.445 Y36.133 E114.70477
G1 X34.11 Y36.034 E114.74449
G1 X34.774 Y35.935 E114.78396
G1 X35.438 Y35.837 E114.82351
G1 X36.139 Y35.701 E114.86612
G1 X36.891 Y35.515 E114.91211
G1 X37.646 Y35.326 E114.95809
G1 X38.4 Y35.137 E115.00401
G1 X39.155 Y34.949 E115.04998
G1 X39.931 Y34.738 E115.09749
G1 X40.302 Y34.368
G0 F1350 X40.44 Y34.796
G1 F600 X41.113 Y34.122 E115.15292
G1 X41.183 Y34.052
G0 F1350 X41.321 Y34.48
G1 F600 X41.993 Y33.808 E115.20824
G1 X42.063 Y33.738
G0 F1350 X42.201 Y34.165
G1 F600 X42.874 Y33.492 E115.26364
G1 X42.944 Y33.422
G0 F1350 X43.082 Y33.85
G1 F600 X43.755 Y33.177 E115.31904
G1 X43.825 Y33.107
G0 F1350 X43.962 Y33.535
G1 F600 X44.786 Y32.712 E115.38682
G1 X44.856 Y32.642
G0 F1350 X45.01 Y33.053
G1 F600 X45.86 Y32.204 E115.45675
G1 X45.93 Y32.134
G0 F1350 X46.083 Y32.546
G1 F600 X46.566 Y32.063 E115.49651
G1 F1500 E108.99651
G0 F1350 X39.776 Y34.038
G0 X39.399 Y32.788
G0 X27.326 Y34.578
G0 X27.218 Y39.607
G0 X22.798 Y39.472
G0 X22.807 Y39.373
;TYPE:WALL-INNER
G1 F1500 E115.49651
G1 F900 X27.326 Y39.594 E115.75985
G1 X31.845 Y39.373 E116.02319
G1 X36.32 Y38.709 E116.28651
G1 X40.708 Y37.61 E116.54981
G1 X42.96 Y36.804 E116.68903
G1 X43.226 Y36.709 E116.70547
G1 X43.226 Y36.991 E116.71517
G1 X43.226 Y36.992 E116.71523
G1 X43.226 Y46.394 E117.26248
G1 X11.426 Y46.394 E119.1134
G1 X11.426 Y36.992 E119.66065
G1 X11.426 Y36.991 E119.66071
G1 X11.426 Y36.709 E119.67712
G1 X11.692 Y36.804 E119.68684
G1 X13.944 Y37.61 E119.82606
G1 X18.333 Y38.709 E120.08941
G1 X22.807 Y39.373 E120.35268
G0 F1350 X22.798 Y39.472
G0 X18.774 Y38.821
G0 X13.938 Y37.711
G0 X14.06 Y37.227
;TYPE:WALL-OUTER
G1 F600 X18.411 Y38.316 E120.61374
G1 X22.846 Y38.974 E120.8747
G1 X27.326 Y39.194 E121.13578
G1 X31.806 Y38.974 E121.39685
G1 X36.242 Y38.316 E121.65788
G1 X40.592 Y37.227 E121.91888
G1 X43.359 Y36.236 E122.08995
G1 X43.626 Y36.141 E122.10645
G1 X43.626 Y36.424 E122.1162
G1 X43.626 Y36.425 E122.11626
G1 X43.626 Y46.794 E122.71979
G1 X11.026 Y46.794 E124.61728
G1 X11.026 Y36.425 E125.22081
G1 X11.026 Y36.424 E125.22087
G1 X11.026 Y36.141 E125.23734
G1 X11.293 Y36.236 E125.2471
G1 X14.06 Y37.227 E125.41817
G0 F1350 X15.03 Y37.469
G0 X14.908 Y37.954
G0 X13.831 Y37.984
;TYPE:SKIN
G1 F600 X18.257 Y39.092 E125.68374
G1 X22.768 Y39.761 E125.94917
G1 X27.326 Y39.984 E126.21479
G1 X31.884 Y39.761 E126.48041
G1 X36.396 Y39.092 E126.7459
G1 X40.821 Y37.984 E127.01141
G1 X42.836 Y37.263 E127.13598
G1 X42.836 Y46.004 E127.64475
G1 X11.816 Y46.004 E129.45027
G1 X11.816 Y37.263 E129.95905
G1 X13.831 Y37.984 E130.08361
G0 F1350 X12.191 Y37.588
G0 X12.093 Y37.686
G1 F600 X12.302 Y38.042 E130.11689
G1 X12.679 Y37.666
G0 F1350 X13.025 Y37.886
G1 F600 X11.996 Y38.915 E130.20159
G1 X11.926 Y38.985
G0 F1350 X11.996 Y39.481
G1 F600 X13.442 Y38.035 E130.32062
G1 X13.512 Y37.965
G0 F1350 X13.864 Y38.178
G1 F600 X11.996 Y40.046 E130.47438
G1 X11.926 Y40.116
G0 F1350 X11.996 Y40.612
G1 F600 X14.317 Y38.291 E130.66544
G1 X14.387 Y38.221
G0 F1350 X14.77 Y38.404
G1 F600 X11.996 Y41.178 E130.89378
G1 X11.926 Y41.248
G0 F1350 X11.996 Y41.744
G1 F600 X15.222 Y38.517 E131.15936
G1 X15.292 Y38.447
G0 F1350 X15.675 Y38.63
G1 F600 X11.996 Y42.309 E131.4622
G1 X11.926 Y42.379
G0 F1350 X11.996 Y42.875
G1 F600 X16.127 Y38.743 E131.80228
G1 X16.197 Y38.673
G0 F1350 X16.58 Y38.856
G1 F600 X11.996 Y43.441 E132.17965
G1 X11.926 Y43.511
G0 F1350 X11.996 Y44.006
G1 F600 X17.032 Y38.97 E132.59419
G1 X17.102 Y38.9
G0 F1350 X17.485 Y39.083
G1 F600 X11.996 Y44.572 E133.04602
G1 X11.926 Y44.642
G0 F1350 X11.996 Y45.138
G1 F600 X17.937 Y39.196 E133.53509
G1 X18.007 Y39.126
G0 F1350 X18.405 Y39.293
G1 F600 X11.996 Y45.703 E134.06268
G1 X11.926 Y45.773
G0 F1350 X12.442 Y45.823
G1 F600 X18.898 Y39.367 E134.59411
G1 X18.968 Y39.297
G0 F1350 X19.39 Y39.44
G1 F600 X13.007 Y45.823 E135.11952
G1 X12.937 Y45.893
G0 F1350 X13.573 Y45.823
G1 F600 X19.883 Y39.513 E135.63893
G1 X19.953 Y39.443
G0 F1350 X20.375 Y39.586
G1 F600 X14.139 Y45.823 E136.15228
G1 X14.069 Y45.893
G0 F1350 X14.704 Y45.823
G1 F600 X20.868 Y39.659 E136.65967
G1 X20.938 Y39.589
G0 F1350 X21.36 Y39.733
G1 F600 X15.27 Y45.823 E137.16097
G1 X15.2 Y45.893
G0 F1350 X15.836 Y45.823
G1 F600 X21.853 Y39.805 E137.65629
G1 X21.923 Y39.735
G0 F1350 X22.346 Y39.878
G1 F600 X16.402 Y45.823 E138.14561
G1 X16.332 Y45.893
G0 F1350 X16.967 Y45.823
G1 F600 X22.847 Y39.943 E138.62962
G1 X22.917 Y39.873
G0 F1350 X23.386 Y39.969
G1 F600 X17.533 Y45.823 E139.11145
G1 X17.463 Y45.893
G0 F1350 X18.099 Y45.823
G1 F600 X23.925 Y39.996 E139.59106
G1 X23.995 Y39.926
G0 F1350 X24.465 Y40.022
G1 F600 X18.664 Y45.823 E140.06857
G1 X18.594 Y45.893
G0 F1350 X19.23 Y45.823
G1 F600 X25.004 Y40.049 E140.54385
G1 X25.074 Y39.979
G0 F1350 X25.544 Y40.075
G1 F600 X19.796 Y45.823 E141.01699
G1 X19.726 Y45.893
G0 F1350 X20.361 Y45.823
G1 F600 X26.083 Y40.102 E141.48796
G1 X26.153 Y40.032
G0 F1350 X26.622 Y40.128
G1 F600 X20.927 Y45.823 E141.95674
G1 X20.857 Y45.893
G0 F1350 X21.493 Y45.823
G1 F600 X27.162 Y40.154 E142.42338
G1 X27.232 Y40.084
G0 F1350 X27.739 Y40.142
G1 F600 X22.058 Y45.823 E142.89101
G1 X21.988 Y45.893
G0 F1350 X22.624 Y45.823
G1 F600 X28.334 Y40.113 E143.36103
G1 X28.404 Y40.043
G0 F1350 X28.929 Y40.084
G1 F600 X23.19 Y45.823 E143.83343
G1 X23.12 Y45.893
G0 F1350 X23.755 Y45.823
G1 F600 X29.523 Y40.055 E144.30822
G1 X29.593 Y39.985
G0 F1350 X30.118 Y40.026
G1 F600 X24.321 Y45.823 E144.7854
G1 X24.251 Y45.893
G0 F1350 X24.887 Y45.823
G1 F600 X30.713 Y39.997 E145.26496
G1 X30.783 Y39.927
G0 F1350 X31.308 Y39.967
G1 F600 X25.453 Y45.823 E145.74696
G1 X25.383 Y45.893
G0 F1350 X26.018 Y45.823
G1 F600 X31.903 Y39.938 E146.23138
G1 X31.973 Y39.868
G0 F1350 X32.567 Y39.84
G1 F600 X26.584 Y45.823 E146.72387
G1 X26.514 Y45.893
G0 F1350 X27.15 Y45.823
G1 F600 X33.231 Y39.741 E147.22446
G1 X33.301 Y39.671
G0 F1350 X33.895 Y39.643
G1 F600 X27.715 Y45.823 E147.73317
G1 X27.645 Y45.893
G0 F1350 X28.281 Y45.823
G1 F600 X34.56 Y39.544 E148.25002
G1 X34.63 Y39.474
G0 F1350 X35.224 Y39.445
G1 F600 X28.847 Y45.823 E148.77498
G1 X28.777 Y45.893
G0 F1350 X29.412 Y45.823
G1 F600 X35.889 Y39.346 E149.30814
G1 X35.959 Y39.276
G0 F1350 X36.569 Y39.232
G1 F600 X29.978 Y45.823 E149.85067
G1 X29.908 Y45.893
G0 F1350 X30.544 Y45.823
G1 F600 X37.323 Y39.043 E150.40872
G1 X37.393 Y38.973
G0 F1350 X38.078 Y38.854
G1 F600 X31.109 Y45.823 E150.98237
G1 X31.039 Y45.893
G0 F1350 X31.675 Y45.823
G1 F600 X38.832 Y38.666 E151.5715
G1 X38.902 Y38.596
G0 F1350 X39.586 Y38.477
G1 F600 X32.241 Y45.823 E152.17614
G1 X32.171 Y45.893
G0 F1350 X32.806 Y45.823
G1 F600 X40.341 Y38.289 E152.79634
G1 X40.411 Y38.219
G0 F1350 X41.133 Y38.062
G1 F600 X33.372 Y45.823 E153.43519
G1 X33.302 Y45.893
G0 F1350 X33.938 Y45.823
G1 F600 X42.013 Y37.748 E154.09988
G1 X42.083 Y37.678
G0 F1350 X42.655 Y37.671
G1 F600 X34.503 Y45.823 E154.77091
G1 X34.433 Y45.893
G0 F1350 X35.069 Y45.823
G1 F600 X42.655 Y38.237 E155.39534
G1 X42.725 Y38.167
G0 F1350 X42.655 Y38.803
G1 F600 X35.635 Y45.823 E155.97319
G1 X35.565 Y45.893
G0 F1350 X36.201 Y45.823
G1 F600 X42.655 Y39.368 E156.50449
G1 X42.725 Y39.298
G0 F1350 X42.655 Y39.934
G1 F600 X36.766 Y45.823 E156.98924
G1 X36.696 Y45.893
G0 F1350 X37.332 Y45.823
G1 F600 X42.655 Y40.5 E157.4274
G1 X42.725 Y40.43
G0 F1350 X42.655 Y41.065
G1 F600 X37.898 Y45.823 E157.81902
G1 X37.828 Y45.893
G0 F1350 X38.463 Y45.823
G1 F600 X42.655 Y41.631 E158.16408
G1 X42.725 Y41.561
G0 F1350 X42.655 Y42.197
G1 F600 X39.029 Y45.823 E158.46255
G1 X38.959 Y45.893
G0 F1350 X39.595 Y45.823
G1 F600 X42.655 Y42.762 E158.71448
G1 X42.725 Y42.692
G0 F1350 X42.655 Y43.328
G1 F600 X40.16 Y45.823 E158.91985
G1 X40.09 Y45.893
G0 F1350 X40.726 Y45.823
G1 F600 X42.655 Y43.894 E159.07864
G1 X42.725 Y43.824
G0 F1350 X42.655 Y44.46
G1 F600 X41.292 Y45.823 E159.19083
G1 X41.222 Y45.893
G0 F1350 X41.857 Y45.823
G1 F600 X42.655 Y45.025 E159.25652
G1 X42.725 Y44.955
G0 F1350 X42.655 Y45.591
G1 F600 X42.423 Y45.823 E159.27562
G1 F1500 E152.77562
G0 F1350 X11.44 Y46.38
G0 X7.966 Y46.12
G0 X9.656 Y48.664
G0 X9.726 Y48.594
;TYPE:WALL-INNER
G1 F1500 E159.27562
G1 F900 X44.926 Y48.594 E161.32444
G1 X44.926 Y35.554 E162.08344
G1 X46.442 Y34.836 E162.18107
G1 X46.726 Y34.702 E162.19935
G1 X46.726 Y35.016 E162.20991
G1 X46.726 Y35.017 E162.20997
G1 X46.726 Y50.394 E163.10499
G1 X7.926 Y50.394 E165.36336
G1 X7.926 Y35.017 E166.25838
G1 X7.926 Y35.016 E166.25844
G1 X7.926 Y34.702 E166.27671
G1 X8.21 Y34.836 E166.28728
G1 X9.726 Y35.554 E166.38491
G1 X9.726 Y48.594 E167.14391
G0 F1350 X10.126 Y48.194
;TYPE:WALL-OUTER
G1 F600 X44.526 Y48.194 E169.14617
G1 X44.526 Y35.289 E169.89731
G1 X44.624 Y35.254 E169.90337
G1 X46.842 Y34.204 E170.0462
G1 X47.126 Y34.07 E170.06448
G1 X47.126 Y34.384 E170.07504
G1 X47.126 Y34.385 E170.0751
G1 X47.126 Y50.794 E171.03019
G1 X7.526 Y50.794 E173.33512
G1 X7.526 Y34.385 E174.29021
G1 X7.526 Y34.384 E174.29027
G1 X7.526 Y34.07 E174.30854
G1 X7.81 Y34.204 E174.31911
G1 X10.028 Y35.254 E174.46194
G1 X10.126 Y35.289 E174.468
G1 X10.126 Y48.194 E175.21914
G0 F1350 X11.126 Y48.194
G0 X11.126 Y48.694
G0 X9.336 Y48.984
;TYPE:SKIN
G1 F600 X45.316 Y48.984 E177.31336
G1 X45.316 Y35.801 E178.08068
G1 X46.336 Y35.318 E178.14637
G1 X46.336 Y50.004 E179.00117
G1 X8.316 Y50.004 E181.21414
G1 X8.316 Y35.318 E182.06894
G1 X9.336 Y35.801 E182.13463
G1 X9.336 Y48.984 E182.90195
G0 F1350 X8.897 Y35.791
G1 F600 X8.495 Y36.193 E182.93504
G0 F1350 X8.495 Y36.758
G1 F600 X9.156 Y36.098 E182.98941
G1 X9.226 Y36.028
G0 F1350 X9.156 Y36.664
G1 F600 X8.495 Y37.324 E183.04377
G1 X8.425 Y37.394
G0 F1350 X8.495 Y37.89
G1 F600 X9.156 Y37.229 E183.09818
G1 X9.226 Y37.159
G0 F1350 X9.156 Y37.795
G1 F600 X8.495 Y38.456 E183.15259
G1 X8.425 Y38.526
G0 F1350 X8.495 Y39.021
G1 F600 X9.156 Y38.361 E183.20696
G1 X9.226 Y38.291
G0 F1350 X9.156 Y38.926
G1 F600 X8.495 Y39.587 E183.26137
G1 X8.425 Y39.657
G0 F1350 X8.495 Y40.153
G1 F600 X9.156 Y39.492 E183.31578
G1 X9.226 Y39.422
G0 F1350 X9.156 Y40.058
G1 F600 X8.495 Y40.718 E183.37015
G1 X8.425 Y40.788
G0 F1350 X8.495 Y41.284
G1 F600 X9.156 Y40.623 E183.42456
G1 X9.226 Y40.553
G0 F1350 X9.156 Y41.189
G1 F600 X8.495 Y41.85 E183.47897
G1 X8.425 Y41.92
G0 F1350 X8.495 Y42.415
G1 F600 X9.156 Y41.755 E183.53334
G1 X9.226 Y41.685
G0 F1350 X9.156 Y42.321
G1 F600 X8.495 Y42.981 E183.58771
G1 X8.425 Y43.051
G0 F1350 X8.495 Y43.547
G1 F600 X9.156 Y42.886 E183.64212
G1 X9.226 Y42.816
G0 F1350 X9.156 Y43.452
G1 F600 X8.495 Y44.112 E183.69649
G1 X8.425 Y44.182
G0 F1350 X8.495 Y44.678
G1 F600 X9.156 Y44.018 E183.75086
G1 X9.226 Y43.948
G0 F1350 X9.156 Y44.583
G1 F600 X8.495 Y45.244 E183.80527
G1 X8.425 Y45.314
G0 F1350 X8.495 Y45.809
G1 F600 X9.156 Y45.149 E183.85964
G1 X9.226 Y45.079
G0 F1350 X9.156 Y45.715
G1 F600 X8.495 Y46.375 E183.914
G1 X8.425 Y46.445
G0 F1350 X8.495 Y46.941
G1 F600 X9.156 Y46.28 E183.96841
G1 X9.226 Y46.21
G0 F1350 X9.156 Y46.846
G1 F600 X8.495 Y47.506 E184.02278
G1 X8.425 Y47.576
G0 F1350 X8.495 Y48.072
G1 F600 X9.156 Y47.412 E184.07715
G1 X9.226 Y47.342
G0 F1350 X9.156 Y47.977
G1 F600 X8.495 Y48.638 E184.13156
G1 X8.425 Y48.708
G0 F1350 X8.495 Y49.204
G1 F600 X9.156 Y48.543 E184.18597
G1 X9.226 Y48.473
G0 F1350 X9.156 Y49.109
G1 F600 X8.495 Y49.769 E184.24034
G1 X8.425 Y49.839
G0 F1350 X9.007 Y49.823
G1 F600 X9.668 Y49.163 E184.29471
G1 X9.738 Y49.093
G0 F1350 X10.233 Y49.163
G1 F600 X9.573 Y49.823 E184.34904
G1 X9.503 Y49.893
G0 F1350 X10.139 Y49.823
G1 F600 X10.799 Y49.163 E184.40337
G1 X10.869 Y49.093
G0 F1350 X11.365 Y49.163
G1 F600 X10.704 Y49.823 E184.45773
G1 X10.634 Y49.893
G0 F1350 X11.27 Y49.823
G1 F600 X11.931 Y49.163 E184.5121
G1 X12.001 Y49.093
G0 F1350 X12.496 Y49.163
G1 F600 X11.836 Y49.823 E184.56643
G1 X11.766 Y49.893
G0 F1350 X12.401 Y49.823
G1 F600 X13.062 Y49.163 E184.6208
G1 X13.132 Y49.093
G0 F1350 X13.628 Y49.163
G1 F600 X12.967 Y49.823 E184.67517
G1 X12.897 Y49.893
G0 F1350 X13.533 Y49.823
G1 F600 X14.193 Y49.163 E184.7295
G1 X14.263 Y49.093
G0 F1350 X14.759 Y49.163
G1 F600 X14.099 Y49.823 E184.78382
G1 X14.029 Y49.893
G0 F1350 X14.664 Y49.823
G1 F600 X15.325 Y49.163 E184.83819
G1 X15.395 Y49.093
G0 F1350 X15.89 Y49.163
G1 F600 X15.23 Y49.823 E184.89252
G1 X15.16 Y49.893
G0 F1350 X15.796 Y49.823
G1 F600 X16.456 Y49.163 E184.94685
G1 X16.526 Y49.093
G0 F1350 X17.022 Y49.163
G1 F600 X16.361 Y49.823 E185.00122
G1 X16.291 Y49.893
G0 F1350 X16.927 Y49.823
G1 F600 X17.587 Y49.163 E185.05554
G1 X17.657 Y49.093
G0 F1350 X18.153 Y49.163
G1 F600 X17.493 Y49.823 E185.10987
G1 X17.423 Y49.893
G0 F1350 X18.058 Y49.823
G1 F600 X18.719 Y49.163 E185.16424
G1 X18.789 Y49.093
G0 F1350 X19.284 Y49.163
G1 F600 X18.624 Y49.823 E185.21857
G1 X18.554 Y49.893
G0 F1350 X19.19 Y49.823
G1 F600 X19.85 Y49.163 E185.2729
G1 X19.92 Y49.093
G0 F1350 X20.416 Y49.163
G1 F600 X19.755 Y49.823 E185.32727
G1 X19.685 Y49.893
G0 F1350 X20.321 Y49.823
G1 F600 X20.981 Y49.163 E185.38159
G1 X21.051 Y49.093
G0 F1350 X21.547 Y49.163
G1 F600 X20.887 Y49.823 E185.43592
G1 X20.817 Y49.893
G0 F1350 X21.452 Y49.823
G1 F600 X22.113 Y49.163 E185.49029
G1 X22.183 Y49.093
G0 F1350 X22.679 Y49.163
G1 F600 X22.018 Y49.823 E185.54466
G1 X21.948 Y49.893
G0 F1350 X22.584 Y49.823
G1 F600 X23.244 Y49.163 E185.59899
G1 X23.314 Y49.093
G0 F1350 X23.81 Y49.163
G1 F600 X23.149 Y49.823 E185.65335
G1 X23.079 Y49.893
G0 F1350 X23.715 Y49.823
G1 F600 X24.376 Y49.163 E185.70772
G1 X24.446 Y49.093
G0 F1350 X24.941 Y49.163
G1 F600 X24.281 Y49.823 E185.76205
G1 X24.211 Y49.893
G0 F1350 X24.847 Y49.823
G1 F600 X25.507 Y49.163 E185.81638
G1 X25.577 Y49.093
G0 F1350 X26.073 Y49.163
G1 F600 X25.412 Y49.823 E185.87075
G1 X25.342 Y49.893
G0 F1350 X25.978 Y49.823
G1 F600 X26.638 Y49.163 E185.92508
G1 X26.708 Y49.093
G0 F1350 X27.204 Y49.163
G1 F600 X26.544 Y49.823 E185.9794
G1 X26.474 Y49.893
G0 F1350 X27.109 Y49.823
G1 F600 X27.77 Y49.163 E186.03377
G1 X27.84 Y49.093
G0 F1350 X28.335 Y49.163
G1 F600 X27.675 Y49.823 E186.0881
G1 X27.605 Y49.893
G0 F1350 X28.241 Y49.823
G1 F600 X28.901 Y49.163 E186.14243
G1 X28.971 Y49.093
G0 F1350 X29.467 Y49.163
G1 F600 X28.806 Y49.823 E186.1968
G1 X28.736 Y49.893
G0 F1350 X29.372 Y49.823
G1 F600 X30.032 Y49.163 E186.25112
G1 X30.102 Y49.093
G0 F1350 X30.598 Y49.163
G1 F600 X29.938 Y49.823 E186.30545
G1 X29.868 Y49.893
G0 F1350 X30.503 Y49.823
G1 F600 X31.164 Y49.163 E186.35982
G1 X31.234 Y49.093
G0 F1350 X31.73 Y49.163
G1 F600 X31.069 Y49.823 E186.41419
G1 X30.999 Y49.893
G0 F1350 X31.635 Y49.823
G1 F600 X32.295 Y49.163 E186.46852
G1 X32.365 Y49.093
G0 F1350 X32.861 Y49.163
G1 F600 X32.2 Y49.823 E186.52289
G1 X32.13 Y49.893
G0 F1350 X32.766 Y49.823
G1 F600 X33.427 Y49.163 E186.57725
G1 X33.497 Y49.093
G0 F1350 X33.992 Y49.163
G1 F600 X33.332 Y49.823 E186.63158
G1 X33.262 Y49.893
G0 F1350 X33.897 Y49.823
G1 F600 X34.558 Y49.163 E186.68595
G1 X34.628 Y49.093
G0 F1350 X35.124 Y49.163
G1 F600 X34.463 Y49.823 E186.74032
G1 X34.393 Y49.893
G0 F1350 X35.029 Y49.823
G1 F600 X35.689 Y49.163 E186.79465
G1 X35.759 Y49.093
G0 F1350 X36.255 Y49.163
G1 F600 X35.595 Y49.823 E186.84897
G1 X35.525 Y49.893
G0 F1350 X36.16 Y49.823
G1 F600 X36.821 Y49.163 E186.90334
G1 X36.891 Y49.093
G0 F1350 X37.386 Y49.163
G1 F600 X36.726 Y49.823 E186.95767
G1 X36.656 Y49.893
G0 F1350 X37.292 Y49.823
G1 F600 X37.952 Y49.163 E187.012
G1 X38.022 Y49.093
G0 F1350 X38.518 Y49.163
G1 F600 X37.857 Y49.823 E187.06637
G1 X37.787 Y49.893
G0 F1350 X38.423 Y49.823
G1 F600 X39.083 Y49.163 E187.1207
G1 X39.153 Y49.093
G0 F1350 X39.649 Y49.163
G1 F600 X38.989 Y49.823 E187.17502
G1 X38.919 Y49.893
G0 F1350 X39.554 Y49.823
G1 F600 X40.215 Y49.163 E187.22939
G1 X40.285 Y49.093
G0 F1350 X40.78 Y49.163
G1 F600 X40.12 Y49.823 E187.28372
G1 X40.05 Y49.893
G0 F1350 X40.686 Y49.823
G1 F600 X41.346 Y49.163 E187.33805
G1 X41.416 Y49.093
G0 F1350 X41.912 Y49.163
G1 F600 X41.251 Y49.823 E187.39242
G1 X41.181 Y49.893
G0 F1350 X41.817 Y49.823
G1 F600 X42.478 Y49.163 E187.44678
G1 X42.548 Y49.093
G0 F1350 X43.043 Y49.163
G1 F600 X42.383 Y49.823 E187.50111
G1 X42.313 Y49.893
G0 F1350 X42.948 Y49.823
G1 F600 X43.609 Y49.163 E187.55548
G1 X43.679 Y49.093
G0 F1350 X44.175 Y49.163
G1 F600 X43.514 Y49.823 E187.60985
G1 X43.444 Y49.893
G0 F1350 X44.08 Y49.823
G1 F600 X44.74 Y49.163 E187.66418
G1 X44.81 Y49.093
G0 F1350 X45.306 Y49.163
G1 F600 X44.646 Y49.823 E187.71851
G1 X44.576 Y49.893
G0 F1350 X45.211 Y49.823
G1 F600 X46.155 Y48.879 E187.79621
G1 X46.225 Y48.809
G0 F1350 X46.155 Y48.313
G1 F600 X45.495 Y48.973 E187.85054
G1 X45.425 Y49.043
G0 F1350 X45.495 Y48.407
G1 F600 X46.155 Y47.748 E187.90482
G1 X46.225 Y47.678
G0 F1350 X46.155 Y47.182
G1 F600 X45.495 Y47.842 E187.95915
G1 X45.425 Y47.912
G0 F1350 X45.495 Y47.276
G1 F600 X46.155 Y46.616 E188.01348
G1 X46.225 Y46.546
G0 F1350 X46.155 Y46.051
G1 F600 X45.495 Y46.71 E188.06777
G1 X45.425 Y46.78
G0 F1350 X45.495 Y46.145
G1 F600 X46.155 Y45.485 E188.12209
G1 X46.225 Y45.415
G0 F1350 X46.155 Y44.919
G1 F600 X45.495 Y45.579 E188.17642
G1 X45.425 Y45.649
G0 F1350 X45.495 Y45.013
G1 F600 X46.155 Y44.353 E188.23075
G1 X46.225 Y44.283
G0 F1350 X46.155 Y43.788
G1 F600 X45.495 Y44.448 E188.28508
G1 X45.425 Y44.518
G0 F1350 X45.495 Y43.882
G1 F600 X46.155 Y43.222 E188.3394
G1 X46.225 Y43.152
G0 F1350 X46.154 Y42.657
G1 F600 X45.495 Y43.316 E188.39365
G1 X45.425 Y43.386
G0 F1350 X45.495 Y42.75
G1 F600 X46.154 Y42.091 E188.4479
G1 X46.224 Y42.021
G0 F1350 X46.154 Y41.526
G1 F600 X45.495 Y42.185 E188.50214
G1 X45.425 Y42.255
G0 F1350 X45.495 Y41.619
G1 F600 X46.154 Y40.96 E188.55639
G1 X46.224 Y40.89
G0 F1350 X46.154 Y40.394
G1 F600 X45.495 Y41.053 E188.61063
G1 X45.425 Y41.123
G0 F1350 X45.495 Y40.488
G1 F600 X46.154 Y39.829 E188.66488
G1 X46.224 Y39.759
G0 F1350 X46.154 Y39.263
G1 F600 X45.495 Y39.922 E188.71912
G1 X45.425 Y39.992
G0 F1350 X45.495 Y39.356
G1 F600 X46.154 Y38.697 E188.77337
G1 X46.224 Y38.627
G0 F1350 X46.154 Y38.132
G1 F600 X45.495 Y38.791 E188.82761
G1 X45.425 Y38.861
G0 F1350 X45.495 Y38.225
G1 F600 X46.154 Y37.566 E188.88186
G1 X46.224 Y37.496
G0 F1350 X46.154 Y37
G1 F600 X45.495 Y37.659 E188.9361
G1 X45.425 Y37.729
G0 F1350 X45.495 Y37.094
G1 F600 X46.154 Y36.435 E188.99035
G1 X46.224 Y36.365
G0 F1350 X46.154 Y35.869
G1 F600 X45.495 Y36.528 E189.04459
G1 X45.425 Y36.598
G0 F1350 X45.495 Y35.962
G1 F600 X45.587 Y35.871 E189.05213
G0 F1350 X46.155 Y49.445
G1 F600 X45.777 Y49.823 E189.08324
G1 F1500 E182.58324
G0 F1350 X42.452 Y50.354
G0 X42.452 Y51.659
G0 X47.979 Y51.647
G0 X48.484 Y33.435
G0 X48.479 Y30.241
G0 X45.744 Y30.23
G0 X23.25 Y34.38
G0 X23.123 Y35.678
G0 X23.117 Y35.738
G0 X23.126 Y35.639
;TIME_ELAPSED:387.094657
;LAYER:2
G0 F1800 X23.126 Y35.639 Z1
;TYPE:WALL-INNER
G1 F1500 E189.08324
G1 F1200 X27.326 Y35.844 E189.32799
G1 X31.526 Y35.639 E189.57275
G1 X35.686 Y35.021 E189.81754
G1 X39.765 Y34 E190.06228
G1 X43.725 Y32.583 E190.30709
G1 X46.029 Y31.494 E190.45542
G1 X47.226 Y31.494 E190.52509
G1 X47.226 Y32.637 E190.59162
G1 X44.31 Y34.016 E190.77937
G1 X40.215 Y35.481 E191.03251
G1 X35.992 Y36.538 E191.28589
G1 X31.681 Y37.178 E191.53957
G1 X27.326 Y37.393 E191.79336
G1 X22.971 Y37.178 E192.04715
G1 X18.66 Y36.538 E192.30082
G1 X14.437 Y35.481 E192.55421
G1 X10.342 Y34.016 E192.80735
G1 X7.426 Y32.637 E192.9951
G1 X7.426 Y31.494 E193.06163
G1 X8.623 Y31.494 E193.1313
G1 X10.928 Y32.583 E193.27968
G1 X14.888 Y34 E193.52449
G1 X18.967 Y35.021 E193.76923
G1 X23.126 Y35.639 E194.01396
G0 F1800 X23.117 Y35.738
G0 X19.376 Y35.128
G0 X14.837 Y34.087
G0 X15.004 Y33.617
;TYPE:WALL-OUTER
G1 F600 X19.045 Y34.628 E194.25642
G1 X23.165 Y35.24 E194.49886
G1 X27.326 Y35.444 E194.74134
G1 X31.487 Y35.24 E194.98382
G1 X35.608 Y34.628 E195.22632
G1 X39.649 Y33.617 E195.46878
G1 X43.572 Y32.213 E195.7113
G1 X45.938 Y31.094 E195.86364
G1 X47.626 Y31.094 E195.96189
G1 X47.626 Y32.891 E196.06648
G1 X44.463 Y34.387 E196.27014
G1 X40.336 Y35.863 E196.52525
G1 X36.066 Y36.932 E196.78146
G1 X31.719 Y37.577 E197.03725
G1 X27.326 Y37.794 E197.29325
G1 X22.933 Y37.577 E197.54926
G1 X18.586 Y36.932 E197.80505
G1 X14.316 Y35.863 E198.06126
G1 X10.189 Y34.387 E198.31637
G1 X7.026 Y32.891 E198.52003
G1 X7.026 Y31.094 E198.62462
G1 X8.714 Y31.094 E198.72287
G1 X11.081 Y32.213 E198.87526
G1 X15.004 Y33.617 E199.11779
G0 F1800 X15.974 Y33.859
G0 X15.852 Y34.344
G0 X14.775 Y34.374
;TYPE:SKIN
G1 F600 X18.891 Y35.404 E199.36475
G1 X23.087 Y36.027 E199.61165
G1 X27.326 Y36.234 E199.85868
G1 X31.565 Y36.027 E200.1057
G1 X35.762 Y35.404 E200.35267
G1 X39.878 Y34.374 E200.59963
G1 X43.875 Y32.944 E200.84672
G1 X46.117 Y31.884 E200.99106
G1 X46.836 Y31.884 E201.03291
G1 X46.836 Y32.39 E201.06236
G1 X44.153 Y33.658 E201.23509
G1 X40.103 Y35.107 E201.48545
G1 X35.92 Y36.154 E201.73644
G1 X31.646 Y36.788 E201.98793
G1 X27.326 Y37.003 E202.23969
G1 X23.006 Y36.788 E202.49144
G1 X18.732 Y36.154 E202.74294
G1 X14.549 Y35.107 E202.99392
G1 X10.499 Y33.658 E203.24428
G1 X7.816 Y32.39 E203.41701
G1 X7.816 Y31.884 E203.44646
G1 X8.535 Y31.884 E203.48831
G1 X10.778 Y32.944 E203.63271
G1 X14.775 Y34.374 E203.8798
G0 F1800 X8.304 Y32.063
G1 F600 X8.983 Y32.742 E203.93569
G1 X9.053 Y32.812
G0 F1800 X9.207 Y32.4
G1 F600 X10.057 Y33.25 E204.00566
G1 X10.127 Y33.32
G0 F1800 X10.279 Y32.907
G1 F600 X11.03 Y33.657 E204.06743
G1 X11.1 Y33.727
G0 F1800 X11.237 Y33.299
G1 F600 X11.91 Y33.972 E204.12283
G1 X11.98 Y34.042
G0 F1800 X12.117 Y33.613
G1 F600 X12.79 Y34.286 E204.17823
G1 X12.86 Y34.356
G0 F1800 X12.998 Y33.929
G1 F600 X13.671 Y34.601 E204.23359
G1 X13.741 Y34.671
G0 F1800 X13.879 Y34.243
G1 F600 X14.551 Y34.916 E204.28894
G1 X14.621 Y34.986
G0 F1800 X15.033 Y34.832
G1 F600 X15.787 Y35.021 E204.33475
G1 X16.542 Y35.209 E204.38061
G1 X17.296 Y35.398 E204.4263
G1 X18.051 Y35.587 E204.47217
G1 X18.786 Y35.757 E204.51641
G1 X19.47 Y35.875 E204.55752
G1 X20.135 Y35.974 E204.59704
G1 X20.799 Y36.072 E204.6365
G1 X21.463 Y36.171 E204.67597
G1 X22.127 Y36.269 E204.71542
G1 X22.791 Y36.367 E204.75488
G1 X23.413 Y36.424 E204.79196
G1 X24.008 Y36.454 E204.8269
G1 X24.603 Y36.483 E204.86201
G1 X25.198 Y36.512 E204.89711
G1 X25.794 Y36.542 E204.93228
G1 X26.388 Y36.571 E204.9675
G1 X26.984 Y36.601 E205.00284
G1 X27.554 Y36.605 E205.03652
G1 X28.094 Y36.579 E205.06846
G1 X28.633 Y36.552 E205.10034
G1 X29.172 Y36.526 E205.13214
G1 X29.711 Y36.499 E205.16403
G1 X30.25 Y36.473 E205.19575
G1 X30.789 Y36.446 E205.22748
G1 X31.328 Y36.419 E205.25912
G1 X31.844 Y36.37 E205.28944
G1 X32.337 Y36.297 E205.31867
G1 X32.83 Y36.224 E205.34797
G1 X33.322 Y36.151 E205.37721
G1 X33.815 Y36.078 E205.4065
G1 X34.308 Y36.005 E205.4358
G1 X34.8 Y35.932 E205.46504
G1 X35.293 Y35.859 E205.49434
G1 X35.782 Y35.782 E205.52337
G1 X36.242 Y35.677 E205.55152
G1 X36.695 Y35.564 E205.57903
G1 X37.147 Y35.45 E205.60651
G1 X37.6 Y35.337 E205.63409
G1 X38.053 Y35.224 E205.66167
G1 X38.505 Y35.111 E205.68913
G1 X38.958 Y34.998 E205.71664
G1 X39.41 Y34.884 E205.74405
G1 X39.863 Y34.771 E205.77149
G1 X40.289 Y34.632 E205.79816
G1 X40.706 Y34.484 E205.82424
G1 X41.123 Y34.335 E205.8504
G1 X41.539 Y34.185 E205.87646
G1 X41.956 Y34.036 E205.90256
G1 X42.372 Y33.887 E205.92866
G1 X42.789 Y33.738 E205.95476
G1 X43.206 Y33.589 E205.98086
G1 X43.622 Y33.44 E206.00696
G1 X44.035 Y33.287 E206.03266
G1 X44.421 Y33.107 E206.05782
G1 X44.805 Y32.926 E206.08272
G1 X45.189 Y32.744 E206.1077
G1 X45.574 Y32.563 E206.13265
G1 X45.958 Y32.381 E206.15763
G1 X46.349 Y32.207 E206.18185
G0 F1800 X46.493 Y32.351
G1 F1500 E199.68185
G0 F1800 X39.776 Y34.038
G0 X39.399 Y32.788
G0 X27.326 Y34.578
G0 X27.218 Y39.607
G0 X22.798 Y39.472
G0 X22.807 Y39.373
;TYPE:WALL-INNER
G1 F1500 E206.18185
G1 F1200 X27.326 Y39.594 E206.4452
G1 X31.845 Y39.373 E206.70854
G1 X36.32 Y38.709 E206.97186
G1 X40.708 Y37.61 E207.23516
G1 X42.96 Y36.804 E207.37438
G1 X43.226 Y36.709 E207.39082
G1 X43.226 Y36.991 E207.40052
G1 X43.226 Y36.992 E207.40058
G1 X43.226 Y46.394 E207.94783
G1 X11.426 Y46.394 E209.79875
G1 X11.426 Y36.992 E210.346
G1 X11.426 Y36.991 E210.34606
G1 X11.426 Y36.709 E210.36247
G1 X11.692 Y36.804 E210.37219
G1 X13.944 Y37.61 E210.51141
G1 X18.333 Y38.709 E210.77476
G1 X22.807 Y39.373 E211.03802
G0 F1800 X22.798 Y39.472
G0 X18.774 Y38.821
G0 X13.938 Y37.711
G0 X14.06 Y37.227
;TYPE:WALL-OUTER
G1 F600 X18.411 Y38.316 E211.29909
G1 X22.846 Y38.974 E211.56005
G1 X27.326 Y39.194 E211.82113
G1 X31.806 Y38.974 E212.0822
G1 X36.242 Y38.316 E212.34322
G1 X40.592 Y37.227 E212.60423
G1 X43.359 Y36.236 E212.7753
G1 X43.626 Y36.141 E212.7918
G1 X43.626 Y36.424 E212.80155
G1 X43.626 Y36.425 E212.8016
G1 X43.626 Y46.794 E213.40513
G1 X11.026 Y46.794 E215.30263
G1 X11.026 Y36.425 E215.90616
G1 X11.026 Y36.424 E215.90621
G1 X11.026 Y36.141 E215.92269
G1 X11.293 Y36.236 E215.93245
G1 X14.06 Y37.227 E216.10352
G0 F1800 X15.03 Y37.469
G0 X14.908 Y37.954
G0 X13.831 Y37.984
;TYPE:SKIN
G1 F600 X18.257 Y39.092 E216.36909
G1 X22.768 Y39.761 E216.63452
G1 X27.326 Y39.984 E216.90014
G1 X31.884 Y39.761 E217.16576
G1 X36.396 Y39.092 E217.43125
G1 X40.821 Y37.984 E217.69676
G1 X42.836 Y37.263 E217.82132
G1 X42.836 Y46.004 E218.3301
G1 X11.816 Y46.004 E220.13562
G1 X11.816 Y37.263 E220.64439
G1 X13.831 Y37.984 E220.76896
G0 F1800 X12.447 Y45.823
G1 F600 X11.995 Y45.37 E220.80621
G0 F1800 X11.995 Y44.805
G1 F600 X13.013 Y45.823 E220.89
G1 X13.083 Y45.893
G0 F1800 X13.579 Y45.823
G1 F600 X11.995 Y44.239 E221.02039
G1 X11.925 Y44.169
G0 F1800 X11.995 Y43.673
G1 F600 X14.144 Y45.823 E221.19733
G1 X14.214 Y45.893
G0 F1800 X14.71 Y45.823
G1 F600 X11.995 Y43.108 E221.42081
G1 X11.925 Y43.038
G0 F1800 X11.995 Y42.542
G1 F600 X15.276 Y45.823 E221.69088
G1 X15.346 Y45.893
G0 F1800 X15.842 Y45.823
G1 F600 X11.995 Y41.976 E222.00755
G1 X11.925 Y41.906
G0 F1800 X11.995 Y41.411
G1 F600 X16.407 Y45.823 E222.37072
G1 X16.477 Y45.893
G0 F1800 X16.973 Y45.823
G1 F600 X11.995 Y40.845 E222.78048
G1 X11.925 Y40.775
G0 F1800 X11.995 Y40.279
G1 F600 X17.539 Y45.823 E223.23683
G1 X17.609 Y45.893
G0 F1800 X18.104 Y45.823
G1 F600 X11.995 Y39.713 E223.73974
G1 X11.925 Y39.643
G0 F1800 X11.995 Y39.148
G1 F600 X18.67 Y45.823 E224.28919
G1 X18.74 Y45.893
G0 F1800 X19.236 Y45.823
G1 F600 X11.995 Y38.582 E224.88523
G1 X11.925 Y38.512
G0 F1800 X11.995 Y38.016
G1 F600 X19.801 Y45.823 E225.52782
G1 X19.871 Y45.893
G0 F1800 X20.367 Y45.823
G1 F600 X12.1 Y37.555 E226.20835
G1 X12.03 Y37.485
G0 F1800 X12.981 Y37.871
G1 F600 X20.933 Y45.823 E226.86292
G1 X21.003 Y45.893
G0 F1800 X21.498 Y45.823
G1 F600 X13.85 Y38.174 E227.4925
G1 X13.78 Y38.104
G0 F1800 X14.604 Y38.363
G1 F600 X22.064 Y45.823 E228.10657
G1 X22.134 Y45.893
G0 F1800 X22.63 Y45.823
G1 F600 X15.358 Y38.551 E228.70516
G1 X15.288 Y38.481
G0 F1800 X16.112 Y38.74
G1 F600 X23.195 Y45.823 E229.2882
G1 X23.265 Y45.893
G0 F1800 X23.761 Y45.823
G1 F600 X16.867 Y38.929 E229.85567
G1 X16.797 Y38.859
G0 F1800 X17.621 Y39.117
G1 F600 X24.327 Y45.823 E230.40767
G1 X24.397 Y45.893
G0 F1800 X24.892 Y45.823
G1 F600 X18.357 Y39.287 E230.94564
G1 X18.287 Y39.217
G0 F1800 X19.021 Y39.386
G1 F600 X25.458 Y45.823 E231.4755
G1 X25.528 Y45.893
G0 F1800 X26.024 Y45.823
G1 F600 X19.685 Y39.484 E231.99729
G1 X19.615 Y39.414
G0 F1800 X20.349 Y39.583
G1 F600 X26.59 Y45.823 E232.51098
G1 X26.66 Y45.893
G0 F1800 X27.155 Y45.823
G1 F600 X21.014 Y39.682 E233.01647
G1 X20.944 Y39.612
G0 F1800 X21.678 Y39.78
G1 F600 X27.721 Y45.823 E233.5139
G1 X27.791 Y45.893
G0 F1800 X28.287 Y45.823
G1 F600 X22.343 Y39.879 E234.00318
G1 X22.273 Y39.809
G0 F1800 X22.98 Y39.95
G1 F600 X28.852 Y45.823 E234.48657
G1 X28.922 Y45.893
G0 F1800 X29.418 Y45.823
G1 F600 X23.574 Y39.979 E234.96762
G1 X23.504 Y39.909
G0 F1800 X24.169 Y40.008
G1 F600 X29.984 Y45.823 E235.44628
G1 X30.054 Y45.893
G0 F1800 X30.549 Y45.823
G1 F600 X24.765 Y40.038 E235.92243
G1 X24.695 Y39.968
G0 F1800 X25.359 Y40.067
G1 F600 X31.115 Y45.823 E236.39623
G1 X31.185 Y45.893
G0 F1800 X31.681 Y45.823
G1 F600 X25.954 Y40.096 E236.86764
G1 X25.884 Y40.026
G0 F1800 X26.549 Y40.125
G1 F600 X32.246 Y45.823 E237.33663
G1 X32.316 Y45.893
G0 F1800 X32.812 Y45.823
G1 F600 X27.143 Y40.154 E237.80327
G1 X27.073 Y40.084
G0 F1800 X27.7 Y40.145
G1 F600 X33.378 Y45.823 E238.27066
G1 X33.448 Y45.893
G0 F1800 X33.943 Y45.823
G1 F600 X28.239 Y40.118 E238.74022
G1 X28.169 Y40.048
G0 F1800 X28.778 Y40.092
G1 F600 X34.509 Y45.823 E239.21197
G1 X34.579 Y45.893
G0 F1800 X35.075 Y45.823
G1 F600 X29.318 Y40.066 E239.68585
G1 X29.248 Y39.996
G0 F1800 X29.857 Y40.039
G1 F600 X35.641 Y45.823 E240.16196
G1 X35.711 Y45.893
G0 F1800 X36.206 Y45.823
G1 F600 X30.396 Y40.013 E240.64021
G1 X30.326 Y39.943
G0 F1800 X30.935 Y39.986
G1 F600 X36.772 Y45.823 E241.12068
G1 X36.842 Y45.893
G0 F1800 X37.338 Y45.823
G1 F600 X31.475 Y39.96 E241.60329
G1 X31.405 Y39.89
G0 F1800 X32.005 Y39.924
G1 F600 X37.903 Y45.823 E242.08882
G1 X37.973 Y45.893
G0 F1800 X38.469 Y45.823
G1 F600 X32.497 Y39.851 E242.5804
G1 X32.427 Y39.781
G0 F1800 X32.99 Y39.778
G1 F600 X39.035 Y45.823 E243.078
G1 X39.105 Y45.893
G0 F1800 X39.6 Y45.823
G1 F600 X33.482 Y39.705 E243.5816
G1 X33.412 Y39.635
G0 F1800 X33.975 Y39.631
G1 F600 X40.166 Y45.823 E244.09125
G1 X40.236 Y45.893
G0 F1800 X40.732 Y45.823
G1 F600 X34.467 Y39.559 E244.60691
G1 X34.397 Y39.489
G0 F1800 X34.96 Y39.485
G1 F600 X41.297 Y45.823 E245.12858
G1 X41.367 Y45.893
G0 F1800 X41.863 Y45.823
G1 F600 X35.452 Y39.412 E245.6563
G1 X35.382 Y39.342
G0 F1800 X35.945 Y39.339
G1 F600 X42.429 Y45.823 E246.19002
G1 X42.499 Y45.893
G0 F1800 X42.655 Y45.483
G1 F600 X36.437 Y39.265 E246.70186
G1 X36.367 Y39.195
G0 F1800 X36.889 Y39.152
G1 F600 X42.655 Y44.918 E247.17648
G1 X42.725 Y44.988
G0 F1800 X42.655 Y44.352
G1 F600 X37.342 Y39.039 E247.61382
G1 X37.272 Y38.969
G0 F1800 X37.794 Y38.926
G1 F600 X42.655 Y43.786 E248.01391
G1 X42.725 Y43.856
G0 F1800 X42.655 Y43.221
G1 F600 X38.247 Y38.813 E248.37675
G1 X38.177 Y38.743
G0 F1800 X38.699 Y38.699
G1 F600 X42.655 Y42.655 E248.70239
G1 X42.725 Y42.725
G0 F1800 X42.655 Y42.089
G1 F600 X39.152 Y38.586 E248.99074
G1 X39.082 Y38.516
G0 F1800 X39.605 Y38.473
G1 F600 X42.655 Y41.524 E249.24184
G1 X42.725 Y41.594
G0 F1800 X42.655 Y40.958
G1 F600 X40.057 Y38.36 E249.45569
G1 X39.987 Y38.29
G0 F1800 X40.51 Y38.247
G1 F600 X42.655 Y40.392 E249.63226
G1 X42.725 Y40.462
G0 F1800 X42.655 Y39.827
G1 F600 X40.955 Y38.127 E249.77219
G1 X40.885 Y38.057
G0 F1800 X41.372 Y37.977
G1 F600 X42.655 Y39.261 E249.87784
G1 X42.725 Y39.331
G0 F1800 X42.655 Y38.695
G1 F600 X41.789 Y37.829 E249.94913
G1 X41.719 Y37.759
G0 F1800 X42.205 Y37.68
G1 F600 X42.655 Y38.13 E249.98617
G1 F1500 E243.48617
G0 F1800 X11.44 Y46.38
G0 X7.966 Y46.12
G0 X9.656 Y48.664
G0 X9.726 Y48.594
;TYPE:WALL-INNER
G1 F1500 E249.98617
G1 F1200 X44.926 Y48.594 E252.03499
G1 X44.926 Y35.554 E252.79399
G1 X46.442 Y34.836 E252.89163
G1 X46.726 Y34.702 E252.9099
G1 X46.726 Y35.016 E252.92047
G1 X46.726 Y35.017 E252.92053
G1 X46.726 Y50.394 E253.81555
G1 X7.926 Y50.394 E256.07391
G1 X7.926 Y35.017 E256.96893
G1 X7.926 Y35.016 E256.96899
G1 X7.926 Y34.702 E256.98727
G1 X8.21 Y34.836 E256.99783
G1 X9.726 Y35.554 E257.09547
G1 X9.726 Y48.594 E257.85446
G0 F1800 X10.126 Y48.194
;TYPE:WALL-OUTER
G1 F600 X44.526 Y48.194 E259.85672
G1 X44.526 Y35.289 E260.60786
G1 X44.624 Y35.254 E260.61392
G1 X46.842 Y34.204 E260.75675
G1 X47.126 Y34.07 E260.77503
G1 X47.126 Y34.384 E260.7856
G1 X47.126 Y34.385 E260.78565
G1 X47.126 Y50.794 E261.74074
G1 X7.526 Y50.794 E264.04567
G1 X7.526 Y34.385 E265.00076
G1 X7.526 Y34.384 E265.00082
G1 X7.526 Y34.07 E265.0191
G1 X7.81 Y34.204 E265.02966
G1 X10.028 Y35.254 E265.1725
G1 X10.126 Y35.289 E265.17855
G1 X10.126 Y48.194 E265.92969
G0 F1800 X11.126 Y48.194
G0 X11.126 Y48.694
G0 X9.336 Y48.984
;TYPE:SKIN
G1 F600 X45.316 Y48.984 E268.02392
G1 X45.316 Y35.801 E268.79124
G1 X46.336 Y35.318 E268.85692
G1 X46.336 Y50.004 E269.71173
G1 X8.316 Y50.004 E271.92469
G1 X8.316 Y35.318 E272.77949
G1 X9.336 Y35.801 E272.84518
G1 X9.336 Y48.984 E273.6125
G0 F1800 X9.094 Y49.823
G1 F600 X8.495 Y49.225 E273.66177
G1 X8.425 Y49.155
G0 F1800 X8.495 Y48.659
G1 F600 X9.659 Y49.823 E273.75758
G1 X9.729 Y49.893
G0 F1800 X10.225 Y49.823
G1 F600 X9.565 Y49.163 E273.81191
G1 X9.495 Y49.093
G0 F1800 X10.13 Y49.163
G1 F600 X10.791 Y49.823 E273.86628
G1 X10.861 Y49.893
G0 F1800 X11.356 Y49.823
G1 F600 X10.696 Y49.163 E273.9206
G1 X10.626 Y49.093
G0 F1800 X11.262 Y49.163
G1 F600 X11.922 Y49.823 E273.97493
G1 X11.992 Y49.893
G0 F1800 X12.488 Y49.823
G1 F600 X11.827 Y49.163 E274.0293
G1 X11.757 Y49.093
G0 F1800 X12.393 Y49.163
G1 F600 X13.053 Y49.823 E274.08363
G1 X13.123 Y49.893
G0 F1800 X13.619 Y49.823
G1 F600 X12.959 Y49.163 E274.13796
G1 X12.889 Y49.093
G0 F1800 X13.524 Y49.163
G1 F600 X14.185 Y49.823 E274.19232
G1 X14.255 Y49.893
G0 F1800 X14.75 Y49.823
G1 F600 X14.09 Y49.163 E274.24665
G1 X14.02 Y49.093
G0 F1800 X14.656 Y49.163
G1 F600 X15.316 Y49.823 E274.30098
G1 X15.386 Y49.893
G0 F1800 X15.882 Y49.823
G1 F600 X15.221 Y49.163 E274.35535
G1 X15.151 Y49.093
G0 F1800 X15.787 Y49.163
G1 F600 X16.448 Y49.823 E274.40972
G1 X16.518 Y49.893
G0 F1800 X17.013 Y49.823
G1 F600 X16.353 Y49.163 E274.46405
G1 X16.283 Y49.093
G0 F1800 X16.918 Y49.163
G1 F600 X17.579 Y49.823 E274.51841
G1 X17.649 Y49.893
G0 F1800 X18.145 Y49.823
G1 F600 X17.484 Y49.163 E274.57278
G1 X17.414 Y49.093
G0 F1800 X18.05 Y49.163
G1 F600 X18.71 Y49.823 E274.62711
G1 X18.78 Y49.893
G0 F1800 X19.276 Y49.823
G1 F600 X18.616 Y49.163 E274.68144
G1 X18.546 Y49.093
G0 F1800 X19.181 Y49.163
G1 F600 X19.842 Y49.823 E274.73581
G1 X19.912 Y49.893
G0 F1800 X20.407 Y49.823
G1 F600 X19.747 Y49.163 E274.79013
G1 X19.677 Y49.093
G0 F1800 X20.313 Y49.163
G1 F600 X20.973 Y49.823 E274.84446
G1 X21.043 Y49.893
G0 F1800 X21.539 Y49.823
G1 F600 X20.878 Y49.163 E274.89883
G1 X20.808 Y49.093
G0 F1800 X21.444 Y49.163
G1 F600 X22.104 Y49.823 E274.95316
G1 X22.174 Y49.893
G0 F1800 X22.67 Y49.823
G1 F600 X22.01 Y49.163 E275.00749
G1 X21.94 Y49.093
G0 F1800 X22.575 Y49.163
G1 F600 X23.236 Y49.823 E275.06186
G1 X23.306 Y49.893
G0 F1800 X23.801 Y49.823
G1 F600 X23.141 Y49.163 E275.11618
G1 X23.071 Y49.093
G0 F1800 X23.707 Y49.163
G1 F600 X24.367 Y49.823 E275.17051
G1 X24.437 Y49.893
G0 F1800 X24.933 Y49.823
G1 F600 X24.272 Y49.163 E275.22488
G1 X24.202 Y49.093
G0 F1800 X24.838 Y49.163
G1 F600 X25.498 Y49.823 E275.27921
G1 X25.568 Y49.893
G0 F1800 X26.064 Y49.823
G1 F600 X25.404 Y49.163 E275.33353
G1 X25.334 Y49.093
G0 F1800 X25.969 Y49.163
G1 F600 X26.63 Y49.823 E275.3879
G1 X26.7 Y49.893
G0 F1800 X27.196 Y49.823
G1 F600 X26.535 Y49.163 E275.44227
G1 X26.465 Y49.093
G0 F1800 X27.101 Y49.163
G1 F600 X27.761 Y49.823 E275.4966
G1 X27.831 Y49.893
G0 F1800 X28.327 Y49.823
G1 F600 X27.666 Y49.163 E275.55097
G1 X27.596 Y49.093
G0 F1800 X28.232 Y49.163
G1 F600 X28.893 Y49.823 E275.60534
G1 X28.963 Y49.893
G0 F1800 X29.458 Y49.823
G1 F600 X28.798 Y49.163 E275.65967
G1 X28.728 Y49.093
G0 F1800 X29.364 Y49.163
G1 F600 X30.024 Y49.823 E275.71399
G1 X30.094 Y49.893
G0 F1800 X30.59 Y49.823
G1 F600 X29.929 Y49.163 E275.76836
G1 X29.859 Y49.093
G0 F1800 X30.495 Y49.163
G1 F600 X31.155 Y49.823 E275.82269
G1 X31.225 Y49.893
G0 F1800 X31.721 Y49.823
G1 F600 X31.061 Y49.163 E275.87702
G1 X30.991 Y49.093
G0 F1800 X31.626 Y49.163
G1 F600 X32.287 Y49.823 E275.93139
G1 X32.357 Y49.893
G0 F1800 X32.852 Y49.823
G1 F600 X32.192 Y49.163 E275.98571
G1 X32.122 Y49.093
G0 F1800 X32.758 Y49.163
G1 F600 X33.418 Y49.823 E276.04004
G1 X33.488 Y49.893
G0 F1800 X33.984 Y49.823
G1 F600 X33.323 Y49.163 E276.09441
G1 X33.253 Y49.093
G0 F1800 X33.889 Y49.163
G1 F600 X34.549 Y49.823 E276.14874
G1 X34.619 Y49.893
G0 F1800 X35.115 Y49.823
G1 F600 X34.455 Y49.163 E276.20307
G1 X34.385 Y49.093
G0 F1800 X35.02 Y49.163
G1 F600 X35.681 Y49.823 E276.25743
G1 X35.751 Y49.893
G0 F1800 X36.247 Y49.823
G1 F600 X35.586 Y49.163 E276.3118
G1 X35.516 Y49.093
G0 F1800 X36.152 Y49.163
G1 F600 X36.812 Y49.823 E276.36613
G1 X36.882 Y49.893
G0 F1800 X37.378 Y49.823
G1 F600 X36.717 Y49.163 E276.4205
G1 X36.647 Y49.093
G0 F1800 X37.283 Y49.163
G1 F600 X37.944 Y49.823 E276.47487
G1 X38.014 Y49.893
G0 F1800 X38.509 Y49.823
G1 F600 X37.849 Y49.163 E276.5292
G1 X37.779 Y49.093
G0 F1800 X38.414 Y49.163
G1 F600 X39.075 Y49.823 E276.58357
G1 X39.145 Y49.893
G0 F1800 X39.641 Y49.823
G1 F600 X38.98 Y49.163 E276.63793
G1 X38.91 Y49.093
G0 F1800 X39.546 Y49.163
G1 F600 X40.206 Y49.823 E276.69226
G1 X40.276 Y49.893
G0 F1800 X40.772 Y49.823
G1 F600 X40.112 Y49.163 E276.74659
G1 X40.042 Y49.093
G0 F1800 X40.677 Y49.163
G1 F600 X41.338 Y49.823 E276.80096
G1 X41.408 Y49.893
G0 F1800 X41.903 Y49.823
G1 F600 X41.243 Y49.163 E276.85529
G1 X41.173 Y49.093
G0 F1800 X41.809 Y49.163
G1 F600 X42.469 Y49.823 E276.90961
G1 X42.539 Y49.893
G0 F1800 X43.035 Y49.823
G1 F600 X42.374 Y49.163 E276.96398
G1 X42.304 Y49.093
G0 F1800 X42.94 Y49.163
G1 F600 X43.6 Y49.823 E277.01831
G1 X43.67 Y49.893
G0 F1800 X44.166 Y49.823
G1 F600 X43.506 Y49.163 E277.07264
G1 X43.436 Y49.093
G0 F1800 X44.071 Y49.163
G1 F600 X44.732 Y49.823 E277.12701
G1 X44.802 Y49.893
G0 F1800 X45.297 Y49.823
G1 F600 X44.637 Y49.163 E277.18133
G1 X44.567 Y49.093
G0 F1800 X45.203 Y49.163
G1 F600 X45.863 Y49.823 E277.23566
G1 X45.933 Y49.893
G0 F1800 X46.156 Y49.55
G1 F600 X45.495 Y48.889 E277.29007
G1 X45.425 Y48.819
G0 F1800 X45.495 Y48.323
G1 F600 X46.156 Y48.984 E277.34448
G1 X46.226 Y49.054
G0 F1800 X46.156 Y48.419
G1 F600 X45.495 Y47.757 E277.39893
G1 X45.425 Y47.687
G0 F1800 X45.495 Y47.192
G1 F600 X46.156 Y47.853 E277.45334
G1 X46.226 Y47.923
G0 F1800 X46.156 Y47.287
G1 F600 X45.495 Y46.626 E277.50775
G1 X45.425 Y46.556
G0 F1800 X45.495 Y46.06
G1 F600 X46.156 Y46.722 E277.5622
G1 X46.226 Y46.792
G0 F1800 X46.156 Y46.156
G1 F600 X45.495 Y45.495 E277.61661
G1 X45.425 Y45.425
G0 F1800 X45.495 Y44.929
G1 F600 X46.156 Y45.59 E277.67102
G1 X46.226 Y45.66
G0 F1800 X46.156 Y45.025
G1 F600 X45.495 Y44.363 E277.72548
G1 X45.425 Y44.293
G0 F1800 X45.495 Y43.798
G1 F600 X46.156 Y44.459 E277.77989
G1 X46.226 Y44.529
G0 F1800 X46.156 Y43.893
G1 F600 X45.495 Y43.232 E277.8343
G1 X45.425 Y43.162
G0 F1800 X45.495 Y42.666
G1 F600 X46.156 Y43.327 E277.88871
G1 X46.226 Y43.397
G0 F1800 X46.156 Y42.762
G1 F600 X45.495 Y42.101 E277.94311
G1 X45.425 Y42.031
G0 F1800 X45.495 Y41.535
G1 F600 X46.155 Y42.195 E277.99744
G1 X46.225 Y42.265
G0 F1800 X46.155 Y41.63
G1 F600 X45.495 Y40.969 E278.05181
G1 X45.425 Y40.899
G0 F1800 X45.495 Y40.404
G1 F600 X46.155 Y41.064 E278.10614
G1 X46.225 Y41.134
G0 F1800 X46.155 Y40.498
G1 F600 X45.495 Y39.838 E278.16047
G1 X45.425 Y39.768
G0 F1800 X45.495 Y39.272
G1 F600 X46.155 Y39.933 E278.21484
G1 X46.225 Y40.003
G0 F1800 X46.155 Y39.367
G1 F600 X45.495 Y38.707 E278.26916
G1 X45.425 Y38.637
G0 F1800 X45.495 Y38.141
G1 F600 X46.155 Y38.801 E278.32349
G1 X46.225 Y38.871
G0 F1800 X46.155 Y38.236
G1 F600 X45.495 Y37.575 E278.37786
G1 X45.425 Y37.505
G0 F1800 X45.495 Y37.009
G1 F600 X46.155 Y37.67 E278.43223
G1 X46.225 Y37.74
G0 F1800 X46.155 Y37.104
G1 F600 X45.495 Y36.444 E278.48656
G1 X45.425 Y36.374
G0 F1800 X45.52 Y35.904
G1 F600 X46.155 Y36.539 E278.53883
G1 X46.225 Y36.609
G0 F1800 X46.155 Y35.973
G1 F600 X45.903 Y35.721 E278.55957
G0 F1800 X44.954 Y48.622
G0 X9.698 Y48.622
G0 X9.156 Y36.309
G1 F600 X8.495 Y35.648 E278.61398
G1 X8.425 Y35.578
G0 F1800 X8.495 Y36.214
G1 F600 X9.156 Y36.874 E278.66835
G1 X9.226 Y36.944
G0 F1800 X9.156 Y37.44
G1 F600 X8.495 Y36.78 E278.72272
G1 X8.425 Y36.71
G0 F1800 X8.495 Y37.345
G1 F600 X9.156 Y38.006 E278.77713
G1 X9.226 Y38.076
G0 F1800 X9.156 Y38.571
G1 F600 X8.495 Y37.911 E278.8315
G1 X8.425 Y37.841
G0 F1800 X8.495 Y38.477
G1 F600 X9.156 Y39.137 E278.88586
G1 X9.226 Y39.207
G0 F1800 X9.156 Y39.703
G1 F600 X8.495 Y39.042 E278.94027
G1 X8.425 Y38.972
G0 F1800 X8.495 Y39.608
G1 F600 X9.156 Y40.269 E278.99468
G1 X9.226 Y40.339
G0 F1800 X9.156 Y40.834
G1 F600 X8.495 Y40.174 E279.04905
G1 X8.425 Y40.104
G0 F1800 X8.495 Y40.739
G1 F600 X9.156 Y41.4 E279.10346
G1 X9.226 Y41.47
G0 F1800 X9.156 Y41.966
G1 F600 X8.495 Y41.305 E279.15787
G1 X8.425 Y41.235
G0 F1800 X8.495 Y41.871
G1 F600 X9.156 Y42.531 E279.21224
G1 X9.226 Y42.601
G0 F1800 X9.156 Y43.097
G1 F600 X8.495 Y42.437 E279.26661
G1 X8.425 Y42.367
G0 F1800 X8.495 Y43.002
G1 F600 X9.156 Y43.663 E279.32102
G1 X9.226 Y43.733
G0 F1800 X9.156 Y44.228
G1 F600 X8.495 Y43.568 E279.37539
G1 X8.425 Y43.498
G0 F1800 X8.495 Y44.134
G1 F600 X9.156 Y44.794 E279.42976
G1 X9.226 Y44.864
G0 F1800 X9.156 Y45.36
G1 F600 X8.495 Y44.699 E279.48417
G1 X8.425 Y44.629
G0 F1800 X8.495 Y45.265
G1 F600 X9.156 Y45.925 E279.53854
G1 X9.226 Y45.995
G0 F1800 X9.156 Y46.491
G1 F600 X8.495 Y45.831 E279.59291
G1 X8.425 Y45.761
G0 F1800 X8.495 Y46.396
G1 F600 X9.156 Y47.057 E279.64732
G1 X9.226 Y47.127
G0 F1800 X9.156 Y47.622
G1 F600 X8.495 Y46.962 E279.70169
G1 X8.425 Y46.892
G0 F1800 X8.495 Y47.528
G1 F600 X9.156 Y48.188 E279.75605
G1 X9.226 Y48.258
G0 F1800 X9.156 Y48.754
G1 F600 X8.495 Y48.093 E279.81046
G1 X8.425 Y48.023
G1 F1500 E273.31046
G0 F1800 X7.966 Y43.983
G0 X6.661 Y43.983
G0 X6.168 Y33.435
G0 X6.173 Y30.241
G0 X8.908 Y30.23
G0 X23.25 Y34.38
G0 X23.123 Y35.678
G0 X23.117 Y35.738
G0 X23.126 Y35.639
;TIME_ELAPSED:542.236453
;LAYER:3
G0 X23.126 Y35.639 Z1.35
;TYPE:WALL-INNER
G1 F1500 E279.81046
G1 F1200 X27.326 Y35.844 E280.05522
G1 X31.526 Y35.639 E280.29997
G1 X35.686 Y35.021 E280.54476
G1 X39.765 Y34 E280.7895
G1 X43.725 Y32.583 E281.03431
G1 X46.029 Y31.494 E281.18264
G1 X47.226 Y31.494 E281.25231
G1 X47.226 Y32.637 E281.31884
G1 X44.31 Y34.016 E281.50659
G1 X40.215 Y35.481 E281.75973
G1 X35.992 Y36.538 E282.01312
G1 X31.681 Y37.178 E282.26679
G1 X27.326 Y37.393 E282.52058
G1 X22.971 Y37.178 E282.77437
G1 X18.66 Y36.538 E283.02805
G1 X14.437 Y35.481 E283.28143
G1 X10.342 Y34.016 E283.53457
G1 X7.426 Y32.637 E283.72232
G1 X7.426 Y31.494 E283.78885
G1 X8.623 Y31.494 E283.85852
G1 X10.928 Y32.583 E284.00691
G1 X14.888 Y34 E284.25171
G1 X18.967 Y35.021 E284.49645
G1 X23.126 Y35.639 E284.74119
G0 F1800 X23.117 Y35.738
G0 X19.376 Y35.128
G0 X14.837 Y34.087
G0 X15.004 Y33.617
;TYPE:WALL-OUTER
G1 F600 X19.045 Y34.628 E284.98364
G1 X23.165 Y35.24 E285.22608
G1 X27.326 Y35.444 E285.46856
G1 X31.487 Y35.24 E285.71105
G1 X35.608 Y34.628 E285.95354
G1 X39.649 Y33.617 E286.196
G1 X43.572 Y32.213 E286.43852
G1 X45.938 Y31.094 E286.59086
G1 X47.626 Y31.094 E286.68911
G1 X47.626 Y32.891 E286.7937
G1 X44.463 Y34.387 E286.99736
G1 X40.336 Y35.863 E287.25247
G1 X36.066 Y36.932 E287.50868
G1 X31.719 Y37.577 E287.76447
G1 X27.326 Y37.794 E288.02048
G1 X22.933 Y37.577 E288.27648
G1 X18.586 Y36.932 E288.53227
G1 X14.316 Y35.863 E288.78848
G1 X10.189 Y34.387 E289.04359
G1 X7.026 Y32.891 E289.24725
G1 X7.026 Y31.094 E289.35184
G1 X8.714 Y31.094 E289.45009
G1 X11.081 Y32.213 E289.60249
G1 X15.004 Y33.617 E289.84501
G0 F1800 X15.974 Y33.859
G0 X15.852 Y34.344
G0 X14.775 Y34.374
;TYPE:SKIN
G1 F600 X18.891 Y35.404 E290.09197
G1 X23.087 Y36.027 E290.33888
G1 X27.326 Y36.234 E290.5859
G1 X31.565 Y36.027 E290.83293
G1 X35.762 Y35.404 E291.07989
G1 X39.878 Y34.374 E291.32685
G1 X43.875 Y32.944 E291.57394
G1 X46.117 Y31.884 E291.71828
G1 X46.836 Y31.884 E291.76013
G1 X46.836 Y32.39 E291.78959
G1 X44.153 Y33.658 E291.96231
G1 X40.103 Y35.107 E292.21268
G1 X35.92 Y36.154 E292.46366
G1 X31.646 Y36.788 E292.71515
G1 X27.326 Y37.003 E292.96691
G1 X23.006 Y36.788 E293.21867
G1 X18.732 Y36.154 E293.47016
G1 X14.549 Y35.107 E293.72114
G1 X10.499 Y33.658 E293.97151
G1 X7.816 Y32.39 E294.14423
G1 X7.816 Y31.884 E294.17368
G1 X8.535 Y31.884 E294.21553
G1 X10.778 Y32.944 E294.35993
G1 X14.775 Y34.374 E294.60702
G0 F1800 X7.995 Y32.167
G0 X8.047 Y32.115
G1 F600 X8.458 Y32.27 E294.62383
G1 X8.842 Y32.451 E294.64885
G1 X9.226 Y32.633 E294.67402
G1 X9.61 Y32.815 E294.69924
G1 X9.994 Y32.996 E294.72432
G1 X10.379 Y33.178 E294.74948
G1 X10.773 Y33.349 E294.77523
G1 X11.19 Y33.498 E294.80159
G1 X11.606 Y33.647 E294.82789
G1 X12.023 Y33.796 E294.85418
G1 X12.44 Y33.945 E294.88047
G1 X12.857 Y34.094 E294.90682
G1 X13.273 Y34.243 E294.93312
G1 X13.69 Y34.392 E294.95947
G1 X14.107 Y34.541 E294.98583
G1 X14.523 Y34.69 E295.01213
G1 X14.964 Y34.815 E295.03914
G1 X15.417 Y34.928 E295.06686
G1 X15.869 Y35.041 E295.09452
G1 X16.322 Y35.154 E295.12217
G1 X16.774 Y35.267 E295.14976
G1 X17.226 Y35.381 E295.1773
G1 X17.679 Y35.494 E295.20488
G1 X18.131 Y35.608 E295.23242
G1 X18.584 Y35.721 E295.26007
G1 X19.057 Y35.814 E295.28862
G1 X19.549 Y35.886 E295.31793
G1 X20.042 Y35.96 E295.34738
G1 X20.534 Y36.033 E295.37669
G1 X21.027 Y36.106 E295.40606
G1 X21.519 Y36.179 E295.43537
G1 X22.012 Y36.252 E295.46474
G1 X22.504 Y36.325 E295.49406
G1 X23.002 Y36.393 E295.5239
G1 X23.532 Y36.43 E295.5549
G1 X24.071 Y36.456 E295.58662
G1 X24.61 Y36.482 E295.61842
G1 X25.149 Y36.51 E295.65039
G1 X25.688 Y36.536 E295.68227
G1 X26.227 Y36.563 E295.71431
G1 X26.766 Y36.589 E295.74635
G1 X27.314 Y36.607 E295.77922
G1 X27.898 Y36.589 E295.81373
G1 X28.493 Y36.56 E295.84919
G1 X29.088 Y36.53 E295.88447
G1 X29.683 Y36.501 E295.91975
G1 X30.278 Y36.471 E295.95486
G1 X30.873 Y36.442 E295.98997
G1 X31.474 Y36.407 E296.02553
G1 X32.117 Y36.33 E296.06332
G1 X32.781 Y36.231 E296.10279
G1 X33.445 Y36.133 E296.14234
G1 X34.11 Y36.034 E296.18206
G1 X34.774 Y35.935 E296.22153
G1 X35.438 Y35.837 E296.26108
G1 X36.139 Y35.701 E296.30369
G1 X36.891 Y35.515 E296.34968
G1 X37.646 Y35.326 E296.39566
G1 X38.4 Y35.137 E296.44158
G1 X39.155 Y34.949 E296.48755
G1 X39.931 Y34.738 E296.53506
G1 X40.302 Y34.368
G0 F1800 X40.44 Y34.796
G1 F600 X41.113 Y34.122 E296.5905
G1 X41.183 Y34.052
G0 F1800 X41.321 Y34.48
G1 F600 X41.993 Y33.808 E296.64581
G1 X42.063 Y33.738
G0 F1800 X42.201 Y34.165
G1 F600 X42.874 Y33.492 E296.70121
G1 X42.944 Y33.422
G0 F1800 X43.082 Y33.85
G1 F600 X43.755 Y33.177 E296.75661
G1 X43.825 Y33.107
G0 F1800 X43.962 Y33.535
G1 F600 X44.786 Y32.712 E296.82439
G1 X44.856 Y32.642
G0 F1800 X45.01 Y33.053
G1 F600 X45.86 Y32.204 E296.89432
G1 X45.93 Y32.134
G0 F1800 X46.083 Y32.546
G1 F600 X46.566 Y32.063 E296.93408
G1 F1500 E290.43408
G0 F1800 X39.776 Y34.038
G0 X39.399 Y32.788
G0 X27.326 Y34.578
G0 X27.218 Y39.607
G0 X22.798 Y39.472
G0 X22.807 Y39.373
;TYPE:WALL-INNER
G1 F1500 E296.93408
G1 F1200 X27.326 Y39.594 E297.19742
G1 X31.845 Y39.373 E297.46076
G1 X36.32 Y38.709 E297.72408
G1 X40.708 Y37.61 E297.98738
G1 X42.96 Y36.804 E298.1266
G1 X43.226 Y36.709 E298.14304
G1 X43.226 Y36.991 E298.15274
G1 X43.226 Y36.992 E298.1528
G1 X43.226 Y46.394 E298.70005
G1 X11.426 Y46.394 E300.55097
G1 X11.426 Y36.992 E301.09822
G1 X11.426 Y36.991 E301.09828
G1 X11.426 Y36.709 E301.11469
G1 X11.692 Y36.804 E301.12441
G1 X13.944 Y37.61 E301.26363
G1 X18.333 Y38.709 E301.52698
G1 X22.807 Y39.373 E301.79025
G0 F1800 X22.798 Y39.472
G0 X18.774 Y38.821
G0 X13.938 Y37.711
G0 X14.06 Y37.227
;TYPE:WALL-OUTER
G1 F600 X18.411 Y38.316 E302.05131
G1 X22.846 Y38.974 E302.31228
G1 X27.326 Y39.194 E302.57335
G1 X31.806 Y38.974 E302.83442
G1 X36.242 Y38.316 E303.09545
G1 X40.592 Y37.227 E303.35645
G1 X43.359 Y36.236 E303.52752
G1 X43.626 Y36.141 E303.54402
G1 X43.626 Y36.424 E303.55377
G1 X43.626 Y36.425 E303.55383
G1 X43.626 Y46.794 E304.15736
G1 X11.026 Y46.794 E306.05485
G1 X11.026 Y36.425 E306.65838
G1 X11.026 Y36.424 E306.65844
G1 X11.026 Y36.141 E306.67491
G1 X11.293 Y36.236 E306.68467
G1 X14.06 Y37.227 E306.85574
G0 F1800 X15.03 Y37.469
G0 X14.908 Y37.954
G0 X13.831 Y37.984
;TYPE:SKIN
G1 F600 X18.257 Y39.092 E307.12131
G1 X22.768 Y39.761 E307.38674
G1 X27.326 Y39.984 E307.65236
G1 X31.884 Y39.761 E307.91798
G1 X36.396 Y39.092 E308.18347
G1 X40.821 Y37.984 E308.44898
G1 X42.836 Y37.263 E308.57355
G1 X42.836 Y46.004 E309.08232
G1 X11.816 Y46.004 E310.88784
G1 X11.816 Y37.263 E311.39662
G1 X13.831 Y37.984 E311.52118
G0 F1800 X12.191 Y37.588
G0 X12.093 Y37.686
G1 F600 X12.302 Y38.042 E311.55446
G1 X12.679 Y37.666
G0 F1800 X13.025 Y37.886
G1 F600 X11.996 Y38.915 E311.63916
G1 X11.926 Y38.985
G0 F1800 X11.996 Y39.481
G1 F600 X13.442 Y38.035 E311.75819
G1 X13.512 Y37.965
G0 F1800 X13.864 Y38.178
G1 F600 X11.996 Y40.046 E311.91195
G1 X11.926 Y40.116
G0 F1800 X11.996 Y40.612
G1 F600 X14.317 Y38.291 E312.10301
G1 X14.387 Y38.221
G0 F1800 X14.77 Y38.404
G1 F600 X11.996 Y41.178 E312.33135
G1 X11.926 Y41.248
G0 F1800 X11.996 Y41.744
G1 F600 X15.222 Y38.517 E312.59693
G1 X15.292 Y38.447
G0 F1800 X15.675 Y38.63
G1 F600 X11.996 Y42.309 E312.89977
G1 X11.926 Y42.379
G0 F1800 X11.996 Y42.875
G1 F600 X16.127 Y38.743 E313.23985
G1 X16.197 Y38.673
G0 F1800 X16.58 Y38.856
G1 F600 X11.996 Y43.441 E313.61722
G1 X11.926 Y43.511
G0 F1800 X11.996 Y44.006
G1 F600 X17.032 Y38.97 E314.03176
G1 X17.102 Y38.9
G0 F1800 X17.485 Y39.083
G1 F600 X11.996 Y44.572 E314.48359
G1 X11.926 Y44.642
G0 F1800 X11.996 Y45.138
G1 F600 X17.937 Y39.196 E314.97266
G1 X18.007 Y39.126
G0 F1800 X18.405 Y39.293
G1 F600 X11.996 Y45.703 E315.50025
G1 X11.926 Y45.773
G0 F1800 X12.442 Y45.823
G1 F600 X18.898 Y39.367 E316.03168
G1 X18.968 Y39.297
G0 F1800 X19.39 Y39.44
G1 F600 X13.007 Y45.823 E316.55709
G1 X12.937 Y45.893
G0 F1800 X13.573 Y45.823
G1 F600 X19.883 Y39.513 E317.0765
G1 X19.953 Y39.443
G0 F1800 X20.375 Y39.586
G1 F600 X14.139 Y45.823 E317.58985
G1 X14.069 Y45.893
G0 F1800 X14.704 Y45.823
G1 F600 X20.868 Y39.659 E318.09724
G1 X20.938 Y39.589
G0 F1800 X21.36 Y39.733
G1 F600 X15.27 Y45.823 E318.59854
G1 X15.2 Y45.893
G0 F1800 X15.836 Y45.823
G1 F600 X21.853 Y39.805 E319.09386
G1 X21.923 Y39.735
G0 F1800 X22.346 Y39.878
G1 F600 X16.402 Y45.823 E319.58318
G1 X16.332 Y45.893
G0 F1800 X16.967 Y45.823
G1 F600 X22.847 Y39.943 E320.06719
G1 X22.917 Y39.873
G0 F1800 X23.386 Y39.969
G1 F600 X17.533 Y45.823 E320.54902
G1 X17.463 Y45.893
G0 F1800 X18.099 Y45.823
G1 F600 X23.925 Y39.996 E321.02863
G1 X23.995 Y39.926
G0 F1800 X24.465 Y40.022
G1 F600 X18.664 Y45.823 E321.50614
G1 X18.594 Y45.893
G0 F1800 X19.23 Y45.823
G1 F600 X25.004 Y40.049 E321.98142
G1 X25.074 Y39.979
G0 F1800 X25.544 Y40.075
G1 F600 X19.796 Y45.823 E322.45456
G1 X19.726 Y45.893
G0 F1800 X20.361 Y45.823
G1 F600 X26.083 Y40.102 E322.92553
G1 X26.153 Y40.032
G0 F1800 X26.622 Y40.128
G1 F600 X20.927 Y45.823 E323.39431
G1 X20.857 Y45.893
G0 F1800 X21.493 Y45.823
G1 F600 X27.162 Y40.154 E323.86095
G1 X27.232 Y40.084
G0 F1800 X27.739 Y40.142
G1 F600 X22.058 Y45.823 E324.32858
G1 X21.988 Y45.893
G0 F1800 X22.624 Y45.823
G1 F600 X28.334 Y40.113 E324.7986
G1 X28.404 Y40.043
G0 F1800 X28.929 Y40.084
G1 F600 X23.19 Y45.823 E325.271
G1 X23.12 Y45.893
G0 F1800 X23.755 Y45.823
G1 F600 X29.523 Y40.055 E325.74579
G1 X29.593 Y39.985
G0 F1800 X30.118 Y40.026
G1 F600 X24.321 Y45.823 E326.22297
G1 X24.251 Y45.893
G0 F1800 X24.887 Y45.823
G1 F600 X30.713 Y39.997 E326.70253
G1 X30.783 Y39.927
G0 F1800 X31.308 Y39.967
G1 F600 X25.453 Y45.823 E327.18453
G1 X25.383 Y45.893
G0 F1800 X26.018 Y45.823
G1 F600 X31.903 Y39.938 E327.66895
G1 X31.973 Y39.868
G0 F1800 X32.567 Y39.84
G1 F600 X26.584 Y45.823 E328.16144
G1 X26.514 Y45.893
G0 F1800 X27.15 Y45.823
G1 F600 X33.231 Y39.741 E328.66203
G1 X33.301 Y39.671
G0 F1800 X33.895 Y39.643
G1 F600 X27.715 Y45.823 E329.17074
G1 X27.645 Y45.893
G0 F1800 X28.281 Y45.823
G1 F600 X34.56 Y39.544 E329.68759
G1 X34.63 Y39.474
G0 F1800 X35.224 Y39.445
G1 F600 X28.847 Y45.823 E330.21255
G1 X28.777 Y45.893
G0 F1800 X29.412 Y45.823
G1 F600 X35.889 Y39.346 E330.74571
G1 X35.959 Y39.276
G0 F1800 X36.569 Y39.232
G1 F600 X29.978 Y45.823 E331.28824
G1 X29.908 Y45.893
G0 F1800 X30.544 Y45.823
G1 F600 X37.323 Y39.043 E331.84629
G1 X37.393 Y38.973
G0 F1800 X38.078 Y38.854
G1 F600 X31.109 Y45.823 E332.41994
G1 X31.039 Y45.893
G0 F1800 X31.675 Y45.823
G1 F600 X38.832 Y38.666 E333.00907
G1 X38.902 Y38.596
G0 F1800 X39.586 Y38.477
G1 F600 X32.241 Y45.823 E333.61371
G1 X32.171 Y45.893
G0 F1800 X32.806 Y45.823
G1 F600 X40.341 Y38.289 E334.23391
G1 X40.411 Y38.219
G0 F1800 X41.133 Y38.062
G1 F600 X33.372 Y45.823 E334.87276
G1 X33.302 Y45.893
G0 F1800 X33.938 Y45.823
G1 F600 X42.013 Y37.748 E335.53745
G1 X42.083 Y37.678
G0 F1800 X42.655 Y37.671
G1 F600 X34.503 Y45.823 E336.20848
G1 X34.433 Y45.893
G0 F1800 X35.069 Y45.823
G1 F600 X42.655 Y38.237 E336.83291
G1 X42.725 Y38.167
G0 F1800 X42.655 Y38.803
G1 F600 X35.635 Y45.823 E337.41076
G1 X35.565 Y45.893
G0 F1800 X36.201 Y45.823
G1 F600 X42.655 Y39.368 E337.94206
G1 X42.725 Y39.298
G0 F1800 X42.655 Y39.934
G1 F600 X36.766 Y45.823 E338.42681
G1 X36.696 Y45.893
G0 F1800 X37.332 Y45.823
G1 F600 X42.655 Y40.5 E338.86497
G1 X42.725 Y40.43
G0 F1800 X42.655 Y41.065
G1 F600 X37.898 Y45.823 E339.25659
G1 X37.828 Y45.893
G0 F1800 X38.463 Y45.823
G1 F600 X42.655 Y41.631 E339.60165
G1 X42.725 Y41.561
G0 F1800 X42.655 Y42.197
G1 F600 X39.029 Y45.823 E339.90012
G1 X38.959 Y45.893
G0 F1800 X39.595 Y45.823
G1 F600 X42.655 Y42.762 E340.15205
G1 X42.725 Y42.692
G0 F1800 X42.655 Y43.328
G1 F600 X40.16 Y45.823 E340.35742
G1 X40.09 Y45.893
G0 F1800 X40.726 Y45.823
G1 F600 X42.655 Y43.894 E340.51621
G1 X42.725 Y43.824
G0 F1800 X42.655 Y44.46
G1 F600 X41.292 Y45.823 E340.6284
G1 X41.222 Y45.893
G0 F1800 X41.857 Y45.823
G1 F600 X42.655 Y45.025 E340.69409
G1 X42.725 Y44.955
G0 F1800 X42.655 Y45.591
G1 F600 X42.423 Y45.823 E340.71319
G1 F1500 E334.21319
G0 F1800 X11.44 Y46.38
G0 X7.966 Y46.12
G0 X9.656 Y48.664
G0 X9.726 Y48.594
;TYPE:WALL-INNER
G1 F1500 E340.71319
G1 F1200 X44.926 Y48.594 E342.76201
G1 X44.926 Y35.554 E343.52101
G1 X46.442 Y34.836 E343.61864
G1 X46.726 Y34.702 E343.63692
G1 X46.726 Y35.016 E343.64748
G1 X46.726 Y35.017 E343.64754
G1 X46.726 Y50.394 E344.54256
G1 X7.926 Y50.394 E346.80093
G1 X7.926 Y35.017 E347.69595
G1 X7.926 Y35.016 E347.69601
G1 X7.926 Y34.702 E347.71428
G1 X8.21 Y34.836 E347.72485
G1 X9.726 Y35.554 E347.82248
G1 X9.726 Y48.594 E348.58148
G0 F1800 X10.126 Y48.194
;TYPE:WALL-OUTER
G1 F600 X44.526 Y48.194 E350.58374
G1 X44.526 Y35.289 E351.33488
G1 X44.624 Y35.254 E351.34094
G1 X46.842 Y34.204 E351.48377
G1 X47.126 Y34.07 E351.50205
G1 X47.126 Y34.384 E351.51261
G1 X47.126 Y34.385 E351.51267
G1 X47.126 Y50.794 E352.46776
G1 X7.526 Y50.794 E354.77269
G1 X7.526 Y34.385 E355.72778
G1 X7.526 Y34.384 E355.72784
G1 X7.526 Y34.07 E355.74611
G1 X7.81 Y34.204 E355.75668
G1 X10.028 Y35.254 E355.89951
G1 X10.126 Y35.289 E355.90557
G1 X10.126 Y48.194 E356.65671
G0 F1800 X11.126 Y48.194
G0 X11.126 Y48.694
G0 X9.336 Y48.984
;TYPE:SKIN
G1 F600 X45.316 Y48.984 E358.75093
G1 X45.316 Y35.801 E359.51825
G1 X46.336 Y35.318 E359.58394
G1 X46.336 Y50.004 E360.43874
G1 X8.316 Y50.004 E362.65171
G1 X8.316 Y35.318 E363.50651
G1 X9.336 Y35.801 E363.5722
G1 X9.336 Y48.984 E364.33952
G0 F1800 X8.897 Y35.791
G1 F600 X8.495 Y36.193 E364.37261
G0 F1800 X8.495 Y36.758
G1 F600 X9.156 Y36.098 E364.42698
G1 X9.226 Y36.028
G0 F1800 X9.156 Y36.664
G1 F600 X8.495 Y37.324 E364.48134
G1 X8.425 Y37.394
G0 F1800 X8.495 Y37.89
G1 F600 X9.156 Y37.229 E364.53575
G1 X9.226 Y37.159
G0 F1800 X9.156 Y37.795
G1 F600 X8.495 Y38.456 E364.59016
G1 X8.425 Y38.526
G0 F1800 X8.495 Y39.021
G1 F600 X9.156 Y38.361 E364.64453
G1 X9.226 Y38.291
G0 F1800 X9.156 Y38.926
G1 F600 X8.495 Y39.587 E364.69894
G1 X8.425 Y39.657
G0 F1800 X8.495 Y40.153
G1 F600 X9.156 Y39.492 E364.75335
G1 X9.226 Y39.422
G0 F1800 X9.156 Y40.058
G1 F600 X8.495 Y40.718 E364.80772
G1 X8.425 Y40.788
G0 F1800 X8.495 Y41.284
G1 F600 X9.156 Y40.623 E364.86213
G1 X9.226 Y40.553
G0 F1800 X9.156 Y41.189
G1 F600 X8.495 Y41.85 E364.91654
G1 X8.425 Y41.92
G0 F1800 X8.495 Y42.415
G1 F600 X9.156 Y41.755 E364.97091
G1 X9.226 Y41.685
G0 F1800 X9.156 Y42.321
G1 F600 X8.495 Y42.981 E365.02528
G1 X8.425 Y43.051
G0 F1800 X8.495 Y43.547
G1 F600 X9.156 Y42.886 E365.07969
G1 X9.226 Y42.816
G0 F1800 X9.156 Y43.452
G1 F600 X8.495 Y44.112 E365.13406
G1 X8.425 Y44.182
G0 F1800 X8.495 Y44.678
G1 F600 X9.156 Y44.018 E365.18843
G1 X9.226 Y43.948
G0 F1800 X9.156 Y44.583
G1 F600 X8.495 Y45.244 E365.24284
G1 X8.425 Y45.314
G0 F1800 X8.495 Y45.809
G1 F600 X9.156 Y45.149 E365.29721
G1 X9.226 Y45.079
G0 F1800 X9.156 Y45.715
G1 F600 X8.495 Y46.375 E365.35158
G1 X8.425 Y46.445
G0 F1800 X8.495 Y46.941
G1 F600 X9.156 Y46.28 E365.40599
G1 X9.226 Y46.21
G0 F1800 X9.156 Y46.846
G1 F600 X8.495 Y47.506 E365.46035
G1 X8.425 Y47.576
G0 F1800 X8.495 Y48.072
G1 F600 X9.156 Y47.412 E365.51472
G1 X9.226 Y47.342
G0 F1800 X9.156 Y47.977
G1 F600 X8.495 Y48.638 E365.56913
G1 X8.425 Y48.708
G0 F1800 X8.495 Y49.204
G1 F600 X9.156 Y48.543 E365.62354
G1 X9.226 Y48.473
G0 F1800 X9.156 Y49.109
G1 F600 X8.495 Y49.769 E365.67791
G1 X8.425 Y49.839
G0 F1800 X9.007 Y49.823
G1 F600 X9.668 Y49.163 E365.73228
G1 X9.738 Y49.093
G0 F1800 X10.233 Y49.163
G1 F600 X9.573 Y49.823 E365.78661
G1 X9.503 Y49.893
G0 F1800 X10.139 Y49.823
G1 F600 X10.799 Y49.163 E365.84094
G1 X10.869 Y49.093
G0 F1800 X11.365 Y49.163
G1 F600 X10.704 Y49.823 E365.8953
G1 X10.634 Y49.893
G0 F1800 X11.27 Y49.823
G1 F600 X11.931 Y49.163 E365.94967
G1 X12.001 Y49.093
G0 F1800 X12.496 Y49.163
G1 F600 X11.836 Y49.823 E366.004
G1 X11.766 Y49.893
G0 F1800 X12.401 Y49.823
G1 F600 X13.062 Y49.163 E366.05837
G1 X13.132 Y49.093
G0 F1800 X13.628 Y49.163
G1 F600 X12.967 Y49.823 E366.11274
G1 X12.897 Y49.893
G0 F1800 X13.533 Y49.823
G1 F600 X14.193 Y49.163 E366.16707
G1 X14.263 Y49.093
G0 F1800 X14.759 Y49.163
G1 F600 X14.099 Y49.823 E366.22139
G1 X14.029 Y49.893
G0 F1800 X14.664 Y49.823
G1 F600 X15.325 Y49.163 E366.27576
G1 X15.395 Y49.093
G0 F1800 X15.89 Y49.163
G1 F600 X15.23 Y49.823 E366.33009
G1 X15.16 Y49.893
G0 F1800 X15.796 Y49.823
G1 F600 X16.456 Y49.163 E366.38442
G1 X16.526 Y49.093
G0 F1800 X17.022 Y49.163
G1 F600 X16.361 Y49.823 E366.43879
G1 X16.291 Y49.893
G0 F1800 X16.927 Y49.823
G1 F600 X17.587 Y49.163 E366.49311
G1 X17.657 Y49.093
G0 F1800 X18.153 Y49.163
G1 F600 X17.493 Y49.823 E366.54744
G1 X17.423 Y49.893
G0 F1800 X18.058 Y49.823
G1 F600 X18.719 Y49.163 E366.60181
G1 X18.789 Y49.093
G0 F1800 X19.284 Y49.163
G1 F600 X18.624 Y49.823 E366.65614
G1 X18.554 Y49.893
G0 F1800 X19.19 Y49.823
G1 F600 X19.85 Y49.163 E366.71047
G1 X19.92 Y49.093
G0 F1800 X20.416 Y49.163
G1 F600 X19.755 Y49.823 E366.76484
G1 X19.685 Y49.893
G0 F1800 X20.321 Y49.823
G1 F600 X20.981 Y49.163 E366.81916
G1 X21.051 Y49.093
G0 F1800 X21.547 Y49.163
G1 F600 X20.887 Y49.823 E366.87349
G1 X20.817 Y49.893
G0 F1800 X21.452 Y49.823
G1 F600 X22.113 Y49.163 E366.92786
G1 X22.183 Y49.093
G0 F1800 X22.679 Y49.163
G1 F600 X22.018 Y49.823 E366.98223
G1 X21.948 Y49.893
G0 F1800 X22.584 Y49.823
G1 F600 X23.244 Y49.163 E367.03656
G1 X23.314 Y49.093
G0 F1800 X23.81 Y49.163
G1 F600 X23.149 Y49.823 E367.09093
G1 X23.079 Y49.893
G0 F1800 X23.715 Y49.823
G1 F600 X24.376 Y49.163 E367.14529
G1 X24.446 Y49.093
G0 F1800 X24.941 Y49.163
G1 F600 X24.281 Y49.823 E367.19962
G1 X24.211 Y49.893
G0 F1800 X24.847 Y49.823
G1 F600 X25.507 Y49.163 E367.25395
G1 X25.577 Y49.093
G0 F1800 X26.073 Y49.163
G1 F600 X25.412 Y49.823 E367.30832
G1 X25.342 Y49.893
G0 F1800 X25.978 Y49.823
G1 F600 X26.638 Y49.163 E367.36265
G1 X26.708 Y49.093
G0 F1800 X27.204 Y49.163
G1 F600 X26.544 Y49.823 E367.41697
G1 X26.474 Y49.893
G0 F1800 X27.109 Y49.823
G1 F600 X27.77 Y49.163 E367.47134
G1 X27.84 Y49.093
G0 F1800 X28.335 Y49.163
G1 F600 X27.675 Y49.823 E367.52567
G1 X27.605 Y49.893
G0 F1800 X28.241 Y49.823
G1 F600 X28.901 Y49.163 E367.58
G1 X28.971 Y49.093
G0 F1800 X29.467 Y49.163
G1 F600 X28.806 Y49.823 E367.63437
G1 X28.736 Y49.893
G0 F1800 X29.372 Y49.823
G1 F600 X30.032 Y49.163 E367.68869
G1 X30.102 Y49.093
G0 F1800 X30.598 Y49.163
G1 F600 X29.938 Y49.823 E367.74302
G1 X29.868 Y49.893
G0 F1800 X30.503 Y49.823
G1 F600 X31.164 Y49.163 E367.79739
G1 X31.234 Y49.093
G0 F1800 X31.73 Y49.163
G1 F600 X31.069 Y49.823 E367.85176
G1 X30.999 Y49.893
G0 F1800 X31.635 Y49.823
G1 F600 X32.295 Y49.163 E367.90609
G1 X32.365 Y49.093
G0 F1800 X32.861 Y49.163
G1 F600 X32.2 Y49.823 E367.96046
G1 X32.13 Y49.893
G0 F1800 X32.766 Y49.823
G1 F600 X33.427 Y49.163 E368.01482
G1 X33.497 Y49.093
G0 F1800 X33.992 Y49.163
G1 F600 X33.332 Y49.823 E368.06915
G1 X33.262 Y49.893
G0 F1800 X33.897 Y49.823
G1 F600 X34.558 Y49.163 E368.12352
G1 X34.628 Y49.093
G0 F1800 X35.124 Y49.163
G1 F600 X34.463 Y49.823 E368.17789
G1 X34.393 Y49.893
G0 F1800 X35.029 Y49.823
G1 F600 X35.689 Y49.163 E368.23222
G1 X35.759 Y49.093
G0 F1800 X36.255 Y49.163
G1 F600 X35.595 Y49.823 E368.28655
G1 X35.525 Y49.893
G0 F1800 X36.16 Y49.823
G1 F600 X36.821 Y49.163 E368.34091
G1 X36.891 Y49.093
G0 F1800 X37.386 Y49.163
G1 F600 X36.726 Y49.823 E368.39524
G1 X36.656 Y49.893
G0 F1800 X37.292 Y49.823
G1 F600 X37.952 Y49.163 E368.44957
G1 X38.022 Y49.093
G0 F1800 X38.518 Y49.163
G1 F600 X37.857 Y49.823 E368.50394
G1 X37.787 Y49.893
G0 F1800 X38.423 Y49.823
G1 F600 X39.083 Y49.163 E368.55827
G1 X39.153 Y49.093
G0 F1800 X39.649 Y49.163
G1 F600 X38.989 Y49.823 E368.61259
G1 X38.919 Y49.893
G0 F1800 X39.554 Y49.823
G1 F600 X40.215 Y49.163 E368.66696
G1 X40.285 Y49.093
G0 F1800 X40.78 Y49.163
G1 F600 X40.12 Y49.823 E368.72129
G1 X40.05 Y49.893
G0 F1800 X40.686 Y49.823
G1 F600 X41.346 Y49.163 E368.77562
G1 X41.416 Y49.093
G0 F1800 X41.912 Y49.163
G1 F600 X41.251 Y49.823 E368.82999
G1 X41.181 Y49.893
G0 F1800 X41.817 Y49.823
G1 F600 X42.478 Y49.163 E368.88436
G1 X42.548 Y49.093
G0 F1800 X43.043 Y49.163
G1 F600 X42.383 Y49.823 E368.93868
G1 X42.313 Y49.893
G0 F1800 X42.948 Y49.823
G1 F600 X43.609 Y49.163 E368.99305
G1 X43.679 Y49.093
G0 F1800 X44.175 Y49.163
G1 F600 X43.514 Y49.823 E369.04742
G1 X43.444 Y49.893
G0 F1800 X44.08 Y49.823
G1 F600 X44.74 Y49.163 E369.10175
G1 X44.81 Y49.093
G0 F1800 X45.306 Y49.163
G1 F600 X44.646 Y49.823 E369.15608
G1 X44.576 Y49.893
G0 F1800 X45.211 Y49.823
G1 F600 X46.155 Y48.879 E369.23378
G1 X46.225 Y48.809
G0 F1800 X46.155 Y48.313
G1 F600 X45.495 Y48.973 E369.28811
G1 X45.425 Y49.043
G0 F1800 X45.495 Y48.407
G1 F600 X46.155 Y47.748 E369.3424
G1 X46.225 Y47.678
G0 F1800 X46.155 Y47.182
G1 F600 X45.495 Y47.842 E369.39672
G1 X45.425 Y47.912
G0 F1800 X45.495 Y47.276
G1 F600 X46.155 Y46.616 E369.45105
G1 X46.225 Y46.546
G0 F1800 X46.155 Y46.051
G1 F600 X45.495 Y46.71 E369.50534
G1 X45.425 Y46.78
G0 F1800 X45.495 Y46.145
G1 F600 X46.155 Y45.485 E369.55966
G1 X46.225 Y45.415
G0 F1800 X46.155 Y44.919
G1 F600 X45.495 Y45.579 E369.61399
G1 X45.425 Y45.649
G0 F1800 X45.495 Y45.013
G1 F600 X46.155 Y44.353 E369.66832
G1 X46.225 Y44.283
G0 F1800 X46.155 Y43.788
G1 F600 X45.495 Y44.448 E369.72265
G1 X45.425 Y44.518
G0 F1800 X45.495 Y43.882
G1 F600 X46.155 Y43.222 E369.77698
G1 X46.225 Y43.152
G0 F1800 X46.154 Y42.657
G1 F600 X45.495 Y43.316 E369.83122
G1 X45.425 Y43.386
G0 F1800 X45.495 Y42.75
G1 F600 X46.154 Y42.091 E369.88547
G1 X46.224 Y42.021
G0 F1800 X46.154 Y41.526
G1 F600 X45.495 Y42.185 E369.93971
G1 X45.425 Y42.255
G0 F1800 X45.495 Y41.619
G1 F600 X46.154 Y40.96 E369.99396
G1 X46.224 Y40.89
G0 F1800 X46.154 Y40.394
G1 F600 X45.495 Y41.053 E370.0482
G1 X45.425 Y41.123
G0 F1800 X45.495 Y40.488
G1 F600 X46.154 Y39.829 E370.10245
G1 X46.224 Y39.759
G0 F1800 X46.154 Y39.263
G1 F600 X45.495 Y39.922 E370.15669
G1 X45.425 Y39.992
G0 F1800 X45.495 Y39.356
G1 F600 X46.154 Y38.697 E370.21094
G1 X46.224 Y38.627
G0 F1800 X46.154 Y38.132
G1 F600 X45.495 Y38.791 E370.26518
G1 X45.425 Y38.861
G0 F1800 X45.495 Y38.225
G1 F600 X46.154 Y37.566 E370.31943
G1 X46.224 Y37.496
G0 F1800 X46.154 Y37
G1 F600 X45.495 Y37.659 E370.37367
G1 X45.425 Y37.729
G0 F1800 X45.495 Y37.094
G1 F600 X46.154 Y36.435 E370.42792
G1 X46.224 Y36.365
G0 F1800 X46.154 Y35.869
G1 F600 X45.495 Y36.528 E370.48216
G1 X45.425 Y36.598
G0 F1800 X45.495 Y35.962
G1 F600 X45.587 Y35.871 E370.4897
G0 F1800 X46.155 Y49.445
G1 F600 X45.777 Y49.823 E370.52081
G1 F1500 E364.02081
G0 F1800 X42.452 Y50.354
G0 X42.452 Y51.659
G0 X47.979 Y51.647
G0 X48.484 Y33.435
G0 X48.479 Y30.241
G0 X45.744 Y30.23
G0 X23.25 Y34.38
G0 X23.123 Y35.678
G0 X23.117 Y35.738
G0 X23.126 Y35.639
;TIME_ELAPSED:696.738484
;LAYER:4
G0 X23.126 Y35.639 Z1.7
;TYPE:WALL-INNER
G1 F1500 E370.52081
G1 F1200 X27.326 Y35.844 E370.76556
G1 X31.526 Y35.639 E371.01032
G1 X35.686 Y35.021 E371.25511
G1 X39.765 Y34 E371.49985
G1 X43.725 Y32.583 E371.74466
G1 X46.029 Y31.494 E371.89299
G1 X47.226 Y31.494 E371.96266
G1 X47.226 Y32.637 E372.02919
G1 X44.31 Y34.016 E372.21694
G1 X40.215 Y35.481 E372.47008
G1 X35.992 Y36.538 E372.72346
G1 X31.681 Y37.178 E372.97714
G1 X27.326 Y37.393 E373.23093
G1 X22.971 Y37.178 E373.48472
G1 X18.66 Y36.538 E373.73839
G1 X14.437 Y35.481 E373.99178
G1 X10.342 Y34.016 E374.24492
G1 X7.426 Y32.637 E374.43267
G1 X7.426 Y31.494 E374.4992
G1 X8.623 Y31.494 E374.56887
G1 X10.928 Y32.583 E374.71725
G1 X14.888 Y34 E374.96206
G1 X18.967 Y35.021 E375.2068
G1 X23.126 Y35.639 E375.45154
G0 F1800 X23.117 Y35.738
G0 X19.376 Y35.128
G0 X14.837 Y34.087
G0 X15.004 Y33.617
;TYPE:WALL-OUTER
G1 F600 X19.045 Y34.628 E375.69399
G1 X23.165 Y35.24 E375.93643
G1 X27.326 Y35.444 E376.17891
G1 X31.487 Y35.24 E376.42139
G1 X35.608 Y34.628 E376.66389
G1 X39.649 Y33.617 E376.90635
G1 X43.572 Y32.213 E377.14887
G1 X45.938 Y31.094 E377.30121
G1 X47.626 Y31.094 E377.39946
G1 X47.626 Y32.891 E377.50405
G1 X44.463 Y34.387 E377.70771
G1 X40.336 Y35.863 E377.96282
G1 X36.066 Y36.932 E378.21903
G1 X31.719 Y37.577 E378.47482
G1 X27.326 Y37.794 E378.73082
G1 X22.933 Y37.577 E378.98683
G1 X18.586 Y36.932 E379.24262
G1 X14.316 Y35.863 E379.49883
G1 X10.189 Y34.387 E379.75394
G1 X7.026 Y32.891 E379.9576
G1 X7.026 Y31.094 E380.06219
G1 X8.714 Y31.094 E380.16044
G1 X11.081 Y32.213 E380.31283
G1 X15.004 Y33.617 E380.55536
G0 F1800 X15.974 Y33.859
G0 X15.852 Y34.344
G0 X14.775 Y34.374
;TYPE:SKIN
G1 F600 X18.891 Y35.404 E380.80232
G1 X23.087 Y36.027 E381.04922
G1 X27.326 Y36.234 E381.29625
G1 X31.565 Y36.027 E381.54327
G1 X35.762 Y35.404 E381.79024
G1 X39.878 Y34.374 E382.0372
G1 X43.875 Y32.944 E382.28429
G1 X46.117 Y31.884 E382.42863
G1 X46.836 Y31.884 E382.47048
G1 X46.836 Y32.39 E382.49993
G1 X44.153 Y33.658 E382.67266
G1 X40.103 Y35.107 E382.92302
G1 X35.92 Y36.154 E383.17401
G1 X31.646 Y36.788 E383.4255
G1 X27.326 Y37.003 E383.67726
G1 X23.006 Y36.788 E383.92902
G1 X18.732 Y36.154 E384.18051
G1 X14.549 Y35.107 E384.43149
G1 X10.499 Y33.658 E384.68185
G1 X7.816 Y32.39 E384.85458
G1 X7.816 Y31.884 E384.88403
G1 X8.535 Y31.884 E384.92588
G1 X10.778 Y32.944 E385.07028
G1 X14.775 Y34.374 E385.31737
G0 F1800 X8.304 Y32.063
G1 F600 X8.983 Y32.742 E385.37326
G1 X9.053 Y32.812
G0 F1800 X9.207 Y32.4
G1 F600 X10.057 Y33.25 E385.44323
G1 X10.127 Y33.32
G0 F1800 X10.279 Y32.907
G1 F600 X11.03 Y33.657 E385.505
G1 X11.1 Y33.727
G0 F1800 X11.237 Y33.299
G1 F600 X11.91 Y33.972 E385.5604
G1 X11.98 Y34.042
G0 F1800 X12.117 Y33.613
G1 F600 X12.79 Y34.286 E385.6158
G1 X12.86 Y34.356
G0 F1800 X12.998 Y33.929
G1 F600 X13.671 Y34.601 E385.67116
G1 X13.741 Y34.671
G0 F1800 X13.879 Y34.243
G1 F600 X14.551 Y34.916 E385.72651
G1 X14.621 Y34.986
G0 F1800 X15.033 Y34.832
G1 F600 X15.787 Y35.021 E385.77232
G1 X16.542 Y35.209 E385.81818
G1 X17.296 Y35.398 E385.86387
G1 X18.051 Y35.587 E385.90974
G1 X18.786 Y35.757 E385.95398
G1 X19.47 Y35.875 E385.99509
G1 X20.135 Y35.974 E386.03461
G1 X20.799 Y36.072 E386.07407
G1 X21.463 Y36.171 E386.11354
G1 X22.127 Y36.269 E386.15299
G1 X22.791 Y36.367 E386.19245
G1 X23.413 Y36.424 E386.22953
G1 X24.008 Y36.454 E386.26447
G1 X24.603 Y36.483 E386.29958
G1 X25.198 Y36.512 E386.33468
G1 X25.794 Y36.542 E386.36985
G1 X26.388 Y36.571 E386.40507
G1 X26.984 Y36.601 E386.44041
G1 X27.554 Y36.605 E386.47409
G1 X28.094 Y36.579 E386.50603
G1 X28.633 Y36.552 E386.53791
G1 X29.172 Y36.526 E386.56971
G1 X29.711 Y36.499 E386.6016
G1 X30.25 Y36.473 E386.63332
G1 X30.789 Y36.446 E386.66505
G1 X31.328 Y36.419 E386.69669
G1 X31.844 Y36.37 E386.72701
G1 X32.337 Y36.297 E386.75624
G1 X32.83 Y36.224 E386.78554
G1 X33.322 Y36.151 E386.81478
G1 X33.815 Y36.078 E386.84408
G1 X34.308 Y36.005 E386.87337
G1 X34.8 Y35.932 E386.90261
G1 X35.293 Y35.859 E386.93191
G1 X35.782 Y35.782 E386.96094
G1 X36.242 Y35.677 E386.98909
G1 X36.695 Y35.564 E387.01661
G1 X37.147 Y35.45 E387.04408
G1 X37.6 Y35.337 E387.07166
G1 X38.053 Y35.224 E387.09924
G1 X38.505 Y35.111 E387.1267
G1 X38.958 Y34.998 E387.15421
G1 X39.41 Y34.884 E387.18162
G1 X39.863 Y34.771 E387.20906
G1 X40.289 Y34.632 E387.23573
G1 X40.706 Y34.484 E387.26181
G1 X41.123 Y34.335 E387.28797
G1 X41.539 Y34.185 E387.31403
G1 X41.956 Y34.036 E387.34013
G1 X42.372 Y33.887 E387.36623
G1 X42.789 Y33.738 E387.39233
G1 X43.206 Y33.589 E387.41843
G1 X43.622 Y33.44 E387.44453
G1 X44.035 Y33.287 E387.47023
G1 X44.421 Y33.107 E387.49539
G1 X44.805 Y32.926 E387.52029
G1 X45.189 Y32.744 E387.54527
G1 X45.574 Y32.563 E387.57022
G1 X45.958 Y32.381 E387.5952
G1 X46.349 Y32.207 E387.61942
G0 F1800 X46.493 Y32.351
G1 F1500 E381.11942
G0 F1800 X39.776 Y34.038
G0 X39.399 Y32.788
G0 X27.326 Y34.578
G0 X27.218 Y39.607
G0 X22.798 Y39.472
G0 X22.807 Y39.373
;TYPE:WALL-INNER
G1 F1500 E387.61942
G1 F1200 X27.326 Y39.594 E387.88277
G1 X31.845 Y39.373 E388.14611
G1 X36.32 Y38.709 E388.40943
G1 X40.708 Y37.61 E388.67273
G1 X42.96 Y36.804 E388.81195
G1 X43.226 Y36.709 E388.82839
G1 X43.226 Y36.991 E388.83809
G1 X43.226 Y36.992 E388.83815
G1 X43.226 Y46.394 E389.3854
G1 X11.426 Y46.394 E391.23632
G1 X11.426 Y36.992 E391.78357
G1 X11.426 Y36.991 E391.78363
G1 X11.426 Y36.709 E391.80004
G1 X11.692 Y36.804 E391.80976
G1 X13.944 Y37.61 E391.94898
G1 X18.333 Y38.709 E392.21233
G1 X22.807 Y39.373 E392.47559
G0 F1800 X22.798 Y39.472
G0 X18.774 Y38.821
G0 X13.938 Y37.711
G0 X14.06 Y37.227
;TYPE:WALL-OUTER
G1 F600 X18.411 Y38.316 E392.73666
G1 X22.846 Y38.974 E392.99762
G1 X27.326 Y39.194 E393.2587
G1 X31.806 Y38.974 E393.51977
G1 X36.242 Y38.316 E393.78079
G1 X40.592 Y37.227 E394.0418
G1 X43.359 Y36.236 E394.21287
G1 X43.626 Y36.141 E394.22937
G1 X43.626 Y36.424 E394.23912
G1 X43.626 Y36.425 E394.23918
G1 X43.626 Y46.794 E394.84271
G1 X11.026 Y46.794 E396.7402
G1 X11.026 Y36.425 E397.34373
G1 X11.026 Y36.424 E397.34378
G1 X11.026 Y36.141 E397.36026
G1 X11.293 Y36.236 E397.37002
G1 X14.06 Y37.227 E397.54109
G0 F1800 X15.03 Y37.469
G0 X14.908 Y37.954
G0 X13.831 Y37.984
;TYPE:SKIN
G1 F600 X18.257 Y39.092 E397.80666
G1 X22.768 Y39.761 E398.07209
G1 X27.326 Y39.984 E398.33771
G1 X31.884 Y39.761 E398.60333
G1 X36.396 Y39.092 E398.86882
G1 X40.821 Y37.984 E399.13433
G1 X42.836 Y37.263 E399.25889
G1 X42.836 Y46.004 E399.76767
G1 X11.816 Y46.004 E401.57319
G1 X11.816 Y37.263 E402.08196
G1 X13.831 Y37.984 E402.20653
G0 F1800 X12.447 Y45.823
G1 F600 X11.995 Y45.37 E402.24378
G0 F1800 X11.995 Y44.805
G1 F600 X13.013 Y45.823 E402.32757
G1 X13.083 Y45.893
G0 F1800 X13.579 Y45.823
G1 F600 X11.995 Y44.239 E402.45796
G1 X11.925 Y44.169
G0 F1800 X11.995 Y43.673
G1 F600 X14.144 Y45.823 E402.6349
G1 X14.214 Y45.893
G0 F1800 X14.71 Y45.823
G1 F600 X11.995 Y43.108 E402.85838
G1 X11.925 Y43.038
G0 F1800 X11.995 Y42.542
G1 F600 X15.276 Y45.823 E403.12845
G1 X15.346 Y45.893
G0 F1800 X15.842 Y45.823
G1 F600 X11.995 Y41.976 E403.44512
G1 X11.925 Y41.906
G0 F1800 X11.995 Y41.411
G1 F600 X16.407 Y45.823 E403.80829
G1 X16.477 Y45.893
G0 F1800 X16.973 Y45.823
G1 F600 X11.995 Y40.845 E404.21805
G1 X11.925 Y40.775
G0 F1800 X11.995 Y40.279
G1 F600 X17.539 Y45.823 E404.67441
G1 X17.609 Y45.893
G0 F1800 X18.104 Y45.823
G1 F600 X11.995 Y39.713 E405.17731
G1 X11.925 Y39.643
G0 F1800 X11.995 Y39.148
G1 F600 X18.67 Y45.823 E405.72676
G1 X18.74 Y45.893
G0 F1800 X19.236 Y45.823
G1 F600 X11.995 Y38.582 E406.3228
G1 X11.925 Y38.512
G0 F1800 X11.995 Y38.016
G1 F600 X19.801 Y45.823 E406.96539
G1 X19.871 Y45.893
G0 F1800 X20.367 Y45.823
G1 F600 X12.1 Y37.555 E407.64592
G1 X12.03 Y37.485
G0 F1800 X12.981 Y37.871
G1 F600 X20.933 Y45.823 E408.30049
G1 X21.003 Y45.893
G0 F1800 X21.498 Y45.823
G1 F600 X13.85 Y38.174 E408.93007
G1 X13.78 Y38.104
G0 F1800 X14.604 Y38.363
G1 F600 X22.064 Y45.823 E409.54414
G1 X22.134 Y45.893
G0 F1800 X22.63 Y45.823
G1 F600 X15.358 Y38.551 E410.14273
G1 X15.288 Y38.481
G0 F1800 X16.112 Y38.74
G1 F600 X23.195 Y45.823 E410.72577
G1 X23.265 Y45.893
G0 F1800 X23.761 Y45.823
G1 F600 X16.867 Y38.929 E411.29324
G1 X16.797 Y38.859
G0 F1800 X17.621 Y39.117
G1 F600 X24.327 Y45.823 E411.84524
G1 X24.397 Y45.893
G0 F1800 X24.892 Y45.823
G1 F600 X18.357 Y39.287 E412.38321
G1 X18.287 Y39.217
G0 F1800 X19.021 Y39.386
G1 F600 X25.458 Y45.823 E412.91307
G1 X25.528 Y45.893
G0 F1800 X26.024 Y45.823
G1 F600 X19.685 Y39.484 E413.43486
G1 X19.615 Y39.414
G0 F1800 X20.349 Y39.583
G1 F600 X26.59 Y45.823 E413.94855
G1 X26.66 Y45.893
G0 F1800 X27.155 Y45.823
G1 F600 X21.014 Y39.682 E414.45404
G1 X20.944 Y39.612
G0 F1800 X21.678 Y39.78
G1 F600 X27.721 Y45.823 E414.95147
G1 X27.791 Y45.893
G0 F1800 X28.287 Y45.823
G1 F600 X22.343 Y39.879 E415.44075
G1 X22.273 Y39.809
G0 F1800 X22.98 Y39.95
G1 F600 X28.852 Y45.823 E415.92414
G1 X28.922 Y45.893
G0 F1800 X29.418 Y45.823
G1 F600 X23.574 Y39.979 E416.40519
G1 X23.504 Y39.909
G0 F1800 X24.169 Y40.008
G1 F600 X29.984 Y45.823 E416.88385
G1 X30.054 Y45.893
G0 F1800 X30.549 Y45.823
G1 F600 X24.765 Y40.038 E417.36
G1 X24.695 Y39.968
G0 F1800 X25.359 Y40.067
G1 F600 X31.115 Y45.823 E417.8338
G1 X31.185 Y45.893
G0 F1800 X31.681 Y45.823
G1 F600 X25.954 Y40.096 E418.30522
G1 X25.884 Y40.026
G0 F1800 X26.549 Y40.125
G1 F600 X32.246 Y45.823 E418.7742
G1 X32.316 Y45.893
G0 F1800 X32.812 Y45.823
G1 F600 X27.143 Y40.154 E419.24084
G1 X27.073 Y40.084
G0 F1800 X27.7 Y40.145
G1 F600 X33.378 Y45.823 E419.70823
G1 X33.448 Y45.893
G0 F1800 X33.943 Y45.823
G1 F600 X28.239 Y40.118 E420.17779
G1 X28.169 Y40.048
G0 F1800 X28.778 Y40.092
G1 F600 X34.509 Y45.823 E420.64954
G1 X34.579 Y45.893
G0 F1800 X35.075 Y45.823
G1 F600 X29.318 Y40.066 E421.12342
G1 X29.248 Y39.996
G0 F1800 X29.857 Y40.039
G1 F600 X35.641 Y45.823 E421.59953
G1 X35.711 Y45.893
G0 F1800 X36.206 Y45.823
G1 F600 X30.396 Y40.013 E422.07778
G1 X30.326 Y39.943
G0 F1800 X30.935 Y39.986
G1 F600 X36.772 Y45.823 E422.55825
G1 X36.842 Y45.893
G0 F1800 X37.338 Y45.823
G1 F600 X31.475 Y39.96 E423.04086
G1 X31.405 Y39.89
G0 F1800 X32.005 Y39.924
G1 F600 X37.903 Y45.823 E423.52639
G1 X37.973 Y45.893
G0 F1800 X38.469 Y45.823
G1 F600 X32.497 Y39.851 E424.01797
G1 X32.427 Y39.781
G0 F1800 X32.99 Y39.778
G1 F600 X39.035 Y45.823 E424.51557
G1 X39.105 Y45.893
G0 F1800 X39.6 Y45.823
G1 F600 X33.482 Y39.705 E425.01917
G1 X33.412 Y39.635
G0 F1800 X33.975 Y39.631
G1 F600 X40.166 Y45.823 E425.52882
G1 X40.236 Y45.893
G0 F1800 X40.732 Y45.823
G1 F600 X34.467 Y39.559 E426.04448
G1 X34.397 Y39.489
G0 F1800 X34.96 Y39.485
G1 F600 X41.297 Y45.823 E426.56615
G1 X41.367 Y45.893
G0 F1800 X41.863 Y45.823
G1 F600 X35.452 Y39.412 E427.09387
G1 X35.382 Y39.342
G0 F1800 X35.945 Y39.339
G1 F600 X42.429 Y45.823 E427.62759
G1 X42.499 Y45.893
G0 F1800 X42.655 Y45.483
G1 F600 X36.437 Y39.265 E428.13943
G1 X36.367 Y39.195
G0 F1800 X36.889 Y39.152
G1 F600 X42.655 Y44.918 E428.61405
G1 X42.725 Y44.988
G0 F1800 X42.655 Y44.352
G1 F600 X37.342 Y39.039 E429.05139
G1 X37.272 Y38.969
G0 F1800 X37.794 Y38.926
G1 F600 X42.655 Y43.786 E429.45148
G1 X42.725 Y43.856
G0 F1800 X42.655 Y43.221
G1 F600 X38.247 Y38.813 E429.81432
G1 X38.177 Y38.743
G0 F1800 X38.699 Y38.699
G1 F600 X42.655 Y42.655 E430.13996
G1 X42.725 Y42.725
G0 F1800 X42.655 Y42.089
G1 F600 X39.152 Y38.586 E430.42831
G1 X39.082 Y38.516
G0 F1800 X39.605 Y38.473
G1 F600 X42.655 Y41.524 E430.67941
G1 X42.725 Y41.594
G0 F1800 X42.655 Y40.958
G1 F600 X40.057 Y38.36 E430.89326
G1 X39.987 Y38.29
G0 F1800 X40.51 Y38.247
G1 F600 X42.655 Y40.392 E431.06983
G1 X42.725 Y40.462
G0 F1800 X42.655 Y39.827
G1 F600 X40.955 Y38.127 E431.20976
G1 X40.885 Y38.057
G0 F1800 X41.372 Y37.977
G1 F600 X42.655 Y39.261 E431.31541
G1 X42.725 Y39.331
G0 F1800 X42.655 Y38.695
G1 F600 X41.789 Y37.829 E431.3867
G1 X41.719 Y37.759
G0 F1800 X42.205 Y37.68
G1 F600 X42.655 Y38.13 E431.42374
G1 F1500 E424.92374
G0 F1800 X11.44 Y46.38
G0 X7.966 Y46.12
G0 X9.656 Y48.664
G0 X9.726 Y48.594
;TYPE:WALL-INNER
G1 F1500 E431.42374
G1 F1200 X44.926 Y48.594 E433.47256
G1 X44.926 Y35.554 E434.23156
G1 X46.442 Y34.836 E434.3292
G1 X46.726 Y34.702 E434.34747
G1 X46.726 Y35.016 E434.35804
G1 X46.726 Y35.017 E434.3581
G1 X46.726 Y50.394 E435.25312
G1 X7.926 Y50.394 E437.51148
G1 X7.926 Y35.017 E438.4065
G1 X7.926 Y35.016 E438.40656
G1 X7.926 Y34.702 E438.42484
G1 X8.21 Y34.836 E438.4354
G1 X9.726 Y35.554 E438.53304
G1 X9.726 Y48.594 E439.29203
G0 F1800 X10.126 Y48.194
;TYPE:WALL-OUTER
G1 F600 X44.526 Y48.194 E441.29429
G1 X44.526 Y35.289 E442.04543
G1 X44.624 Y35.254 E442.05149
G1 X46.842 Y34.204 E442.19432
G1 X47.126 Y34.07 E442.2126
G1 X47.126 Y34.384 E442.22317
G1 X47.126 Y34.385 E442.22322
G1 X47.126 Y50.794 E443.17831
G1 X7.526 Y50.794 E445.48324
G1 X7.526 Y34.385 E446.43833
G1 X7.526 Y34.384 E446.43839
G1 X7.526 Y34.07 E446.45667
G1 X7.81 Y34.204 E446.46723
G1 X10.028 Y35.254 E446.61007
G1 X10.126 Y35.289 E446.61612
G1 X10.126 Y48.194 E447.36726
G0 F1800 X11.126 Y48.194
G0 X11.126 Y48.694
G0 X9.336 Y48.984
;TYPE:SKIN
G1 F600 X45.316 Y48.984 E449.46149
G1 X45.316 Y35.801 E450.22881
G1 X46.336 Y35.318 E450.29449
G1 X46.336 Y50.004 E451.1493
G1 X8.316 Y50.004 E453.36226
G1 X8.316 Y35.318 E454.21706
G1 X9.336 Y35.801 E454.28275
G1 X9.336 Y48.984 E455.05007
G0 F1800 X9.094 Y49.823
G1 F600 X8.495 Y49.225 E455.09934
G1 X8.425 Y49.155
G0 F1800 X8.495 Y48.659
G1 F600 X9.659 Y49.823 E455.19515
G1 X9.729 Y49.893
G0 F1800 X10.225 Y49.823
G1 F600 X9.565 Y49.163 E455.24948
G1 X9.495 Y49.093
G0 F1800 X10.13 Y49.163
G1 F600 X10.791 Y49.823 E455.30385
G1 X10.861 Y49.893
G0 F1800 X11.356 Y49.823
G1 F600 X10.696 Y49.163 E455.35817
G1 X10.626 Y49.093
G0 F1800 X11.262 Y49.163
G1 F600 X11.922 Y49.823 E455.4125
G1 X11.992 Y49.893
G0 F1800 X12.488 Y49.823
G1 F600 X11.827 Y49.163 E455.46687
G1 X11.757 Y49.093
G0 F1800 X12.393 Y49.163
G1 F600 X13.053 Y49.823 E455.5212
G1 X13.123 Y49.893
G0 F1800 X13.619 Y49.823
G1 F600 X12.959 Y49.163 E455.57553
G1 X12.889 Y49.093
G0 F1800 X13.524 Y49.163
G1 F600 X14.185 Y49.823 E455.6299
G1 X14.255 Y49.893
G0 F1800 X14.75 Y49.823
G1 F600 X14.09 Y49.163 E455.68422
G1 X14.02 Y49.093
G0 F1800 X14.656 Y49.163
G1 F600 X15.316 Y49.823 E455.73855
G1 X15.386 Y49.893
G0 F1800 X15.882 Y49.823
G1 F600 X15.221 Y49.163 E455.79292
G1 X15.151 Y49.093
G0 F1800 X15.787 Y49.163
G1 F600 X16.448 Y49.823 E455.84729
G1 X16.518 Y49.893
G0 F1800 X17.013 Y49.823
G1 F600 X16.353 Y49.163 E455.90162
G1 X16.283 Y49.093
G0 F1800 X16.918 Y49.163
G1 F600 X17.579 Y49.823 E455.95598
G1 X17.649 Y49.893
G0 F1800 X18.145 Y49.823
G1 F600 X17.484 Y49.163 E456.01035
G1 X17.414 Y49.093
G0 F1800 X18.05 Y49.163
G1 F600 X18.71 Y49.823 E456.06468
G1 X18.78 Y49.893
G0 F1800 X19.276 Y49.823
G1 F600 X18.616 Y49.163 E456.11901
G1 X18.546 Y49.093
G0 F1800 X19.181 Y49.163
G1 F600 X19.842 Y49.823 E456.17338
G1 X19.912 Y49.893
G0 F1800 X20.407 Y49.823
G1 F600 X19.747 Y49.163 E456.22771
G1 X19.677 Y49.093
G0 F1800 X20.313 Y49.163
G1 F600 X20.973 Y49.823 E456.28203
G1 X21.043 Y49.893
G0 F1800 X21.539 Y49.823
G1 F600 X20.878 Y49.163 E456.3364
G1 X20.808 Y49.093
G0 F1800 X21.444 Y49.163
G1 F600 X22.104 Y49.823 E456.39073
G1 X22.174 Y49.893
G0 F1800 X22.67 Y49.823
G1 F600 X22.01 Y49.163 E456.44506
G1 X21.94 Y49.093
G0 F1800 X22.575 Y49.163
G1 F600 X23.236 Y49.823 E456.49943
G1 X23.306 Y49.893
G0 F1800 X23.801 Y49.823
G1 F600 X23.141 Y49.163 E456.55375
G1 X23.071 Y49.093
G0 F1800 X23.707 Y49.163
G1 F600 X24.367 Y49.823 E456.60808
G1 X24.437 Y49.893
G0 F1800 X24.933 Y49.823
G1 F600 X24.272 Y49.163 E456.66245
G1 X24.202 Y49.093
G0 F1800 X24.838 Y49.163
G1 F600 X25.498 Y49.823 E456.71678
G1 X25.568 Y49.893
G0 F1800 X26.064 Y49.823
G1 F600 X25.404 Y49.163 E456.77111
G1 X25.334 Y49.093
G0 F1800 X25.969 Y49.163
G1 F600 X26.63 Y49.823 E456.82547
G1 X26.7 Y49.893
G0 F1800 X27.196 Y49.823
G1 F600 X26.535 Y49.163 E456.87984
G1 X26.465 Y49.093
G0 F1800 X27.101 Y49.163
G1 F600 X27.761 Y49.823 E456.93417
G1 X27.831 Y49.893
G0 F1800 X28.327 Y49.823
G1 F600 X27.666 Y49.163 E456.98854
G1 X27.596 Y49.093
G0 F1800 X28.232 Y49.163
G1 F600 X28.893 Y49.823 E457.04291
G1 X28.963 Y49.893
G0 F1800 X29.458 Y49.823
G1 F600 X28.798 Y49.163 E457.09724
G1 X28.728 Y49.093
G0 F1800 X29.364 Y49.163
G1 F600 X30.024 Y49.823 E457.15156
G1 X30.094 Y49.893
G0 F1800 X30.59 Y49.823
G1 F600 X29.929 Y49.163 E457.20593
G1 X29.859 Y49.093
G0 F1800 X30.495 Y49.163
G1 F600 X31.155 Y49.823 E457.26026
G1 X31.225 Y49.893
G0 F1800 X31.721 Y49.823
G1 F600 X31.061 Y49.163 E457.31459
G1 X30.991 Y49.093
G0 F1800 X31.626 Y49.163
G1 F600 X32.287 Y49.823 E457.36896
G1 X32.357 Y49.893
G0 F1800 X32.852 Y49.823
G1 F600 X32.192 Y49.163 E457.42328
G1 X32.122 Y49.093
G0 F1800 X32.758 Y49.163
G1 F600 X33.418 Y49.823 E457.47761
G1 X33.488 Y49.893
G0 F1800 X33.984 Y49.823
G1 F600 X33.323 Y49.163 E457.53198
G1 X33.253 Y49.093
G0 F1800 X33.889 Y49.163
G1 F600 X34.549 Y49.823 E457.58631
G1 X34.619 Y49.893
G0 F1800 X35.115 Y49.823
G1 F600 X34.455 Y49.163 E457.64064
G1 X34.385 Y49.093
G0 F1800 X35.02 Y49.163
G1 F600 X35.681 Y49.823 E457.695
G1 X35.751 Y49.893
G0 F1800 X36.247 Y49.823
G1 F600 X35.586 Y49.163 E457.74937
G1 X35.516 Y49.093
G0 F1800 X36.152 Y49.163
G1 F600 X36.812 Y49.823 E457.8037
G1 X36.882 Y49.893
G0 F1800 X37.378 Y49.823
G1 F600 X36.717 Y49.163 E457.85807
G1 X36.647 Y49.093
G0 F1800 X37.283 Y49.163
G1 F600 X37.944 Y49.823 E457.91244
G1 X38.014 Y49.893
G0 F1800 X38.509 Y49.823
G1 F600 X37.849 Y49.163 E457.96677
G1 X37.779 Y49.093
G0 F1800 X38.414 Y49.163
G1 F600 X39.075 Y49.823 E458.02114
G1 X39.145 Y49.893
G0 F1800 X39.641 Y49.823
G1 F600 X38.98 Y49.163 E458.0755
G1 X38.91 Y49.093
G0 F1800 X39.546 Y49.163
G1 F600 X40.206 Y49.823 E458.12983
G1 X40.276 Y49.893
G0 F1800 X40.772 Y49.823
G1 F600 X40.112 Y49.163 E458.18416
G1 X40.042 Y49.093
G0 F1800 X40.677 Y49.163
G1 F600 X41.338 Y49.823 E458.23853
G1 X41.408 Y49.893
G0 F1800 X41.903 Y49.823
G1 F600 X41.243 Y49.163 E458.29286
G1 X41.173 Y49.093
G0 F1800 X41.809 Y49.163
G1 F600 X42.469 Y49.823 E458.34718
G1 X42.539 Y49.893
G0 F1800 X43.035 Y49.823
G1 F600 X42.374 Y49.163 E458.40155
G1 X42.304 Y49.093
G0 F1800 X42.94 Y49.163
G1 F600 X43.6 Y49.823 E458.45588
G1 X43.67 Y49.893
G0 F1800 X44.166 Y49.823
G1 F600 X43.506 Y49.163 E458.51021
G1 X43.436 Y49.093
G0 F1800 X44.071 Y49.163
G1 F600 X44.732 Y49.823 E458.56458
G1 X44.802 Y49.893
G0 F1800 X45.297 Y49.823
G1 F600 X44.637 Y49.163 E458.6189
G1 X44.567 Y49.093
G0 F1800 X45.203 Y49.163
G1 F600 X45.863 Y49.823 E458.67323
G1 X45.933 Y49.893
G0 F1800 X46.156 Y49.55
G1 F600 X45.495 Y48.889 E458.72764
G1 X45.425 Y48.819
G0 F1800 X45.495 Y48.323
G1 F600 X46.156 Y48.984 E458.78205
G1 X46.226 Y49.054
G0 F1800 X46.156 Y48.419
G1 F600 X45.495 Y47.757 E458.8365
G1 X45.425 Y47.687
G0 F1800 X45.495 Y47.192
G1 F600 X46.156 Y47.853 E458.89091
G1 X46.226 Y47.923
G0 F1800 X46.156 Y47.287
G1 F600 X45.495 Y46.626 E458.94532
G1 X45.425 Y46.556
G0 F1800 X45.495 Y46.06
G1 F600 X46.156 Y46.722 E458.99977
G1 X46.226 Y46.792
G0 F1800 X46.156 Y46.156
G1 F600 X45.495 Y45.495 E459.05418
G1 X45.425 Y45.425
G0 F1800 X45.495 Y44.929
G1 F600 X46.156 Y45.59 E459.10859
G1 X46.226 Y45.66
G0 F1800 X46.156 Y45.025
G1 F600 X45.495 Y44.363 E459.16305
G1 X45.425 Y44.293
G0 F1800 X45.495 Y43.798
G1 F600 X46.156 Y44.459 E459.21746
G1 X46.226 Y44.529
G0 F1800 X46.156 Y43.893
G1 F600 X45.495 Y43.232 E459.27187
G1 X45.425 Y43.162
G0 F1800 X45.495 Y42.666
G1 F600 X46.156 Y43.327 E459.32628
G1 X46.226 Y43.397
G0 F1800 X46.156 Y42.762
G1 F600 X45.495 Y42.101 E459.38069
G1 X45.425 Y42.031
G0 F1800 X45.495 Y41.535
G1 F600 X46.155 Y42.195 E459.43501
G1 X46.225 Y42.265
G0 F1800 X46.155 Y41.63
G1 F600 X45.495 Y40.969 E459.48938
G1 X45.425 Y40.899
G0 F1800 X45.495 Y40.404
G1 F600 X46.155 Y41.064 E459.54371
G1 X46.225 Y41.134
G0 F1800 X46.155 Y40.498
G1 F600 X45.495 Y39.838 E459.59804
G1 X45.425 Y39.768
G0 F1800 X45.495 Y39.272
G1 F600 X46.155 Y39.933 E459.65241
G1 X46.225 Y40.003
G0 F1800 X46.155 Y39.367
G1 F600 X45.495 Y38.707 E459.70673
G1 X45.425 Y38.637
G0 F1800 X45.495 Y38.141
G1 F600 X46.155 Y38.801 E459.76106
G1 X46.225 Y38.871
G0 F1800 X46.155 Y38.236
G1 F600 X45.495 Y37.575 E459.81543
G1 X45.425 Y37.505
G0 F1800 X45.495 Y37.009
G1 F600 X46.155 Y37.67 E459.8698
G1 X46.225 Y37.74
G0 F1800 X46.155 Y37.104
G1 F600 X45.495 Y36.444 E459.92413
G1 X45.425 Y36.374
G0 F1800 X45.52 Y35.904
G1 F600 X46.155 Y36.539 E459.9764
G1 X46.225 Y36.609
G0 F1800 X46.155 Y35.973
G1 F600 X45.903 Y35.721 E459.99714
G0 F1800 X44.954 Y48.622
G0 X9.698 Y48.622
G0 X9.156 Y36.309
G1 F600 X8.495 Y35.648 E460.05155
G1 X8.425 Y35.578
G0 F1800 X8.495 Y36.214
G1 F600 X9.156 Y36.874 E460.10592
G1 X9.226 Y36.944
G0 F1800 X9.156 Y37.44
G1 F600 X8.495 Y36.78 E460.16029
G1 X8.425 Y36.71
G0 F1800 X8.495 Y37.345
G1 F600 X9.156 Y38.006 E460.2147
G1 X9.226 Y38.076
G0 F1800 X9.156 Y38.571
G1 F600 X8.495 Y37.911 E460.26907
G1 X8.425 Y37.841
G0 F1800 X8.495 Y38.477
G1 F600 X9.156 Y39.137 E460.32344
G1 X9.226 Y39.207
G0 F1800 X9.156 Y39.703
G1 F600 X8.495 Y39.042 E460.37785
G1 X8.425 Y38.972
G0 F1800 X8.495 Y39.608
G1 F600 X9.156 Y40.269 E460.43225
G1 X9.226 Y40.339
G0 F1800 X9.156 Y40.834
G1 F600 X8.495 Y40.174 E460.48662
G1 X8.425 Y40.104
G0 F1800 X8.495 Y40.739
G1 F600 X9.156 Y41.4 E460.54103
G1 X9.226 Y41.47
G0 F1800 X9.156 Y41.966
G1 F600 X8.495 Y41.305 E460.59544
G1 X8.425 Y41.235
G0 F1800 X8.495 Y41.871
G1 F600 X9.156 Y42.531 E460.64981
G1 X9.226 Y42.601
G0 F1800 X9.156 Y43.097
G1 F600 X8.495 Y42.437 E460.70418
G1 X8.425 Y42.367
G0 F1800 X8.495 Y43.002
G1 F600 X9.156 Y43.663 E460.75859
G1 X9.226 Y43.733
G0 F1800 X9.156 Y44.228
G1 F600 X8.495 Y43.568 E460.81296
G1 X8.425 Y43.498
G0 F1800 X8.495 Y44.134
G1 F600 X9.156 Y44.794 E460.86733
G1 X9.226 Y44.864
G0 F1800 X9.156 Y45.36
G1 F600 X8.495 Y44.699 E460.92174
G1 X8.425 Y44.629
G0 F1800 X8.495 Y45.265
G1 F600 X9.156 Y45.925 E460.97611
G1 X9.226 Y45.995
G0 F1800 X9.156 Y46.491
G1 F600 X8.495 Y45.831 E461.03048
G1 X8.425 Y45.761
G0 F1800 X8.495 Y46.396
G1 F600 X9.156 Y47.057 E461.08489
G1 X9.226 Y47.127
G0 F1800 X9.156 Y47.622
G1 F600 X8.495 Y46.962 E461.13926
G1 X8.425 Y46.892
G0 F1800 X8.495 Y47.528
G1 F600 X9.156 Y48.188 E461.19362
G1 X9.226 Y48.258
G0 F1800 X9.156 Y48.754
G1 F600 X8.495 Y48.093 E461.24803
G1 X8.425 Y48.023
G1 F1500 E454.74803
G0 F1800 X7.966 Y46.12
G0 X6.661 Y46.12
G0 X6.661 Y39.472
G0 X11.446 Y39.472
G0 X22.798 Y39.472
G0 X22.807 Y39.373
;TIME_ELAPSED:851.473597
;LAYER:5
G0 X22.807 Y39.373 Z2.05
;TYPE:WALL-INNER
G1 F1500 E461.24803
G1 F1200 X27.326 Y39.594 E461.51138
G1 X31.845 Y39.373 E461.77472
G1 X36.32 Y38.709 E462.03804
G1 X40.708 Y37.61 E462.30134
G1 X42.96 Y36.804 E462.44056
G1 X43.226 Y36.709 E462.457
G1 X43.226 Y36.991 E462.4667
G1 X43.226 Y36.992 E462.46676
G1 X43.226 Y46.394 E463.01401
G1 X11.426 Y46.394 E464.86493
G1 X11.426 Y36.992 E465.41218
G1 X11.426 Y36.991 E465.41224
G1 X11.426 Y36.709 E465.42865
G1 X11.692 Y36.804 E465.43837
G1 X13.944 Y37.61 E465.57759
G1 X18.333 Y38.709 E465.84094
G1 X22.807 Y39.373 E466.1042
G0 F1800 X22.798 Y39.472
G0 X18.774 Y38.821
G0 X13.938 Y37.711
G0 X14.06 Y37.227
;TYPE:WALL-OUTER
G1 F600 X18.411 Y38.316 E466.36527
G1 X22.846 Y38.974 E466.62623
G1 X27.326 Y39.194 E466.88731
G1 X31.806 Y38.974 E467.14838
G1 X36.242 Y38.316 E467.4094
G1 X40.592 Y37.227 E467.67041
G1 X43.359 Y36.236 E467.84148
G1 X43.626 Y36.141 E467.85798
G1 X43.626 Y36.424 E467.86773
G1 X43.626 Y36.425 E467.86778
G1 X43.626 Y46.794 E468.47131
G1 X11.026 Y46.794 E470.36881
G1 X11.026 Y36.425 E470.97234
G1 X11.026 Y36.424 E470.97239
G1 X11.026 Y36.141 E470.98887
G1 X11.293 Y36.236 E470.99863
G1 X14.06 Y37.227 E471.1697
G0 F1800 X15.03 Y37.469
G0 X14.908 Y37.954
G0 X13.831 Y37.984
;TYPE:SKIN
G1 F600 X18.257 Y39.092 E471.43527
G1 X22.768 Y39.761 E471.7007
G1 X27.326 Y39.984 E471.96632
G1 X31.884 Y39.761 E472.23194
G1 X36.396 Y39.092 E472.49743
G1 X40.821 Y37.984 E472.76294
G1 X42.836 Y37.263 E472.8875
G1 X42.836 Y46.004 E473.39628
G1 X11.816 Y46.004 E475.2018
G1 X11.816 Y37.263 E475.71057
G1 X13.831 Y37.984 E475.83514
G0 F1800 X12.191 Y37.588
G0 X12.093 Y37.686
G1 F600 X12.302 Y38.042 E475.86842
G1 X12.679 Y37.666
G0 F1800 X13.025 Y37.886
G1 F600 X11.996 Y38.915 E475.95312
G1 X11.926 Y38.985
G0 F1800 X11.996 Y39.481
G1 F600 X13.442 Y38.035 E476.07215
G1 X13.512 Y37.965
G0 F1800 X13.864 Y38.178
G1 F600 X11.996 Y40.046 E476.22591
G1 X11.926 Y40.116
G0 F1800 X11.996 Y40.612
G1 F600 X14.317 Y38.291 E476.41696
G1 X14.387 Y38.221
G0 F1800 X14.77 Y38.404
G1 F600 X11.996 Y41.178 E476.6453
G1 X11.926 Y41.248
G0 F1800 X11.996 Y41.744
G1 F600 X15.222 Y38.517 E476.91089
G1 X15.292 Y38.447
G0 F1800 X15.675 Y38.63
G1 F600 X11.996 Y42.309 E477.21373
G1 X11.926 Y42.379
G0 F1800 X11.996 Y42.875
G1 F600 X16.127 Y38.743 E477.55381
G1 X16.197 Y38.673
G0 F1800 X16.58 Y38.856
G1 F600 X11.996 Y43.441 E477.93118
G1 X11.926 Y43.511
G0 F1800 X11.996 Y44.006
G1 F600 X17.032 Y38.97 E478.34572
G1 X17.102 Y38.9
G0 F1800 X17.485 Y39.083
G1 F600 X11.996 Y44.572 E478.79754
G1 X11.926 Y44.642
G0 F1800 X11.996 Y45.138
G1 F600 X17.937 Y39.196 E479.28662
G1 X18.007 Y39.126
G0 F1800 X18.405 Y39.293
G1 F600 X11.996 Y45.703 E479.81421
G1 X11.926 Y45.773
G0 F1800 X12.442 Y45.823
G1 F600 X18.898 Y39.367 E480.34564
G1 X18.968 Y39.297
G0 F1800 X19.39 Y39.44
G1 F600 X13.007 Y45.823 E480.87105
G1 X12.937 Y45.893
G0 F1800 X13.573 Y45.823
G1 F600 X19.883 Y39.513 E481.39045
G1 X19.953 Y39.443
G0 F1800 X20.375 Y39.586
G1 F600 X14.139 Y45.823 E481.90381
G1 X14.069 Y45.893
G0 F1800 X14.704 Y45.823
G1 F600 X20.868 Y39.659 E482.4112
G1 X20.938 Y39.589
G0 F1800 X21.36 Y39.733
G1 F600 X15.27 Y45.823 E482.91249
G1 X15.2 Y45.893
G0 F1800 X15.836 Y45.823
G1 F600 X21.853 Y39.805 E483.40782
G1 X21.923 Y39.735
G0 F1800 X22.346 Y39.878
G1 F600 X16.402 Y45.823 E483.89714
G1 X16.332 Y45.893
G0 F1800 X16.967 Y45.823
G1 F600 X22.847 Y39.943 E484.38115
G1 X22.917 Y39.873
G0 F1800 X23.386 Y39.969
G1 F600 X17.533 Y45.823 E484.86298
G1 X17.463 Y45.893
G0 F1800 X18.099 Y45.823
G1 F600 X23.925 Y39.996 E485.34259
G1 X23.995 Y39.926
G0 F1800 X24.465 Y40.022
G1 F600 X18.664 Y45.823 E485.82009
G1 X18.594 Y45.893
G0 F1800 X19.23 Y45.823
G1 F600 X25.004 Y40.049 E486.29538
G1 X25.074 Y39.979
G0 F1800 X25.544 Y40.075
G1 F600 X19.796 Y45.823 E486.76852
G1 X19.726 Y45.893
G0 F1800 X20.361 Y45.823
G1 F600 X26.083 Y40.102 E487.23949
G1 X26.153 Y40.032
G0 F1800 X26.622 Y40.128
G1 F600 X20.927 Y45.823 E487.70827
G1 X20.857 Y45.893
G0 F1800 X21.493 Y45.823
G1 F600 X27.162 Y40.154 E488.17491
G1 X27.232 Y40.084
G0 F1800 X27.739 Y40.142
G1 F600 X22.058 Y45.823 E488.64254
G1 X21.988 Y45.893
G0 F1800 X22.624 Y45.823
G1 F600 X28.334 Y40.113 E489.11256
G1 X28.404 Y40.043
G0 F1800 X28.929 Y40.084
G1 F600 X23.19 Y45.823 E489.58496
G1 X23.12 Y45.893
G0 F1800 X23.755 Y45.823
G1 F600 X29.523 Y40.055 E490.05975
G1 X29.593 Y39.985
G0 F1800 X30.118 Y40.026
G1 F600 X24.321 Y45.823 E490.53693
G1 X24.251 Y45.893
G0 F1800 X24.887 Y45.823
G1 F600 X30.713 Y39.997 E491.01649
G1 X30.783 Y39.927
G0 F1800 X31.308 Y39.967
G1 F600 X25.453 Y45.823 E491.49849
G1 X25.383 Y45.893
G0 F1800 X26.018 Y45.823
G1 F600 X31.903 Y39.938 E491.98291
G1 X31.973 Y39.868
G0 F1800 X32.567 Y39.84
G1 F600 X26.584 Y45.823 E492.4754
G1 X26.514 Y45.893
G0 F1800 X27.15 Y45.823
G1 F600 X33.231 Y39.741 E492.97599
G1 X33.301 Y39.671
G0 F1800 X33.895 Y39.643
G1 F600 X27.715 Y45.823 E493.4847
G1 X27.645 Y45.893
G0 F1800 X28.281 Y45.823
G1 F600 X34.56 Y39.544 E494.00155
G1 X34.63 Y39.474
G0 F1800 X35.224 Y39.445
G1 F600 X28.847 Y45.823 E494.52651
G1 X28.777 Y45.893
G0 F1800 X29.412 Y45.823
G1 F600 X35.889 Y39.346 E495.05966
G1 X35.959 Y39.276
G0 F1800 X36.569 Y39.232
G1 F600 X29.978 Y45.823 E495.6022
G1 X29.908 Y45.893
G0 F1800 X30.544 Y45.823
G1 F600 X37.323 Y39.043 E496.16025
G1 X37.393 Y38.973
G0 F1800 X38.078 Y38.854
G1 F600 X31.109 Y45.823 E496.7339
G1 X31.039 Y45.893
G0 F1800 X31.675 Y45.823
G1 F600 X38.832 Y38.666 E497.32303
G1 X38.902 Y38.596
G0 F1800 X39.586 Y38.477
G1 F600 X32.241 Y45.823 E497.92767
G1 X32.171 Y45.893
G0 F1800 X32.806 Y45.823
G1 F600 X40.341 Y38.289 E498.54787
G1 X40.411 Y38.219
G0 F1800 X41.133 Y38.062
G1 F600 X33.372 Y45.823 E499.18671
G1 X33.302 Y45.893
G0 F1800 X33.938 Y45.823
G1 F600 X42.013 Y37.748 E499.8514
G1 X42.083 Y37.678
G0 F1800 X42.655 Y37.671
G1 F600 X34.503 Y45.823 E500.52243
G1 X34.433 Y45.893
G0 F1800 X35.069 Y45.823
G1 F600 X42.655 Y38.237 E501.14687
G1 X42.725 Y38.167
G0 F1800 X42.655 Y38.803
G1 F600 X35.635 Y45.823 E501.72472
G1 X35.565 Y45.893
G0 F1800 X36.201 Y45.823
G1 F600 X42.655 Y39.368 E502.25602
G1 X42.725 Y39.298
G0 F1800 X42.655 Y39.934
G1 F600 X36.766 Y45.823 E502.74077
G1 X36.696 Y45.893
G0 F1800 X37.332 Y45.823
G1 F600 X42.655 Y40.5 E503.17893
G1 X42.725 Y40.43
G0 F1800 X42.655 Y41.065
G1 F600 X37.898 Y45.823 E503.57054
G1 X37.828 Y45.893
G0 F1800 X38.463 Y45.823
G1 F600 X42.655 Y41.631 E503.91561
G1 X42.725 Y41.561
G0 F1800 X42.655 Y42.197
G1 F600 X39.029 Y45.823 E504.21408
G1 X38.959 Y45.893
G0 F1800 X39.595 Y45.823
G1 F600 X42.655 Y42.762 E504.466
G1 X42.725 Y42.692
G0 F1800 X42.655 Y43.328
G1 F600 X40.16 Y45.823 E504.67138
G1 X40.09 Y45.893
G0 F1800 X40.726 Y45.823
G1 F600 X42.655 Y43.894 E504.83016
G1 X42.725 Y43.824
G0 F1800 X42.655 Y44.46
G1 F600 X41.292 Y45.823 E504.94236
G1 X41.222 Y45.893
G0 F1800 X41.857 Y45.823
G1 F600 X42.655 Y45.025 E505.00805
G1 X42.725 Y44.955
G0 F1800 X42.655 Y45.591
G1 F600 X42.423 Y45.823 E505.02714
G1 F1500 E498.52714
G0 F1800 X27.326 Y39.634
G0 X27.326 Y38.328
G0 X6.68 Y32.734
G0 X6.673 Y51.647
G0 X12.534 Y51.659
G0 X12.534 Y50.354
G0 X9.656 Y48.664
G0 X9.726 Y48.594
;TYPE:WALL-INNER
G1 F1500 E505.02714
G1 F1200 X44.926 Y48.594 E507.07597
G1 X44.926 Y35.554 E507.83496
G1 X46.442 Y34.836 E507.9326
G1 X46.726 Y34.702 E507.95088
G1 X46.726 Y35.016 E507.96144
G1 X46.726 Y35.017 E507.9615
G1 X46.726 Y50.394 E508.85652
G1 X7.926 Y50.394 E511.11488
G1 X7.926 Y35.017 E512.00991
G1 X7.926 Y35.016 E512.00996
G1 X7.926 Y34.702 E512.02824
G1 X8.21 Y34.836 E512.03881
G1 X9.726 Y35.554 E512.13644
G1 X9.726 Y48.594 E512.89544
G0 F1800 X10.126 Y48.194
;TYPE:WALL-OUTER
G1 F600 X44.526 Y48.194 E514.8977
G1 X44.526 Y35.289 E515.64884
G1 X44.624 Y35.254 E515.65489
G1 X46.842 Y34.204 E515.79773
G1 X47.126 Y34.07 E515.81601
G1 X47.126 Y34.384 E515.82657
G1 X47.126 Y34.385 E515.82663
G1 X47.126 Y50.794 E516.78172
G1 X7.526 Y50.794 E519.08665
G1 X7.526 Y34.385 E520.04174
G1 X7.526 Y34.384 E520.04179
G1 X7.526 Y34.07 E520.06007
G1 X7.81 Y34.204 E520.07064
G1 X10.028 Y35.254 E520.21347
G1 X10.126 Y35.289 E520.21953
G1 X10.126 Y48.194 E520.97067
G0 F1800 X11.126 Y48.194
G0 X11.126 Y48.694
G0 X9.336 Y48.984
;TYPE:SKIN
G1 F600 X45.316 Y48.984 E523.06489
G1 X45.316 Y35.801 E523.83221
G1 X46.336 Y35.318 E523.8979
G1 X46.336 Y50.004 E524.7527
G1 X8.316 Y50.004 E526.96566
G1 X8.316 Y35.318 E527.82047
G1 X9.336 Y35.801 E527.88615
G1 X9.336 Y48.984 E528.65347
G0 F1800 X8.897 Y35.791
G1 F600 X8.495 Y36.193 E528.68657
G0 F1800 X8.495 Y36.758
G1 F600 X9.156 Y36.098 E528.74093
G1 X9.226 Y36.028
G0 F1800 X9.156 Y36.664
G1 F600 X8.495 Y37.324 E528.7953
G1 X8.425 Y37.394
G0 F1800 X8.495 Y37.89
G1 F600 X9.156 Y37.229 E528.84971
G1 X9.226 Y37.159
G0 F1800 X9.156 Y37.795
G1 F600 X8.495 Y38.456 E528.90412
G1 X8.425 Y38.526
G0 F1800 X8.495 Y39.021
G1 F600 X9.156 Y38.361 E528.95849
G1 X9.226 Y38.291
G0 F1800 X9.156 Y38.926
G1 F600 X8.495 Y39.587 E529.0129
G1 X8.425 Y39.657
G0 F1800 X8.495 Y40.153
G1 F600 X9.156 Y39.492 E529.06731
G1 X9.226 Y39.422
G0 F1800 X9.156 Y40.058
G1 F600 X8.495 Y40.718 E529.12168
G1 X8.425 Y40.788
G0 F1800 X8.495 Y41.284
G1 F600 X9.156 Y40.623 E529.17609
G1 X9.226 Y40.553
G0 F1800 X9.156 Y41.189
G1 F600 X8.495 Y41.85 E529.2305
G1 X8.425 Y41.92
G0 F1800 X8.495 Y42.415
G1 F600 X9.156 Y41.755 E529.28487
G1 X9.226 Y41.685
G0 F1800 X9.156 Y42.321
G1 F600 X8.495 Y42.981 E529.33924
G1 X8.425 Y43.051
G0 F1800 X8.495 Y43.547
G1 F600 X9.156 Y42.886 E529.39365
G1 X9.226 Y42.816
G0 F1800 X9.156 Y43.452
G1 F600 X8.495 Y44.112 E529.44802
G1 X8.425 Y44.182
G0 F1800 X8.495 Y44.678
G1 F600 X9.156 Y44.018 E529.50239
G1 X9.226 Y43.948
G0 F1800 X9.156 Y44.583
G1 F600 X8.495 Y45.244 E529.5568
G1 X8.425 Y45.314
G0 F1800 X8.495 Y45.809
G1 F600 X9.156 Y45.149 E529.61116
G1 X9.226 Y45.079
G0 F1800 X9.156 Y45.715
G1 F600 X8.495 Y46.375 E529.66553
G1 X8.425 Y46.445
G0 F1800 X8.495 Y46.941
G1 F600 X9.156 Y46.28 E529.71994
G1 X9.226 Y46.21
G0 F1800 X9.156 Y46.846
G1 F600 X8.495 Y47.506 E529.77431
G1 X8.425 Y47.576
G0 F1800 X8.495 Y48.072
G1 F600 X9.156 Y47.412 E529.82868
G1 X9.226 Y47.342
G0 F1800 X9.156 Y47.977
G1 F600 X8.495 Y48.638 E529.88309
G1 X8.425 Y48.708
G0 F1800 X8.495 Y49.204
G1 F600 X9.156 Y48.543 E529.9375
G1 X9.226 Y48.473
G0 F1800 X9.156 Y49.109
G1 F600 X8.495 Y49.769 E529.99187
G1 X8.425 Y49.839
G0 F1800 X9.007 Y49.823
G1 F600 X9.668 Y49.163 E530.04624
G1 X9.738 Y49.093
G0 F1800 X10.233 Y49.163
G1 F600 X9.573 Y49.823 E530.10057
G1 X9.503 Y49.893
G0 F1800 X10.139 Y49.823
G1 F600 X10.799 Y49.163 E530.15489
G1 X10.869 Y49.093
G0 F1800 X11.365 Y49.163
G1 F600 X10.704 Y49.823 E530.20926
G1 X10.634 Y49.893
G0 F1800 X11.27 Y49.823
G1 F600 X11.931 Y49.163 E530.26363
G1 X12.001 Y49.093
G0 F1800 X12.496 Y49.163
G1 F600 X11.836 Y49.823 E530.31796
G1 X11.766 Y49.893
G0 F1800 X12.401 Y49.823
G1 F600 X13.062 Y49.163 E530.37233
G1 X13.132 Y49.093
G0 F1800 X13.628 Y49.163
G1 F600 X12.967 Y49.823 E530.4267
G1 X12.897 Y49.893
G0 F1800 X13.533 Y49.823
G1 F600 X14.193 Y49.163 E530.48102
G1 X14.263 Y49.093
G0 F1800 X14.759 Y49.163
G1 F600 X14.099 Y49.823 E530.53535
G1 X14.029 Y49.893
G0 F1800 X14.664 Y49.823
G1 F600 X15.325 Y49.163 E530.58972
G1 X15.395 Y49.093
G0 F1800 X15.89 Y49.163
G1 F600 X15.23 Y49.823 E530.64405
G1 X15.16 Y49.893
G0 F1800 X15.796 Y49.823
G1 F600 X16.456 Y49.163 E530.69838
G1 X16.526 Y49.093
G0 F1800 X17.022 Y49.163
G1 F600 X16.361 Y49.823 E530.75275
G1 X16.291 Y49.893
G0 F1800 X16.927 Y49.823
G1 F600 X17.587 Y49.163 E530.80707
G1 X17.657 Y49.093
G0 F1800 X18.153 Y49.163
G1 F600 X17.493 Y49.823 E530.8614
G1 X17.423 Y49.893
G0 F1800 X18.058 Y49.823
G1 F600 X18.719 Y49.163 E530.91577
G1 X18.789 Y49.093
G0 F1800 X19.284 Y49.163
G1 F600 X18.624 Y49.823 E530.9701
G1 X18.554 Y49.893
G0 F1800 X19.19 Y49.823
G1 F600 X19.85 Y49.163 E531.02442
G1 X19.92 Y49.093
G0 F1800 X20.416 Y49.163
G1 F600 X19.755 Y49.823 E531.07879
G1 X19.685 Y49.893
G0 F1800 X20.321 Y49.823
G1 F600 X20.981 Y49.163 E531.13312
G1 X21.051 Y49.093
G0 F1800 X21.547 Y49.163
G1 F600 X20.887 Y49.823 E531.18745
G1 X20.817 Y49.893
G0 F1800 X21.452 Y49.823
G1 F600 X22.113 Y49.163 E531.24182
G1 X22.183 Y49.093
G0 F1800 X22.679 Y49.163
G1 F600 X22.018 Y49.823 E531.29619
G1 X21.948 Y49.893
G0 F1800 X22.584 Y49.823
G1 F600 X23.244 Y49.163 E531.35051
G1 X23.314 Y49.093
G0 F1800 X23.81 Y49.163
G1 F600 X23.149 Y49.823 E531.40488
G1 X23.079 Y49.893
G0 F1800 X23.715 Y49.823
G1 F600 X24.376 Y49.163 E531.45925
G1 X24.446 Y49.093
G0 F1800 X24.941 Y49.163
G1 F600 X24.281 Y49.823 E531.51358
G1 X24.211 Y49.893
G0 F1800 X24.847 Y49.823
G1 F600 X25.507 Y49.163 E531.56791
G1 X25.577 Y49.093
G0 F1800 X26.073 Y49.163
G1 F600 X25.412 Y49.823 E531.62228
G1 X25.342 Y49.893
G0 F1800 X25.978 Y49.823
G1 F600 X26.638 Y49.163 E531.6766
G1 X26.708 Y49.093
G0 F1800 X27.204 Y49.163
G1 F600 X26.544 Y49.823 E531.73093
G1 X26.474 Y49.893
G0 F1800 X27.109 Y49.823
G1 F600 X27.77 Y49.163 E531.7853
G1 X27.84 Y49.093
G0 F1800 X28.335 Y49.163
G1 F600 X27.675 Y49.823 E531.83963
G1 X27.605 Y49.893
G0 F1800 X28.241 Y49.823
G1 F600 X28.901 Y49.163 E531.89396
G1 X28.971 Y49.093
G0 F1800 X29.467 Y49.163
G1 F600 X28.806 Y49.823 E531.94832
G1 X28.736 Y49.893
G0 F1800 X29.372 Y49.823
G1 F600 X30.032 Y49.163 E532.00265
G1 X30.102 Y49.093
G0 F1800 X30.598 Y49.163
G1 F600 X29.938 Y49.823 E532.05698
G1 X29.868 Y49.893
G0 F1800 X30.503 Y49.823
G1 F600 X31.164 Y49.163 E532.11135
G1 X31.234 Y49.093
G0 F1800 X31.73 Y49.163
G1 F600 X31.069 Y49.823 E532.16572
G1 X30.999 Y49.893
G0 F1800 X31.635 Y49.823
G1 F600 X32.295 Y49.163 E532.22004
G1 X32.365 Y49.093
G0 F1800 X32.861 Y49.163
G1 F600 X32.2 Y49.823 E532.27441
G1 X32.13 Y49.893
G0 F1800 X32.766 Y49.823
G1 F600 X33.427 Y49.163 E532.32878
G1 X33.497 Y49.093
G0 F1800 X33.992 Y49.163
G1 F600 X33.332 Y49.823 E532.38311
G1 X33.262 Y49.893
G0 F1800 X33.897 Y49.823
G1 F600 X34.558 Y49.163 E532.43748
G1 X34.628 Y49.093
G0 F1800 X35.124 Y49.163
G1 F600 X34.463 Y49.823 E532.49185
G1 X34.393 Y49.893
G0 F1800 X35.029 Y49.823
G1 F600 X35.689 Y49.163 E532.54618
G1 X35.759 Y49.093
G0 F1800 X36.255 Y49.163
G1 F600 X35.595 Y49.823 E532.6005
G1 X35.525 Y49.893
G0 F1800 X36.16 Y49.823
G1 F600 X36.821 Y49.163 E532.65487
G1 X36.891 Y49.093
G0 F1800 X37.386 Y49.163
G1 F600 X36.726 Y49.823 E532.7092
G1 X36.656 Y49.893
G0 F1800 X37.292 Y49.823
G1 F600 X37.952 Y49.163 E532.76353
G1 X38.022 Y49.093
G0 F1800 X38.518 Y49.163
G1 F600 X37.857 Y49.823 E532.8179
G1 X37.787 Y49.893
G0 F1800 X38.423 Y49.823
G1 F600 X39.083 Y49.163 E532.87222
G1 X39.153 Y49.093
G0 F1800 X39.649 Y49.163
G1 F600 X38.989 Y49.823 E532.92655
G1 X38.919 Y49.893
G0 F1800 X39.554 Y49.823
G1 F600 X40.215 Y49.163 E532.98092
G1 X40.285 Y49.093
G0 F1800 X40.78 Y49.163
G1 F600 X40.12 Y49.823 E533.03525
G1 X40.05 Y49.893
G0 F1800 X40.686 Y49.823
G1 F600 X41.346 Y49.163 E533.08958
G1 X41.416 Y49.093
G0 F1800 X41.912 Y49.163
G1 F600 X41.251 Y49.823 E533.14394
G1 X41.181 Y49.893
G0 F1800 X41.817 Y49.823
G1 F600 X42.478 Y49.163 E533.19831
G1 X42.548 Y49.093
G0 F1800 X43.043 Y49.163
G1 F600 X42.383 Y49.823 E533.25264
G1 X42.313 Y49.893
G0 F1800 X42.948 Y49.823
G1 F600 X43.609 Y49.163 E533.30701
G1 X43.679 Y49.093
G0 F1800 X44.175 Y49.163
G1 F600 X43.514 Y49.823 E533.36138
G1 X43.444 Y49.893
G0 F1800 X44.08 Y49.823
G1 F600 X44.74 Y49.163 E533.41571
G1 X44.81 Y49.093
G0 F1800 X45.306 Y49.163
G1 F600 X44.646 Y49.823 E533.47003
G1 X44.576 Y49.893
G0 F1800 X45.211 Y49.823
G1 F600 X46.155 Y48.879 E533.54774
G1 X46.225 Y48.809
G0 F1800 X46.155 Y48.313
G1 F600 X45.495 Y48.973 E533.60207
G1 X45.425 Y49.043
G0 F1800 X45.495 Y48.407
G1 F600 X46.155 Y47.748 E533.65635
G1 X46.225 Y47.678
G0 F1800 X46.155 Y47.182
G1 F600 X45.495 Y47.842 E533.71068
G1 X45.425 Y47.912
G0 F1800 X45.495 Y47.276
G1 F600 X46.155 Y46.616 E533.76501
G1 X46.225 Y46.546
G0 F1800 X46.155 Y46.051
G1 F600 X45.495 Y46.71 E533.81929
G1 X45.425 Y46.78
G0 F1800 X45.495 Y46.145
G1 F600 X46.155 Y45.485 E533.87362
G1 X46.225 Y45.415
G0 F1800 X46.155 Y44.919
G1 F600 X45.495 Y45.579 E533.92795
G1 X45.425 Y45.649
G0 F1800 X45.495 Y45.013
G1 F600 X46.155 Y44.353 E533.98228
G1 X46.225 Y44.283
G0 F1800 X46.155 Y43.788
G1 F600 X45.495 Y44.448 E534.03661
G1 X45.425 Y44.518
G0 F1800 X45.495 Y43.882
G1 F600 X46.155 Y43.222 E534.09093
G1 X46.225 Y43.152
G0 F1800 X46.154 Y42.657
G1 F600 X45.495 Y43.316 E534.14518
G1 X45.425 Y43.386
G0 F1800 X45.495 Y42.75
G1 F600 X46.154 Y42.091 E534.19942
G1 X46.224 Y42.021
G0 F1800 X46.154 Y41.526
G1 F600 X45.495 Y42.185 E534.25367
G1 X45.425 Y42.255
G0 F1800 X45.495 Y41.619
G1 F600 X46.154 Y40.96 E534.30791
G1 X46.224 Y40.89
G0 F1800 X46.154 Y40.394
G1 F600 X45.495 Y41.053 E534.36216
G1 X45.425 Y41.123
G0 F1800 X45.495 Y40.488
G1 F600 X46.154 Y39.829 E534.41641
G1 X46.224 Y39.759
G0 F1800 X46.154 Y39.263
G1 F600 X45.495 Y39.922 E534.47065
G1 X45.425 Y39.992
G0 F1800 X45.495 Y39.356
G1 F600 X46.154 Y38.697 E534.5249
G1 X46.224 Y38.627
G0 F1800 X46.154 Y38.132
G1 F600 X45.495 Y38.791 E534.57914
G1 X45.425 Y38.861
G0 F1800 X45.495 Y38.225
G1 F600 X46.154 Y37.566 E534.63339
G1 X46.224 Y37.496
G0 F1800 X46.154 Y37
G1 F600 X45.495 Y37.659 E534.68763
G1 X45.425 Y37.729
G0 F1800 X45.495 Y37.094
G1 F600 X46.154 Y36.435 E534.74188
G1 X46.224 Y36.365
G0 F1800 X46.154 Y35.869
G1 F600 X45.495 Y36.528 E534.79612
G1 X45.425 Y36.598
G0 F1800 X45.495 Y35.962
G1 F600 X45.587 Y35.871 E534.80365
G0 F1800 X46.155 Y49.445
G1 F600 X45.777 Y49.823 E534.83477
G1 F1500 E528.33477
G0 F1800 X38.178 Y50.354
G0 X38.178 Y51.659
G0 X6.673 Y51.647
G0 X6.68 Y32.734
G0 X18.579 Y37.467
G0 X18.326 Y38.748
G0 X14.172 Y37.83
;TIME_ELAPSED:980.239183
;LAYER:6
G0 X14.172 Y37.83 Z2.4
;TYPE:FILL
G1 F1500 E534.83477
G1 F1200 X22.574 Y46.232 E535.52638
G1 X22.644 Y46.302
G0 F1800 X22.644 Y46.294
G0 X27.594 Y46.232
G1 F1200 X20.561 Y39.199 E536.1053
G1 X20.491 Y39.129
G0 F1800 X21.801 Y39.288
G0 X26.074 Y39.692
G1 F1200 X32.615 Y46.232 E536.64367
G1 X32.685 Y46.302
G0 F1800 X32.685 Y46.294
G0 X37.635 Y46.232
G1 F1200 X30.977 Y39.574 E537.19173
G1 X30.907 Y39.504
G0 F1800 X30.907 Y39.519
G0 X35.426 Y39.002
G1 F1200 X42.656 Y46.232 E537.78686
G1 X42.726 Y46.302
G0 F1800 X42.726 Y46.294
G0 X43.065 Y41.621
G1 F1200 X39.516 Y38.072 E538.07899
G1 X39.446 Y38.002
G0 F1800 X39.452 Y38.028
G0 X17.553 Y46.232
G1 F1200 X11.585 Y40.264 E538.57025
G1 X11.515 Y40.194
G0 F1800 X11.526 Y40.194
G0 X11.585 Y45.285
G1 F1200 X12.533 Y46.232 E538.64824
G1 X12.603 Y46.302
G0 F1800 X12.603 Y46.294
G0 X22.798 Y39.472
G0 X22.807 Y39.373
;TYPE:WALL-INNER
G1 F1200 X27.326 Y39.594 E538.91159
G1 X31.845 Y39.373 E539.17493
G1 X36.32 Y38.709 E539.43825
G1 X40.708 Y37.61 E539.70154
G1 X42.96 Y36.804 E539.84076
G1 X43.226 Y36.709 E539.8572
G1 X43.226 Y36.991 E539.86691
G1 X43.226 Y36.992 E539.86697
G1 X43.226 Y46.394 E540.41421
G1 X11.426 Y46.394 E542.26514
G1 X11.426 Y36.992 E542.81239
G1 X11.426 Y36.991 E542.81244
G1 X11.426 Y36.709 E542.82886
G1 X11.692 Y36.804 E542.83858
G1 X13.944 Y37.61 E542.9778
G1 X18.333 Y38.709 E543.24115
G1 X22.807 Y39.373 E543.50441
G0 F1800 X22.798 Y39.472
G0 X18.774 Y38.821
G0 X13.938 Y37.711
G0 X14.06 Y37.227
;TYPE:WALL-OUTER
G1 F600 X18.411 Y38.316 E543.76547
G1 X22.846 Y38.974 E544.02644
G1 X27.326 Y39.194 E544.28751
G1 X31.806 Y38.974 E544.54859
G1 X36.242 Y38.316 E544.80961
G1 X40.592 Y37.227 E545.07062
G1 X43.359 Y36.236 E545.24169
G1 X43.626 Y36.141 E545.25818
G1 X43.626 Y36.424 E545.26793
G1 X43.626 Y36.425 E545.26799
G1 X43.626 Y46.794 E545.87152
G1 X11.026 Y46.794 E547.76901
G1 X11.026 Y36.425 E548.37254
G1 X11.026 Y36.424 E548.3726
G1 X11.026 Y36.141 E548.38907
G1 X11.293 Y36.236 E548.39884
G1 X14.06 Y37.227 E548.56991
G0 F1800 X15.03 Y37.469
G0 X14.834 Y38.245
G1 F1500 E542.06991
G0 F1800 X13.933 Y37.648
G0 X14.31 Y36.398
G0 X11.316 Y34.857
G0 X10.268 Y34.41
G0 X9.693 Y35.575
G0 X9.565 Y38.244
;TYPE:FILL
G1 F1500 E548.56991
G1 F1200 X8.085 Y36.764 E548.69173
G1 X8.015 Y36.694
G0 F1800 X8.026 Y36.694
G0 X8.085 Y41.785
G1 F1200 X9.565 Y43.265 E548.81356
G1 X9.635 Y43.335
G0 F1800 X9.626 Y43.335
G0 X8.085 Y46.805
G1 F1200 X9.565 Y48.285 E548.93538
G1 X9.635 Y48.355
G0 F1800 X10.033 Y48.753
G1 F1200 X11.513 Y50.232 E549.05717
G1 X11.583 Y50.302
G0 F1800 X11.583 Y50.294
G0 X15.054 Y48.753
G1 F1200 X16.533 Y50.232 E549.17891
G1 X16.603 Y50.302
G0 F1800 X16.603 Y50.294
G0 X20.074 Y48.753
G1 F1200 X21.554 Y50.232 E549.3007
G1 X21.624 Y50.302
G0 F1800 X21.624 Y50.294
G0 X25.095 Y48.753
G1 F1200 X26.574 Y50.232 E549.42244
G1 X26.644 Y50.302
G0 F1800 X26.644 Y50.294
G0 X30.115 Y48.753
G1 F1200 X31.594 Y50.232 E549.54418
G1 X31.664 Y50.302
G0 F1800 X31.664 Y50.294
G0 X35.136 Y48.753
G1 F1200 X36.615 Y50.232 E549.66593
G1 X36.685 Y50.302
G0 F1800 X36.685 Y50.294
G0 X40.156 Y48.753
G1 F1200 X41.635 Y50.232 E549.78767
G1 X41.705 Y50.302
G0 F1800 X41.705 Y50.294
G0 X45.085 Y48.662
G1 F1200 X46.565 Y50.142 E549.9095
G1 X46.635 Y50.212
G0 F1800 X46.626 Y50.212
G0 X46.565 Y45.121
G1 F1200 X45.085 Y43.641 E550.03132
G1 X45.015 Y43.571
G0 F1800 X45.026 Y43.571
G0 X46.565 Y40.101
G1 F1200 X45.085 Y38.621 E550.15315
G1 X45.015 Y38.551
G0 F1800 X45.026 Y38.551
G0 X46.565 Y35.08
G1 F1200 X46.48 Y34.996 E550.1601
G0 F1800 X44.954 Y48.622
G0 X9.656 Y48.664
G0 X9.726 Y48.594
;TYPE:WALL-INNER
G1 F1200 X44.926 Y48.594 E552.20893
G1 X44.926 Y35.554 E552.96792
G1 X46.442 Y34.836 E553.06556
G1 X46.726 Y34.702 E553.08384
G1 X46.726 Y35.016 E553.0944
G1 X46.726 Y35.017 E553.09446
G1 X46.726 Y50.394 E553.98948
G1 X7.926 Y50.394 E556.24784
G1 X7.926 Y35.017 E557.14287
G1 X7.926 Y35.016 E557.14292
G1 X7.926 Y34.702 E557.1612
G1 X8.21 Y34.836 E557.17177
G1 X9.726 Y35.554 E557.2694
G1 X9.726 Y48.594 E558.0284
G0 F1800 X10.126 Y48.194
;TYPE:WALL-OUTER
G1 F600 X44.526 Y48.194 E560.03066
G1 X44.526 Y35.289 E560.7818
G1 X44.624 Y35.254 E560.78785
G1 X46.842 Y34.204 E560.93069
G1 X47.126 Y34.07 E560.94897
G1 X47.126 Y34.384 E560.95953
G1 X47.126 Y34.385 E560.95959
G1 X47.126 Y50.794 E561.91468
G1 X7.526 Y50.794 E564.21961
G1 X7.526 Y34.385 E565.1747
G1 X7.526 Y34.384 E565.17475
G1 X7.526 Y34.07 E565.19303
G1 X7.81 Y34.204 E565.2036
G1 X10.028 Y35.254 E565.34643
G1 X10.126 Y35.289 E565.35249
G1 X10.126 Y48.194 E566.10363
G0 F1800 X11.126 Y48.194
G0 X11.126 Y48.994
G1 F1500 E559.60363
G0 F1800 X9.698 Y48.622
G0 X9.71 Y35.564
G0 X10.258 Y34.405
G0 X9.565 Y33.601
;TIME_ELAPSED:1026.313402
;LAYER:7
G0 X9.565 Y33.601 Z2.75
;TYPE:FILL
G1 F1500 E566.10363
G1 F1200 X9.502 Y33.664 E566.10881
G0 F1800 X8.323 Y34.844
G1 F1200 X8.085 Y35.081 E566.12836
G0 F1800 X9.565 Y38.622
G1 F1200 X8.085 Y40.102 E566.25019
G1 X8.015 Y40.172
G0 F1800 X8.026 Y40.172
G0 X9.565 Y43.642
G1 F1200 X8.085 Y45.122 E566.37201
G1 X8.015 Y45.192
G0 F1800 X8.026 Y45.192
G0 X9.565 Y48.663
G1 F1200 X8.085 Y50.143 E566.49384
G1 X8.015 Y50.213
G0 F1800 X8.026 Y50.213
G0 X13.015 Y50.233
G1 F1200 X14.496 Y48.752 E566.61575
G1 X14.566 Y48.682
G0 F1800 X14.566 Y48.694
G0 X18.036 Y50.233
G1 F1200 X19.516 Y48.752 E566.73761
G1 X19.586 Y48.682
G0 F1800 X19.586 Y48.694
G0 X23.056 Y50.233
G1 F1200 X24.537 Y48.752 E566.85952
G1 X24.607 Y48.682
G0 F1800 X24.607 Y48.694
G0 X28.077 Y50.233
G1 F1200 X29.557 Y48.752 E566.98139
G1 X29.627 Y48.682
G0 F1800 X29.627 Y48.694
G0 X33.097 Y50.233
G1 F1200 X34.578 Y48.752 E567.1033
G1 X34.648 Y48.682
G0 F1800 X34.648 Y48.694
G0 X38.118 Y50.233
G1 F1200 X39.598 Y48.752 E567.22516
G1 X39.668 Y48.682
G0 F1800 X39.668 Y48.694
G0 X43.138 Y50.233
G1 F1200 X44.619 Y48.752 E567.34707
G1 X44.689 Y48.682
G0 F1800 X45.085 Y48.286
G1 F1200 X46.565 Y46.806 E567.4689
G1 X46.635 Y46.736
G0 F1800 X46.626 Y46.736
G0 X45.085 Y43.265
G1 F1200 X46.565 Y41.785 E567.59072
G1 X46.635 Y41.715
G0 F1800 X46.626 Y41.715
G0 X45.085 Y38.245
G1 F1200 X46.565 Y36.765 E567.71255
G1 X46.635 Y36.695
G0 F1800 X46.626 Y36.695
G0 X45.085 Y33.225
G1 F1200 X46.436 Y31.874 E567.82375
G1 X46.506 Y31.804
G0 F1800 X44.954 Y48.622
G0 X9.656 Y48.664
G0 X9.726 Y48.594
;TYPE:WALL-INNER
G1 F1200 X44.926 Y48.594 E569.87258
G1 X44.926 Y32.411 E570.81451
G1 X46.42 Y31.704 E570.91072
G1 X46.653 Y31.594 E570.92572
G1 X46.726 Y31.594 E570.92996
G1 X46.726 Y31.852 E570.93981
G1 X46.726 Y50.394 E572.01905
G1 X7.926 Y50.394 E574.27741
G1 X7.926 Y31.852 E575.35665
G1 X7.926 Y31.594 E575.37167
G1 X7.999 Y31.594 E575.37592
G1 X8.232 Y31.704 E575.38573
G1 X9.726 Y32.411 E575.48193
G1 X9.726 Y48.594 E576.42387
G0 F1800 X10.126 Y48.194
;TYPE:WALL-OUTER
G1 F600 X44.526 Y48.194 E578.42613
G1 X44.526 Y32.157 E579.35956
G1 X46.562 Y31.194 E579.49066
G1 X47.126 Y31.194 E579.52349
G1 X47.126 Y50.794 E580.66431
G1 X7.526 Y50.794 E582.96924
G1 X7.526 Y31.194 E584.11006
G1 X8.09 Y31.194 E584.14289
G1 X10.126 Y32.157 E584.27398
G1 X10.126 Y48.194 E585.20742
G0 F1800 X11.126 Y48.194
G0 X11.126 Y48.694
G0 X9.698 Y48.622
G0 X9.336 Y35.379
;TYPE:SKIN
G1 F600 X8.316 Y34.897 E585.27308
G1 X8.316 Y33.048 E585.3807
G1 X9.336 Y33.53 E585.44637
G1 X9.336 Y35.379 E585.55399
G0 F1800 X9.112 Y35.01
G1 F600 X8.92 Y34.636 E585.57693
G0 F1800 X9.156 Y33.835
G1 F600 X8.495 Y34.496 E585.63134
G1 X8.425 Y34.566
G0 F1800 X8.495 Y33.93
G1 F600 X8.903 Y33.523 E585.66488
G0 F1800 X9.698 Y48.622
G0 X44.954 Y48.622
G0 X45.316 Y33.53
G1 F600 X46.336 Y33.048 E585.73055
G1 X46.336 Y34.897 E585.83817
G1 X45.316 Y35.379 E585.90383
G1 X45.316 Y33.53 E586.01145
G0 F1800 X45.548 Y33.646
G1 F600 X45.824 Y33.936 E586.04297
G1 X45.425 Y34.336
G0 F1800 X45.495 Y34.832
G1 F600 X46.154 Y34.172 E586.09726
G1 X46.224 Y34.102
G0 F1800 X46.154 Y34.738
G1 F600 X46.068 Y34.824 E586.10434
G1 F1500 E579.60434
G0 F1800 X46.686 Y35.868
G0 X47.991 Y35.868
G0 X47.979 Y30.341
G0 X46.368 Y30.33
G0 X43.668 Y31.613
G0 X42.8 Y35.32
G0 X43.203 Y36.542
G0 X40.744 Y37.566
;TYPE:FILL
G1 F1500 E586.10434
G1 F1200 X32.077 Y46.233 E586.81776
G1 X32.007 Y46.303
G0 F1800 X32.007 Y46.294
G0 X37.097 Y46.233
G1 F1200 X43.065 Y40.265 E587.30901
G1 X43.135 Y40.195
G0 F1800 X43.126 Y40.195
G0 X43.065 Y45.285
G1 F1200 X42.118 Y46.233 E587.387
G1 X42.048 Y46.303
G0 F1800 X42.048 Y46.294
G0 X34.283 Y39.006
G1 F1200 X27.056 Y46.233 E587.98189
G1 X26.986 Y46.303
G0 F1800 X26.986 Y46.294
G0 X22.036 Y46.233
G1 F1200 X28.743 Y39.525 E588.53402
G1 X28.813 Y39.455
G0 F1800 X28.812 Y39.464
G0 X23.825 Y39.424
G1 F1200 X17.015 Y46.233 E589.09454
G1 X16.945 Y46.303
G0 F1800 X16.945 Y46.294
G0 X11.995 Y46.233
G1 F1200 X19.37 Y38.858 E589.70161
G1 X19.44 Y38.788
G0 F1800 X19.437 Y38.809
G0 X15.278 Y37.929
G1 F1200 X11.585 Y41.622 E590.0056
G1 X11.515 Y41.692
G0 F1800 X11.526 Y41.692
G0 X27.932 Y39.721
G0 X36.211 Y38.662
G0 X36.192 Y38.564
;TYPE:WALL-INNER
G1 F1200 X40.513 Y37.48 E590.26489
G1 X42.96 Y36.605 E590.41615
G1 X43.226 Y36.51 E590.43259
G1 X43.226 Y36.792 E590.4423
G1 X43.226 Y36.793 E590.44236
G1 X43.226 Y46.394 E591.00119
G1 X11.426 Y46.394 E592.85211
G1 X11.426 Y36.794 E593.41088
G1 X11.426 Y36.793 E593.41094
G1 X11.426 Y36.51 E593.42741
G1 X11.693 Y36.605 E593.43718
G1 X14.139 Y37.481 E593.5884
G1 X18.461 Y38.564 E593.84774
G1 X22.873 Y39.219 E594.10736
G1 X27.326 Y39.437 E594.36686
G1 X31.778 Y39.218 E594.6263
G1 X36.192 Y38.564 E594.88602
G0 F1800 X36.114 Y38.171
;TYPE:WALL-OUTER
G1 F600 X40.397 Y37.097 E595.14303
G1 X43.36 Y36.037 E595.3262
G1 X43.626 Y35.942 E595.34264
G1 X43.626 Y36.224 E595.35235
G1 X43.626 Y36.225 E595.3524
G1 X43.626 Y46.794 E595.96758
G1 X11.026 Y46.794 E597.86507
G1 X11.026 Y36.226 E598.48018
G1 X11.026 Y36.225 E598.48024
G1 X11.026 Y35.942 E598.49671
G1 X11.293 Y36.037 E598.50647
G1 X14.255 Y37.098 E598.6896
G1 X18.539 Y38.171 E598.94666
G1 X22.912 Y38.82 E599.20398
G1 X27.326 Y39.037 E599.4612
G1 X31.739 Y38.819 E599.71838
G1 X36.114 Y38.171 E599.9758
G0 F1800 X37.084 Y37.928
G0 X37.278 Y38.704
G1 F1500 E593.4758
G0 F1800 X31.779 Y39.237
G0 X31.654 Y37.959
G0 X10.991 Y32.411
G0 X9.693 Y32.432
G0 X8.215 Y31.873
;TIME_ELAPSED:1079.579489
;LAYER:8
G0 X8.215 Y31.873 Z3.1
;TYPE:FILL
G1 F1500 E599.9758
G1 F1200 X9.566 Y33.224 E600.08701
G1 X9.636 Y33.294
G0 F1800 X9.626 Y33.294
G0 X8.085 Y36.764
G1 F1200 X9.565 Y38.244 E600.20884
G1 X9.635 Y38.314
G0 F1800 X9.626 Y38.314
G0 X8.085 Y41.785
G1 F1200 X9.565 Y43.265 E600.33066
G1 X9.635 Y43.335
G0 F1800 X9.626 Y43.335
G0 X8.085 Y46.805
G1 F1200 X9.565 Y48.285 E600.45249
G1 X9.635 Y48.355
G0 F1800 X10.033 Y48.753
G1 F1200 X11.513 Y50.232 E600.57427
G1 X11.583 Y50.302
G0 F1800 X11.583 Y50.294
G0 X15.054 Y48.753
G1 F1200 X16.533 Y50.232 E600.69602
G1 X16.603 Y50.302
G0 F1800 X16.603 Y50.294
G0 X20.074 Y48.753
G1 F1200 X21.554 Y50.232 E600.8178
G1 X21.624 Y50.302
G0 F1800 X21.624 Y50.294
G0 X25.095 Y48.753
G1 F1200 X26.574 Y50.232 E600.93954
G1 X26.644 Y50.302
G0 F1800 X26.644 Y50.294
G0 X30.115 Y48.753
G1 F1200 X31.594 Y50.232 E601.06129
G1 X31.664 Y50.302
G0 F1800 X31.664 Y50.294
G0 X35.136 Y48.753
G1 F1200 X36.615 Y50.232 E601.18303
G1 X36.685 Y50.302
G0 F1800 X36.685 Y50.294
G0 X40.156 Y48.753
G1 F1200 X41.635 Y50.232 E601.30477
G1 X41.705 Y50.302
G0 F1800 X41.705 Y50.294
G0 X45.085 Y48.661
G1 F1200 X46.565 Y50.142 E601.42664
G1 X46.635 Y50.212
G0 F1800 X46.626 Y50.212
G0 X46.565 Y45.121
G1 F1200 X45.085 Y43.641 E601.54847
G1 X45.015 Y43.571
G0 F1800 X45.026 Y43.571
G0 X46.565 Y40.101
G1 F1200 X45.085 Y38.62 E601.67033
G1 X45.015 Y38.55
G0 F1800 X45.026 Y38.55
G0 X46.565 Y35.08
G1 F1200 X46.329 Y34.844 E601.68976
G0 F1800 X45.148 Y33.663
G1 F1200 X45.085 Y33.6 E601.69494
G0 F1800 X44.954 Y48.622
G0 X9.656 Y48.664
G0 X9.726 Y48.594
;TYPE:WALL-INNER
G1 F1200 X44.926 Y48.594 E603.74377
G1 X44.926 Y32.411 E604.6857
G1 X46.42 Y31.704 E604.78191
G1 X46.653 Y31.594 E604.79691
G1 X46.726 Y31.594 E604.80115
G1 X46.726 Y31.852 E604.811
G1 X46.726 Y50.394 E605.89024
G1 X7.926 Y50.394 E608.1486
G1 X7.926 Y31.852 E609.22784
G1 X7.926 Y31.594 E609.24286
G1 X7.999 Y31.594 E609.24711
G1 X8.232 Y31.704 E609.25692
G1 X9.726 Y32.411 E609.35312
G1 X9.726 Y48.594 E610.29506
G0 F1800 X10.126 Y48.194
;TYPE:WALL-OUTER
G1 F600 X44.526 Y48.194 E612.29732
G1 X44.526 Y32.157 E613.23076
G1 X46.562 Y31.194 E613.36185
G1 X47.126 Y31.194 E613.39468
G1 X47.126 Y50.794 E614.5355
G1 X7.526 Y50.794 E616.84043
G1 X7.526 Y31.194 E617.98125
G1 X8.09 Y31.194 E618.01408
G1 X10.126 Y32.157 E618.14517
G1 X10.126 Y48.194 E619.07861
G0 F1800 X11.126 Y48.194
G0 X11.126 Y48.694
G0 X9.698 Y48.622
G0 X9.336 Y35.379
;TYPE:SKIN
G1 F600 X8.316 Y34.897 E619.14427
G1 X8.316 Y33.048 E619.25189
G1 X9.336 Y33.53 E619.31756
G1 X9.336 Y35.379 E619.42518
G0 F1800 X8.495 Y34.517
G1 F600 X8.997 Y35.018 E619.46646
G0 F1800 X9.156 Y34.612
G1 F600 X8.495 Y33.951 E619.52087
G1 X8.425 Y33.881
G0 F1800 X8.495 Y33.386
G1 F600 X9.156 Y34.046 E619.57524
G1 X9.226 Y34.116
G0 F1800 X9.698 Y48.622
G0 X44.954 Y48.622
G0 X45.316 Y33.53
G1 F600 X46.336 Y33.048 E619.6409
G1 X46.336 Y34.897 E619.74852
G1 X45.316 Y35.379 E619.81419
G1 X45.316 Y33.53 E619.92181
G0 F1800 X45.899 Y33.453
G1 F600 X46.154 Y33.709 E619.94284
G0 F1800 X46.154 Y34.275
G1 F600 X45.515 Y33.635 E619.99548
G1 X45.445 Y33.565
G0 F1800 X45.495 Y34.181
G1 F600 X46.115 Y34.801 E620.04652
G1 X46.185 Y34.871
G0 F1800 X45.731 Y34.983
G1 F600 X45.495 Y34.747 E620.06594
G1 F1500 E613.56594
G0 F1800 X44.959 Y32.432
G0 X43.661 Y32.411
G0 X42.648 Y35.04
G0 X43.206 Y36.601
G0 X43.065 Y36.601
;TYPE:FILL
G1 F1500 E620.06594
G1 F1200 X42.919 Y36.454 E620.078
G0 F1800 X39.115 Y37.671
G1 F1200 X43.065 Y41.621 E620.40314
G1 X43.135 Y41.691
G0 F1800 X43.126 Y41.691
G0 X42.656 Y46.232
G1 F1200 X35.005 Y38.581 E621.03293
G1 X34.935 Y38.511
G0 F1800 X34.937 Y38.532
G0 X30.527 Y39.124
G1 F1200 X37.635 Y46.232 E621.61803
G1 X37.705 Y46.302
G0 F1800 X37.705 Y46.294
G0 X32.615 Y46.232
G1 F1200 X25.578 Y39.195 E622.19727
G1 X25.508 Y39.125
G0 F1800 X25.508 Y39.132
G0 X24.034 Y39.027
G0 X19.996 Y38.634
G1 F1200 X27.594 Y46.232 E622.8227
G1 X27.664 Y46.302
G0 F1800 X27.664 Y46.294
G0 X22.574 Y46.232
G1 F1200 X13.387 Y37.046 E623.57888
G1 X13.317 Y36.976
G0 F1800 X11.585 Y40.264
G1 F1200 X17.553 Y46.232 E624.07014
G1 X17.623 Y46.302
G0 F1800 X17.623 Y46.294
G0 X12.533 Y46.232
G1 F1200 X11.585 Y45.285 E624.14813
G1 X11.515 Y45.215
G0 F1800 X11.526 Y45.215
G0 X36.149 Y38.353
G0 X36.13 Y38.255
;TYPE:WALL-INNER
G1 F1200 X40.405 Y37.183 E624.40466
G1 X42.96 Y36.27 E624.56259
G1 X43.226 Y36.175 E624.57903
G1 X43.226 Y36.457 E624.58873
G1 X43.226 Y36.458 E624.58879
G1 X43.226 Y46.394 E625.16712
G1 X11.426 Y46.394 E627.01804
G1 X11.426 Y36.458 E627.59637
G1 X11.426 Y36.457 E627.59643
G1 X11.426 Y36.175 E627.61284
G1 X11.692 Y36.27 E627.62257
G1 X14.247 Y37.184 E627.78051
G1 X18.523 Y38.255 E628.03708
G1 X22.91 Y38.906 E628.29522
G1 X27.326 Y39.122 E628.55257
G1 X31.741 Y38.905 E628.80985
G1 X36.13 Y38.255 E629.0681
G0 F1800 X36.052 Y37.862
;TYPE:WALL-OUTER
G1 F600 X40.289 Y36.8 E629.32235
G1 X43.36 Y35.702 E629.51218
G1 X43.626 Y35.607 E629.52862
G1 X43.626 Y35.889 E629.53832
G1 X43.626 Y35.89 E629.53838
G1 X43.626 Y46.794 E630.17305
G1 X11.026 Y46.794 E632.07054
G1 X11.026 Y35.89 E632.70521
G1 X11.026 Y35.889 E632.70527
G1 X11.026 Y35.607 E632.72168
G1 X11.292 Y35.702 E632.7314
G1 X14.363 Y36.801 E632.92125
G1 X18.601 Y37.862 E633.17554
G1 X22.949 Y38.507 E633.43139
G1 X27.326 Y38.722 E633.68646
G1 X31.702 Y38.506 E633.94147
G1 X36.052 Y37.862 E634.19743
G0 F1800 X37.022 Y37.619
G0 X37.215 Y38.396
G1 F1500 E627.69743
G0 F1800 X31.742 Y38.924
G0 X31.617 Y37.646
G0 X10.991 Y34.548
G0 X9.686 Y34.548
G0 X9.565 Y33.601
;TIME_ELAPSED:1132.694769
;LAYER:9
G0 X9.565 Y33.601 Z3.45
;TYPE:FILL
G1 F1500 E634.19743
G1 F1200 X9.502 Y33.664 E634.20261
G0 F1800 X8.323 Y34.844
G1 F1200 X8.085 Y35.081 E634.22216
G0 F1800 X9.565 Y38.622
G1 F1200 X8.085 Y40.102 E634.34399
G1 X8.015 Y40.172
G0 F1800 X8.026 Y40.172
G0 X9.565 Y43.642
G1 F1200 X8.085 Y45.122 E634.46581
G1 X8.015 Y45.192
G0 F1800 X8.026 Y45.192
G0 X9.565 Y48.663
G1 F1200 X8.085 Y50.143 E634.58764
G1 X8.015 Y50.213
G0 F1800 X8.026 Y50.213
G0 X13.015 Y50.233
G1 F1200 X14.496 Y48.752 E634.70955
G1 X14.566 Y48.682
G0 F1800 X14.566 Y48.694
G0 X18.036 Y50.233
G1 F1200 X19.516 Y48.752 E634.83141
G1 X19.586 Y48.682
G0 F1800 X19.586 Y48.694
G0 X23.056 Y50.233
G1 F1200 X24.537 Y48.752 E634.95332
G1 X24.607 Y48.682
G0 F1800 X24.607 Y48.694
G0 X28.077 Y50.233
G1 F1200 X29.557 Y48.752 E635.07519
G1 X29.627 Y48.682
G0 F1800 X29.627 Y48.694
G0 X33.097 Y50.233
G1 F1200 X34.578 Y48.752 E635.1971
G1 X34.648 Y48.682
G0 F1800 X34.648 Y48.694
G0 X38.118 Y50.233
G1 F1200 X39.598 Y48.752 E635.31896
G1 X39.668 Y48.682
G0 F1800 X39.668 Y48.694
G0 X43.138 Y50.233
G1 F1200 X44.619 Y48.752 E635.44087
G1 X44.689 Y48.682
G0 F1800 X45.085 Y48.286
G1 F1200 X46.565 Y46.806 E635.5627
G1 X46.635 Y46.736
G0 F1800 X46.626 Y46.736
G0 X45.085 Y43.265
G1 F1200 X46.565 Y41.785 E635.68452
G1 X46.635 Y41.715
G0 F1800 X46.626 Y41.715
G0 X45.085 Y38.245
G1 F1200 X46.565 Y36.765 E635.80635
G1 X46.635 Y36.695
G0 F1800 X46.626 Y36.695
G0 X45.085 Y33.225
G1 F1200 X46.436 Y31.874 E635.91756
G1 X46.506 Y31.804
G0 F1800 X44.954 Y48.622
G0 X9.656 Y48.664
G0 X9.726 Y48.594
;TYPE:WALL-INNER
G1 F1200 X44.926 Y48.594 E637.96638
G1 X44.926 Y32.411 E638.90832
G1 X46.42 Y31.704 E639.00452
G1 X46.653 Y31.594 E639.01952
G1 X46.726 Y31.594 E639.02377
G1 X46.726 Y31.852 E639.03361
G1 X46.726 Y50.394 E640.11285
G1 X7.926 Y50.394 E642.37121
G1 X7.926 Y31.852 E643.45045
G1 X7.926 Y31.594 E643.46547
G1 X7.999 Y31.594 E643.46972
G1 X8.232 Y31.704 E643.47953
G1 X9.726 Y32.411 E643.57573
G1 X9.726 Y48.594 E644.51767
G0 F1800 X10.126 Y48.194
;TYPE:WALL-OUTER
G1 F600 X44.526 Y48.194 E646.51993
G1 X44.526 Y32.157 E647.45337
G1 X46.562 Y31.194 E647.58446
G1 X47.126 Y31.194 E647.61729
G1 X47.126 Y50.794 E648.75811
G1 X7.526 Y50.794 E651.06304
G1 X7.526 Y31.194 E652.20386
G1 X8.09 Y31.194 E652.23669
G1 X10.126 Y32.157 E652.36778
G1 X10.126 Y48.194 E653.30122
G0 F1800 X11.126 Y48.194
G0 X11.126 Y48.694
G0 X9.698 Y48.622
G0 X9.336 Y35.379
;TYPE:SKIN
G1 F600 X8.316 Y34.897 E653.36688
G1 X8.316 Y33.048 E653.4745
G1 X9.336 Y33.53 E653.54017
G1 X9.336 Y35.379 E653.64779
G0 F1800 X9.112 Y35.01
G1 F600 X8.92 Y34.636 E653.67073
G0 F1800 X9.156 Y33.835
G1 F600 X8.495 Y34.496 E653.72514
G1 X8.425 Y34.566
G0 F1800 X8.495 Y33.93
G1 F600 X8.903 Y33.523 E653.75868
G0 F1800 X9.698 Y48.622
G0 X44.954 Y48.622
G0 X45.316 Y33.53
G1 F600 X46.336 Y33.048 E653.82435
G1 X46.336 Y34.897 E653.93197
G1 X45.316 Y35.379 E653.99763
G1 X45.316 Y33.53 E654.10525
G0 F1800 X45.548 Y33.646
G1 F600 X45.824 Y33.936 E654.13677
G1 X45.425 Y34.336
G0 F1800 X45.495 Y34.832
G1 F600 X46.154 Y34.172 E654.19106
G1 X46.224 Y34.102
G0 F1800 X46.154 Y34.738
G1 F600 X46.068 Y34.824 E654.19814
G1 F1500 E647.69814
G0 F1800 X46.686 Y35.868
G0 X47.991 Y35.868
G0 X47.979 Y30.341
G0 X46.368 Y30.33
G0 X43.668 Y31.613
G0 X42.568 Y34.734
G0 X43.206 Y36.522
G0 X41.787 Y36.522
;TYPE:FILL
G1 F1500 E654.19814
G1 F1200 X32.077 Y46.233 E654.99745
G1 X32.007 Y46.303
G0 F1800 X32.007 Y46.294
G0 X37.097 Y46.233
G1 F1200 X43.065 Y40.265 E655.48871
G1 X43.135 Y40.195
G0 F1800 X43.126 Y40.195
G0 X43.065 Y45.285
G1 F1200 X42.118 Y46.233 E655.5667
G1 X42.048 Y46.303
G0 F1800 X42.048 Y46.294
G0 X35.03 Y38.26
G1 F1200 X27.056 Y46.233 E656.22304
G1 X26.986 Y46.303
G0 F1800 X26.986 Y46.294
G0 X22.036 Y46.233
G1 F1200 X29.405 Y38.864 E656.82961
G1 X29.475 Y38.794
G0 F1800 X29.474 Y38.801
G0 X24.424 Y38.824
G1 F1200 X17.015 Y46.233 E657.43948
G1 X16.945 Y46.303
G0 F1800 X16.945 Y46.294
G0 X11.995 Y46.233
G1 F1200 X19.924 Y38.304 E658.09215
G1 X19.994 Y38.234
G0 F1800 X19.991 Y38.254
G0 X15.797 Y37.41
G1 F1200 X11.585 Y41.622 E658.43886
G1 X11.515 Y41.692
G0 F1800 X11.526 Y41.692
G0 X11.585 Y36.601
G1 F1200 X11.98 Y36.207 E658.47134
G0 F1800 X29.68 Y41.966
G0 X36.088 Y38.044
G0 X36.069 Y37.946
;TYPE:WALL-INNER
G1 F1200 X40.297 Y36.886 E658.72504
G1 X42.96 Y35.936 E658.88961
G1 X43.226 Y35.841 E658.90605
G1 X43.226 Y36.123 E658.91576
G1 X43.226 Y36.124 E658.91582
G1 X43.226 Y46.394 E659.51358
G1 X11.426 Y46.394 E661.36451
G1 X11.426 Y36.124 E661.96228
G1 X11.426 Y36.123 E661.96234
G1 X11.426 Y35.841 E661.97875
G1 X11.692 Y35.936 E661.98847
G1 X14.355 Y36.887 E662.15306
G1 X18.584 Y37.946 E662.40681
G1 X22.946 Y38.593 E662.66348
G1 X27.326 Y38.807 E662.91872
G1 X31.705 Y38.592 E663.17391
G1 X36.069 Y37.946 E663.43069
G0 F1800 X35.991 Y37.553
;TYPE:WALL-OUTER
G1 F600 X40.181 Y36.503 E663.68211
G1 X43.36 Y35.368 E663.87858
G1 X43.626 Y35.273 E663.89502
G1 X43.626 Y35.555 E663.90473
G1 X43.626 Y35.556 E663.90478
G1 X43.626 Y46.794 E664.5589
G1 X11.026 Y46.794 E666.45639
G1 X11.026 Y35.556 E667.1105
G1 X11.026 Y35.555 E667.11055
G1 X11.026 Y35.273 E667.12697
G1 X11.292 Y35.368 E667.13669
G1 X14.471 Y36.504 E667.33318
G1 X18.662 Y37.553 E667.58465
G1 X22.985 Y38.194 E667.83902
G1 X27.326 Y38.407 E668.09199
G1 X31.666 Y38.193 E668.34491
G1 X35.991 Y37.553 E668.59939
G0 F1800 X36.961 Y37.31
G0 X37.154 Y38.087
G0 X31.708 Y38.631
G0 X27.326 Y38.847
G0 X23.382 Y38.654
G0 X13.89 Y37.548
;TIME_ELAPSED:1186.318259
;LAYER:10
G0 X13.89 Y37.548 Z3.8
;TYPE:FILL
G1 F1200 X22.574 Y46.232 E669.31421
G1 X22.644 Y46.302
G0 F1800 X22.644 Y46.294
G0 X27.594 Y46.232
G1 F1200 X20.324 Y38.962 E669.91264
G1 X20.254 Y38.892
G0 F1800 X25.865 Y39.482
G1 F1200 X32.615 Y46.232 E670.46826
G1 X32.685 Y46.302
G0 F1800 X32.685 Y46.294
G0 X37.635 Y46.232
G1 F1200 X30.786 Y39.383 E671.03203
G1 X30.716 Y39.313
G0 F1800 X35.249 Y38.825
G1 F1200 X42.656 Y46.232 E671.64174
G1 X42.726 Y46.302
G0 F1800 X42.726 Y46.294
G0 X43.065 Y41.621
G1 F1200 X39.351 Y37.907 E671.94745
G1 X39.281 Y37.837
G0 F1800 X17.553 Y46.232
G1 F1200 X11.585 Y40.264 E672.43871
G1 X11.515 Y40.194
G0 F1800 X11.526 Y40.194
G0 X11.585 Y45.285
G1 F1200 X12.533 Y46.232 E672.5167
G1 X12.603 Y46.302
G0 F1800 X12.603 Y46.294
G0 X14.382 Y36.671
G0 X14.41 Y36.576
;TYPE:WALL-INNER
G1 F1200 X18.682 Y37.643 E672.77299
G1 X22.964 Y38.278 E673.02495
G1 X27.326 Y38.492 E673.27915
G1 X31.668 Y38.278 E673.53218
G1 X36.007 Y37.637 E673.78748
G1 X40.243 Y36.576 E674.04165
G1 X42.959 Y35.603 E674.20957
G1 X43.226 Y35.508 E674.22607
G1 X43.226 Y35.791 E674.23582
G1 X43.226 Y35.792 E674.23588
G1 X43.226 Y46.394 E674.85297
G1 X11.426 Y46.394 E676.7039
G1 X11.426 Y35.792 E677.32099
G1 X11.426 Y35.791 E677.32105
G1 X11.426 Y35.508 E677.33752
G1 X11.693 Y35.603 E677.34728
G1 X14.41 Y36.576 E677.51526
G0 F1800 X14.526 Y36.193
;TYPE:WALL-OUTER
G1 F600 X18.76 Y37.25 E677.76926
G1 X23.003 Y37.879 E678.01893
G1 X27.326 Y38.092 E678.27085
G1 X31.629 Y37.879 E678.52162
G1 X35.929 Y37.244 E678.77461
G1 X40.127 Y36.193 E679.0265
G1 X43.359 Y35.035 E679.22633
G1 X43.626 Y34.94 E679.24283
G1 X43.626 Y35.223 E679.25258
G1 X43.626 Y35.224 E679.25263
G1 X43.626 Y46.794 E679.92607
G1 X11.026 Y46.794 E681.82356
G1 X11.026 Y35.224 E682.49699
G1 X11.026 Y35.223 E682.49705
G1 X11.026 Y34.94 E682.51352
G1 X11.293 Y35.035 E682.52329
G1 X14.526 Y36.193 E682.72317
G0 F1800 X15.496 Y36.435
G0 X15.374 Y36.919
G0 X14.297 Y36.95
;TYPE:SKIN
G1 F600 X18.606 Y38.026 E682.98168
G1 X22.925 Y38.666 E683.23581
G1 X27.326 Y38.882 E683.49228
G1 X31.707 Y38.666 E683.74759
G1 X36.083 Y38.02 E684.00506
G1 X40.356 Y36.95 E684.26145
G1 X42.836 Y36.062 E684.41477
G1 X42.836 Y36.859 E684.46116
G1 X40.713 Y37.619 E684.59241
G1 X36.326 Y38.718 E684.85564
G1 X31.849 Y39.381 E685.11907
G1 X27.326 Y39.605 E685.38266
G1 X22.803 Y39.381 E685.64624
G1 X18.327 Y38.718 E685.90961
G1 X13.939 Y37.619 E686.1729
G1 X11.816 Y36.859 E686.30415
G1 X11.816 Y36.062 E686.35054
G1 X14.297 Y36.95 E686.50392
G0 F1800 X11.996 Y36.32
G1 F600 X12.636 Y36.961 E686.55664
G1 X12.706 Y37.031
G0 F1800 X12.872 Y36.631
G1 F600 X13.518 Y37.277 E686.60982
G1 X13.588 Y37.347
G0 F1800 X13.753 Y36.946
G1 F600 X14.34 Y37.533 E686.65814
G1 X14.41 Y37.603
G0 F1800 X14.835 Y37.463
G1 F600 X15.59 Y37.651 E686.70071
G1 X16.344 Y37.84 E686.74312
G1 X17.098 Y38.028 E686.78575
G1 X17.852 Y38.217 E686.8284
G1 X18.575 Y38.374 E686.86877
G1 X19.253 Y38.487 E686.90547
G1 X19.917 Y38.585 E686.94112
G1 X20.581 Y38.683 E686.97677
G1 X21.245 Y38.782 E687.01233
G1 X21.91 Y38.88 E687.04803
G1 X22.574 Y38.978 E687.08368
G1 X23.199 Y39.038 E687.11703
G1 X23.794 Y39.067 E687.14823
G1 X24.389 Y39.097 E687.17936
G1 X24.985 Y39.127 E687.21062
G1 X25.58 Y39.156 E687.24191
G1 X26.174 Y39.185 E687.27315
G1 X26.77 Y39.215 E687.3045
G1 X27.354 Y39.234 E687.33485
G1 X27.9 Y39.214 E687.36387
G1 X28.439 Y39.187 E687.3923
G1 X28.978 Y39.16 E687.42072
G1 X29.517 Y39.134 E687.44899
G1 X30.056 Y39.107 E687.47734
G1 X30.595 Y39.08 E687.50569
G1 X31.134 Y39.054 E687.53396
G1 X31.672 Y39.026 E687.56218
G1 X32.174 Y38.962 E687.5895
G1 X32.667 Y38.89 E687.61604
G1 X33.16 Y38.817 E687.64265
G1 X33.653 Y38.744 E687.66927
G1 X34.146 Y38.671 E687.69588
G1 X34.638 Y38.598 E687.72244
G1 X35.131 Y38.525 E687.74906
G1 X35.624 Y38.452 E687.7756
G1 X36.117 Y38.38 E687.80206
G1 X36.577 Y38.274 E687.82803
G1 X37.029 Y38.16 E687.85346
G1 X37.482 Y38.047 E687.87894
G1 X37.934 Y37.934 E687.90436
G1 X38.386 Y37.82 E687.9298
G1 X38.839 Y37.707 E687.95528
G1 X39.291 Y37.594 E687.9807
G1 X39.744 Y37.481 E688.00618
G1 X40.196 Y37.367 E688.03161
G1 X40.639 Y37.245 E688.05682
G1 X41.056 Y37.096 E688.08195
G1 X41.473 Y36.947 E688.10708
G1 X41.889 Y36.798 E688.13216
G1 X42.306 Y36.65 E688.15714
G1 X42.613 Y36.39 E688.17312
G0 F1800 X42.571 Y36.348
G1 F1500 E681.67312
G0 F1800 X43.203 Y35.54
G0 X42.8 Y34.318
G0 X43.661 Y32.411
G0 X44.959 Y32.432
G0 X45.085 Y38.62
;TYPE:FILL
G1 F1500 E688.17312
G1 F1200 X46.565 Y40.101 E688.29499
G1 X46.635 Y40.171
G0 F1800 X46.626 Y40.171
G0 X45.085 Y43.641
G1 F1200 X46.565 Y45.121 E688.41681
G1 X46.635 Y45.191
G0 F1800 X46.626 Y45.191
G0 X45.085 Y48.661
G1 F1200 X46.565 Y50.142 E688.53868
G1 X46.635 Y50.212
G0 F1800 X46.626 Y50.212
G0 X41.635 Y50.232
G1 F1200 X40.156 Y48.753 E688.66042
G1 X40.086 Y48.683
G0 F1800 X40.086 Y48.694
G0 X36.615 Y50.232
G1 F1200 X35.136 Y48.753 E688.78217
G1 X35.066 Y48.683
G0 F1800 X35.066 Y48.694
G0 X31.594 Y50.232
G1 F1200 X30.115 Y48.753 E688.90391
G1 X30.045 Y48.683
G0 F1800 X30.045 Y48.694
G0 X26.574 Y50.232
G1 F1200 X25.095 Y48.753 E689.02565
G1 X25.025 Y48.683
G0 F1800 X25.025 Y48.694
G0 X21.554 Y50.232
G1 F1200 X20.074 Y48.753 E689.14744
G1 X20.004 Y48.683
G0 F1800 X20.004 Y48.694
G0 X16.533 Y50.232
G1 F1200 X15.054 Y48.753 E689.26918
G1 X14.984 Y48.683
G0 F1800 X14.984 Y48.694
G0 X11.513 Y50.232
G1 F1200 X10.033 Y48.753 E689.39097
G1 X9.963 Y48.683
G0 F1800 X9.565 Y48.285
G1 F1200 X8.085 Y46.805 E689.51279
G1 X8.015 Y46.735
G0 F1800 X8.026 Y46.735
G0 X9.565 Y43.265
G1 F1200 X8.085 Y41.785 E689.63462
G1 X8.015 Y41.715
G0 F1800 X8.026 Y41.715
G0 X9.565 Y38.244
G1 F1200 X8.085 Y36.764 E689.75644
G1 X8.015 Y36.694
G0 F1800 X8.026 Y36.694
G0 X9.566 Y33.224
G1 F1200 X8.215 Y31.873 E689.86765
G1 X8.145 Y31.803
G0 F1800 X9.698 Y48.622
G0 X44.954 Y48.622
G0 X45.085 Y33.6
G1 F1200 X45.148 Y33.663 E689.87284
G0 F1800 X46.329 Y34.844
G1 F1200 X46.565 Y35.08 E689.89226
G0 F1800 X44.954 Y48.622
G0 X9.656 Y48.664
G0 X9.726 Y48.594
;TYPE:WALL-INNER
G1 F1200 X44.926 Y48.594 E691.94109
G1 X44.926 Y32.411 E692.88302
G1 X46.42 Y31.704 E692.97923
G1 X46.653 Y31.594 E692.99422
G1 X46.726 Y31.594 E692.99847
G1 X46.726 Y31.852 E693.00831
G1 X46.726 Y50.394 E694.08756
G1 X7.926 Y50.394 E696.34592
G1 X7.926 Y31.852 E697.42516
G1 X7.926 Y31.594 E697.44018
G1 X7.999 Y31.594 E697.44443
G1 X8.232 Y31.704 E697.45424
G1 X9.726 Y32.411 E697.55044
G1 X9.726 Y48.594 E698.49238
G0 F1800 X10.126 Y48.194
;TYPE:WALL-OUTER
G1 F600 X44.526 Y48.194 E700.49464
G1 X44.526 Y32.157 E701.42807
G1 X46.562 Y31.194 E701.55917
G1 X47.126 Y31.194 E701.59199
G1 X47.126 Y50.794 E702.73282
G1 X7.526 Y50.794 E705.03774
G1 X7.526 Y31.194 E706.17857
G1 X8.09 Y31.194 E706.21139
G1 X10.126 Y32.157 E706.34249
G1 X10.126 Y48.194 E707.27592
G0 F1800 X11.126 Y48.194
G0 X11.126 Y48.694
G0 X9.698 Y48.622
G0 X9.336 Y35.379
;TYPE:SKIN
G1 F600 X8.316 Y34.897 E707.34159
G1 X8.316 Y33.048 E707.44921
G1 X9.336 Y33.53 E707.51487
G1 X9.336 Y35.379 E707.6225
G0 F1800 X8.495 Y34.517
G1 F600 X8.997 Y35.018 E707.66378
G0 F1800 X9.156 Y34.612
G1 F600 X8.495 Y33.951 E707.71819
G1 X8.425 Y33.881
G0 F1800 X8.495 Y33.386
G1 F600 X9.156 Y34.046 E707.77256
G1 X9.226 Y34.116
G0 F1800 X9.698 Y48.622
G0 X44.954 Y48.622
G0 X45.316 Y33.53
G1 F600 X46.336 Y33.048 E707.83822
G1 X46.336 Y34.897 E707.94584
G1 X45.316 Y35.379 E708.01151
G1 X45.316 Y33.53 E708.11913
G0 F1800 X45.899 Y33.453
G1 F600 X46.154 Y33.709 E708.14016
G0 F1800 X46.154 Y34.275
G1 F600 X45.515 Y33.635 E708.1928
G1 X45.445 Y33.565
G0 F1800 X45.495 Y34.181
G1 F600 X46.115 Y34.801 E708.24383
G1 X46.185 Y34.871
G0 F1800 X45.731 Y34.983
G1 F600 X45.495 Y34.747 E708.26326
G0 F1800 X44.954 Y48.622
G0 X9.698 Y48.622
G0 X8.323 Y34.844
;TIME_ELAPSED:1252.221828
;LAYER:11
G0 X8.323 Y34.844 Z4.15
;TYPE:FILL
G1 F1200 X8.085 Y35.081 E708.28281
G0 F1800 X9.565 Y38.622
G1 F1200 X8.085 Y40.102 E708.40464
G1 X8.015 Y40.172
G0 F1800 X8.026 Y40.172
G0 X9.565 Y43.642
G1 F1200 X8.085 Y45.122 E708.52646
G1 X8.015 Y45.192
G0 F1800 X8.026 Y45.192
G0 X9.565 Y48.663
G1 F1200 X8.085 Y50.143 E708.64829
G1 X8.015 Y50.213
G0 F1800 X8.026 Y50.213
G0 X13.015 Y50.233
G1 F1200 X14.496 Y48.752 E708.7702
G1 X14.566 Y48.682
G0 F1800 X14.566 Y48.694
G0 X18.036 Y50.233
G1 F1200 X19.516 Y48.752 E708.89206
G1 X19.586 Y48.682
G0 F1800 X19.586 Y48.694
G0 X23.056 Y50.233
G1 F1200 X24.537 Y48.752 E709.01397
G1 X24.607 Y48.682
G0 F1800 X24.607 Y48.694
G0 X28.077 Y50.233
G1 F1200 X29.557 Y48.752 E709.13584
G1 X29.627 Y48.682
G0 F1800 X29.627 Y48.694
G0 X33.097 Y50.233
G1 F1200 X34.578 Y48.752 E709.25774
G1 X34.648 Y48.682
G0 F1800 X34.648 Y48.694
G0 X38.118 Y50.233
G1 F1200 X39.598 Y48.752 E709.37961
G1 X39.668 Y48.682
G0 F1800 X39.668 Y48.694
G0 X43.138 Y50.233
G1 F1200 X44.619 Y48.752 E709.50152
G1 X44.689 Y48.682
G0 F1800 X45.085 Y48.286
G1 F1200 X46.565 Y46.806 E709.62335
G1 X46.635 Y46.736
G0 F1800 X46.626 Y46.736
G0 X45.085 Y43.265
G1 F1200 X46.565 Y41.785 E709.74517
G1 X46.635 Y41.715
G0 F1800 X46.626 Y41.715
G0 X45.085 Y38.245
G1 F1200 X46.565 Y36.765 E709.867
G1 X46.635 Y36.695
G0 F1800 X46.626 Y36.695
G0 X44.954 Y48.622
G0 X9.656 Y48.664
G0 X9.726 Y48.594
;TYPE:WALL-INNER
G1 F1200 X44.926 Y48.594 E711.91582
G1 X44.926 Y32.411 E712.85776
G1 X46.42 Y31.704 E712.95396
G1 X46.653 Y31.594 E712.96896
G1 X46.726 Y31.594 E712.97321
G1 X46.726 Y31.852 E712.98305
G1 X46.726 Y50.394 E714.06229
G1 X7.926 Y50.394 E716.32065
G1 X7.926 Y31.852 E717.39989
G1 X7.926 Y31.594 E717.41491
G1 X7.999 Y31.594 E717.41916
G1 X8.232 Y31.704 E717.42897
G1 X9.726 Y32.411 E717.52517
G1 X9.726 Y48.594 E718.46711
G0 F1800 X10.126 Y48.194
;TYPE:WALL-OUTER
G1 F600 X44.526 Y48.194 E720.46937
G1 X44.526 Y32.157 E721.40281
G1 X46.562 Y31.194 E721.5339
G1 X47.126 Y31.194 E721.56673
G1 X47.126 Y50.794 E722.70755
G1 X7.526 Y50.794 E725.01248
G1 X7.526 Y31.194 E726.1533
G1 X8.09 Y31.194 E726.18613
G1 X10.126 Y32.157 E726.31722
G1 X10.126 Y48.194 E727.25066
G0 F1800 X11.126 Y48.194
G0 X11.126 Y48.694
G0 X9.698 Y48.622
G0 X9.336 Y35.379
;TYPE:SKIN
G1 F600 X8.316 Y34.897 E727.31632
G1 X8.316 Y32.176 E727.4747
G1 X9.336 Y32.658 E727.54036
G1 X9.336 Y35.379 E727.69874
G0 F1800 X9.112 Y35.01
G1 F600 X8.92 Y34.637 E727.72157
G0 F1800 X9.155 Y33.836
G1 F600 X8.495 Y34.496 E727.7759
G1 X8.425 Y34.566
G0 F1800 X8.495 Y33.93
G1 F600 X9.155 Y33.27 E727.83023
G1 X9.225 Y33.2
G0 F1800 X9.111 Y32.749
G1 F600 X8.495 Y33.364 E727.88089
G1 X8.425 Y33.434
G0 F1800 X8.495 Y32.799
G1 F600 X8.726 Y32.568 E727.89991
G0 F1800 X9.698 Y48.622
G0 X44.954 Y48.622
G0 X45.316 Y32.658
G1 F600 X46.336 Y32.176 E727.96557
G1 X46.336 Y34.897 E728.12395
G1 X45.316 Y35.379 E728.18961
G1 X45.316 Y32.658 E728.34799
G0 F1800 X45.495 Y33.135
G1 F600 X46.154 Y32.475 E728.40227
G1 X46.224 Y32.405
G0 F1800 X46.154 Y33.04
G1 F600 X45.495 Y33.7 E728.45656
G1 X45.425 Y33.77
G0 F1800 X45.495 Y34.266
G1 F600 X46.154 Y33.606 E728.51085
G1 X46.224 Y33.536
G0 F1800 X46.154 Y34.172
G1 F600 X45.495 Y34.832 E728.56513
G1 X45.425 Y34.902
G0 F1800 X46.068 Y34.824
G1 F600 X46.154 Y34.738 E728.57221
G1 F1500 E722.07221
G0 F1800 X46.686 Y35.868
G0 X47.991 Y35.868
G0 X47.979 Y30.341
G0 X46.368 Y30.33
G0 X43.668 Y31.613
G0 X42.8 Y33.984
G0 X43.203 Y35.206
G0 X40.761 Y37.548
;TYPE:FILL
G1 F1500 E728.57221
G1 F1200 X32.077 Y46.233 E729.28707
G1 X32.007 Y46.303
G0 F1800 X32.007 Y46.294
G0 X37.097 Y46.233
G1 F1200 X43.065 Y40.265 E729.77833
G1 X43.135 Y40.195
G0 F1800 X43.126 Y40.195
G0 X43.065 Y45.285
G1 F1200 X42.118 Y46.233 E729.85632
G1 X42.048 Y46.303
G0 F1800 X42.048 Y46.294
G0 X34.329 Y38.96
G1 F1200 X27.056 Y46.233 E730.455
G1 X26.986 Y46.303
G0 F1800 X26.986 Y46.294
G0 X22.036 Y46.233
G1 F1200 X28.787 Y39.482 E731.0107
G1 X28.857 Y39.412
G0 F1800 X23.866 Y39.383
G1 F1200 X17.015 Y46.233 E731.5746
G1 X16.945 Y46.303
G0 F1800 X16.945 Y46.294
G0 X11.995 Y46.233
G1 F1200 X19.403 Y38.825 E732.18438
G1 X19.473 Y38.755
G0 F1800 X15.301 Y37.906
G1 F1200 X11.585 Y41.622 E732.49027
G1 X11.515 Y41.692
G0 F1800 X11.526 Y41.692
G0 X35.965 Y37.426
G0 X35.946 Y37.328
;TYPE:WALL-INNER
G1 F1200 X40.151 Y36.274 E732.74259
G1 X42.96 Y35.269 E732.91624
G1 X43.226 Y35.174 E732.93268
G1 X43.226 Y35.456 E732.94238
G1 X43.226 Y35.457 E732.94244
G1 X43.226 Y46.394 E733.57903
G1 X11.426 Y46.394 E735.42996
G1 X11.426 Y35.457 E736.06655
G1 X11.426 Y35.456 E736.06661
G1 X11.426 Y35.174 E736.08302
G1 X11.692 Y35.269 E736.09274
G1 X14.501 Y36.274 E736.26639
G1 X18.707 Y37.328 E736.51877
G1 X23.02 Y37.966 E736.77254
G1 X27.326 Y38.177 E737.02348
G1 X31.631 Y37.965 E737.27435
G1 X35.946 Y37.328 E737.52823
G0 F1800 X35.868 Y36.935
;TYPE:WALL-OUTER
G1 F600 X40.035 Y35.891 E737.77827
G1 X43.36 Y34.701 E737.98382
G1 X43.626 Y34.606 E738.00026
G1 X43.626 Y34.888 E738.00997
G1 X43.626 Y34.889 E738.01003
G1 X43.626 Y46.794 E738.70296
G1 X11.026 Y46.794 E740.60045
G1 X11.026 Y34.889 E741.29338
G1 X11.026 Y34.888 E741.29344
G1 X11.026 Y34.606 E741.30986
G1 X11.292 Y34.701 E741.31958
G1 X14.617 Y35.891 E741.52513
G1 X18.785 Y36.935 E741.77522
G1 X23.059 Y37.567 E742.0267
G1 X27.326 Y37.777 E742.27536
G1 X31.592 Y37.566 E742.52397
G1 X35.868 Y36.935 E742.77555
G0 F1800 X36.838 Y36.692
G0 X36.958 Y37.178
G0 X36.022 Y37.711
;TYPE:SKIN
G1 F600 X40.264 Y36.648 E743.03009
G1 X42.836 Y35.728 E743.18908
G1 X42.836 Y36.859 E743.25491
G1 X40.713 Y37.619 E743.38616
G1 X36.326 Y38.718 E743.6494
G1 X31.849 Y39.381 E743.91283
G1 X27.326 Y39.605 E744.17641
G1 X22.803 Y39.381 E744.44
G1 X18.327 Y38.718 E744.70336
G1 X13.939 Y37.619 E744.96666
G1 X11.816 Y36.859 E745.09791
G1 X11.816 Y35.728 E745.16374
G1 X14.388 Y36.648 E745.32273
G1 X18.631 Y37.711 E745.57733
G1 X22.981 Y38.354 E745.83327
G1 X27.326 Y38.567 E746.08648
G1 X31.67 Y38.353 E746.33963
G1 X36.022 Y37.711 E746.59568
G0 F1800 X42.654 Y36.541
G1 F600 X42.355 Y36.84 E746.62029
G0 F1800 X41.761 Y36.303
G1 F600 X40.604 Y37.46 E746.71553
G1 X40.534 Y37.53
G0 F1800 X39.849 Y37.649
G1 F600 X40.88 Y36.618 E746.80039
G1 X40.95 Y36.548
G0 F1800 X41.474 Y37.155
G1 F600 X42.642 Y35.988 E746.8965
G1 X42.712 Y35.918
G0 F1800 X40.044 Y36.888
G1 F600 X39.095 Y37.837 E746.97461
G1 X39.025 Y37.907
G0 F1800 X38.34 Y38.027
G1 F600 X39.29 Y37.077 E747.05281
G1 X39.36 Y37.007
G0 F1800 X38.535 Y37.265
G1 F600 X37.585 Y38.216 E747.13105
G1 X37.515 Y38.286
G0 F1800 X36.831 Y38.405
G1 F600 X37.78 Y37.455 E747.20921
G1 X37.85 Y37.385
G0 F1800 X37.026 Y37.644
G1 F600 X36.102 Y38.568 E747.28527
G1 X36.032 Y38.638
G0 F1800 X35.438 Y38.666
G1 F600 X36.271 Y37.833 E747.35384
G1 X36.341 Y37.763
G0 F1800 X35.582 Y37.956
G1 F600 X34.774 Y38.765 E747.42039
G1 X34.704 Y38.835
G0 F1800 X34.11 Y38.863
G1 F600 X34.919 Y38.054 E747.48698
G1 X34.989 Y37.984
G0 F1800 X34.255 Y38.152
G1 F600 X33.446 Y38.961 E747.55357
G1 X33.376 Y39.031
G0 F1800 X32.782 Y39.059
G1 F600 X33.591 Y38.25 E747.62017
G1 X33.661 Y38.18
G0 F1800 X32.927 Y38.348
G1 F600 X32.118 Y39.158 E747.6868
G1 X32.048 Y39.228
G0 F1800 X31.493 Y39.216
G1 F600 X32.264 Y38.446 E747.75022
G1 X32.334 Y38.376
G0 F1800 X31.609 Y38.535
G1 F600 X30.898 Y39.246 E747.80875
G1 X30.828 Y39.316
G0 F1800 X30.303 Y39.276
G1 F600 X31.015 Y38.564 E747.86736
G1 X31.085 Y38.494
G0 F1800 X30.419 Y38.593
G1 F600 X29.707 Y39.305 E747.92596
G1 X29.637 Y39.375
G0 F1800 X29.112 Y39.335
G1 F600 X29.825 Y38.622 E747.98465
G1 X29.895 Y38.552
G0 F1800 X29.23 Y38.651
G1 F600 X28.516 Y39.365 E748.04343
G1 X28.446 Y39.435
G0 F1800 X27.921 Y39.395
G1 F600 X28.634 Y38.681 E748.10216
G1 X28.704 Y38.611
G0 F1800 X28.04 Y38.71
G1 F600 X27.326 Y39.424 E748.16093
G1 X27.256 Y39.494
G0 F1800 X26.787 Y39.397
G1 F600 X27.445 Y38.739 E748.21509
G1 X27.515 Y38.669
G0 F1800 X26.894 Y38.724
G1 F600 X26.248 Y39.37 E748.26827
G1 X26.178 Y39.44
G0 F1800 X25.709 Y39.344
G1 F600 X26.355 Y38.697 E748.32149
G1 X26.425 Y38.627
G0 F1800 X25.816 Y38.671
G1 F600 X25.17 Y39.317 E748.37466
G1 X25.1 Y39.387
G0 F1800 X24.632 Y39.29
G1 F600 X25.277 Y38.644 E748.4278
G1 X25.347 Y38.574
G0 F1800 X24.738 Y38.618
G1 F600 X24.093 Y39.263 E748.48089
G1 X24.023 Y39.333
G0 F1800 X23.554 Y39.236
G1 F600 X24.199 Y38.591 E748.53398
G1 X24.269 Y38.521
G0 F1800 X23.659 Y38.565
G1 F600 X23.015 Y39.209 E748.58699
G1 X22.945 Y39.279
G0 F1800 X22.505 Y39.153
G1 F600 X23.12 Y38.538 E748.63762
G1 X23.19 Y38.468
G0 F1800 X22.614 Y38.479
G1 F600 X22.012 Y39.081 E748.68717
G1 X21.942 Y39.151
G0 F1800 X21.52 Y39.008
G1 F600 X22.121 Y38.406 E748.73668
G1 X22.191 Y38.336
G0 F1800 X21.628 Y38.333
G1 F600 X21.027 Y38.935 E748.78619
G1 X20.957 Y39.005
G0 F1800 X20.535 Y38.861
G1 F600 X21.136 Y38.26 E748.83566
G1 X21.206 Y38.19
G0 F1800 X20.643 Y38.188
G1 F600 X20.042 Y38.789 E748.88514
G1 X19.972 Y38.859
G0 F1800 X19.549 Y38.716
G1 F600 X20.15 Y38.115 E748.93461
G1 X20.22 Y38.045
G0 F1800 X19.657 Y38.042
G1 F600 X19.056 Y38.643 E748.98408
G1 X18.986 Y38.713
G0 F1800 X18.563 Y38.57
G1 F600 X19.164 Y37.969 E749.03355
G1 X19.234 Y37.899
G0 F1800 X18.671 Y37.896
G1 F600 X18.094 Y38.473 E749.08104
G1 X18.024 Y38.543
G0 F1800 X17.642 Y38.36
G1 F600 X18.212 Y37.789 E749.128
G1 X18.282 Y37.719
G0 F1800 X17.76 Y37.676
G1 F600 X17.189 Y38.247 E749.17501
G1 X17.119 Y38.317
G0 F1800 X16.737 Y38.134
G1 F600 X17.307 Y37.563 E749.22197
G1 X17.377 Y37.493
G0 F1800 X16.855 Y37.45
G1 F600 X16.285 Y38.02 E749.26889
G1 X16.215 Y38.09
G0 F1800 X15.832 Y37.907
G1 F600 X16.402 Y37.337 E749.31581
G1 X16.472 Y37.267
G0 F1800 X15.95 Y37.223
G1 F600 X15.38 Y37.794 E749.36277
G1 X15.31 Y37.864
G0 F1800 X14.927 Y37.681
G1 F600 X15.498 Y37.11 E749.40977
G1 X15.568 Y37.04
G0 F1800 X15.045 Y36.997
G1 F600 X14.475 Y37.567 E749.45669
G1 X14.405 Y37.637
G0 F1800 X14.022 Y37.454
G1 F600 X14.593 Y36.884 E749.50365
G1 X14.663 Y36.814
G0 F1800 X14.156 Y36.755
G1 F600 X13.603 Y37.308 E749.54917
G0 F1800 X13.186 Y37.159
G1 F600 X13.739 Y36.606 E749.59469
G0 F1800 X13.322 Y36.457
G1 F600 X12.77 Y37.009 E749.64013
G0 F1800 X12.353 Y36.86
G1 F600 X12.906 Y36.308 E749.6856
G0 F1800 X12.242 Y36.405
G1 F600 X12.034 Y36.048 E749.70899
G0 F1800 X12.073 Y36.01
G1 F1500 E743.20899
G0 F1800 X11.449 Y35.206
G0 X11.851 Y33.983
G0 X10.991 Y32.411
G0 X9.693 Y32.432
G0 X8.085 Y36.764
;TIME_ELAPSED:1319.361548
;LAYER:12
G0 X8.085 Y36.764 Z4.5
;TYPE:FILL
G1 F1500 E749.70899
G1 F1200 X9.565 Y38.244 E749.83082
G1 X9.635 Y38.314
G0 F1800 X9.626 Y38.314
G0 X8.085 Y41.785
G1 F1200 X9.565 Y43.265 E749.95264
G1 X9.635 Y43.335
G0 F1800 X9.626 Y43.335
G0 X8.085 Y46.805
G1 F1200 X9.565 Y48.285 E750.07447
G1 X9.635 Y48.355
G0 F1800 X10.033 Y48.753
G1 F1200 X11.513 Y50.232 E750.19625
G1 X11.583 Y50.302
G0 F1800 X11.583 Y50.294
G0 X15.054 Y48.753
G1 F1200 X16.533 Y50.232 E750.318
G1 X16.603 Y50.302
G0 F1800 X16.603 Y50.294
G0 X20.074 Y48.753
G1 F1200 X21.554 Y50.232 E750.43978
G1 X21.624 Y50.302
G0 F1800 X21.624 Y50.294
G0 X25.095 Y48.753
G1 F1200 X26.574 Y50.232 E750.56152
G1 X26.644 Y50.302
G0 F1800 X26.644 Y50.294
G0 X30.115 Y48.753
G1 F1200 X31.594 Y50.232 E750.68327
G1 X31.664 Y50.302
G0 F1800 X31.664 Y50.294
G0 X35.136 Y48.753
G1 F1200 X36.615 Y50.232 E750.80501
G1 X36.685 Y50.302
G0 F1800 X36.685 Y50.294
G0 X40.156 Y48.753
G1 F1200 X41.635 Y50.232 E750.92675
G1 X41.705 Y50.302
G0 F1800 X41.705 Y50.294
G0 X45.085 Y48.661
G1 F1200 X46.565 Y50.142 E751.04862
G1 X46.635 Y50.212
G0 F1800 X46.626 Y50.212
G0 X46.565 Y45.121
G1 F1200 X45.085 Y43.641 E751.17045
G1 X45.015 Y43.571
G0 F1800 X45.026 Y43.571
G0 X46.565 Y40.101
G1 F1200 X45.085 Y38.62 E751.29231
G1 X45.015 Y38.55
G0 F1800 X45.026 Y38.55
G0 X46.565 Y35.08
G1 F1200 X46.329 Y34.844 E751.31174
G0 F1800 X44.954 Y48.622
G0 X9.656 Y48.664
G0 X9.726 Y48.594
;TYPE:WALL-INNER
G1 F1200 X44.926 Y48.594 E753.36056
G1 X44.926 Y32.411 E754.3025
G1 X46.42 Y31.704 E754.3987
G1 X46.653 Y31.594 E754.4137
G1 X46.726 Y31.594 E754.41795
G1 X46.726 Y31.852 E754.42779
G1 X46.726 Y50.394 E755.50703
G1 X7.926 Y50.394 E757.7654
G1 X7.926 Y31.852 E758.84464
G1 X7.926 Y31.594 E758.85966
G1 X7.999 Y31.594 E758.8639
G1 X8.232 Y31.704 E758.87371
G1 X9.726 Y32.411 E758.96992
G1 X9.726 Y48.594 E759.91185
G0 F1800 X10.126 Y48.194
;TYPE:WALL-OUTER
G1 F600 X44.526 Y48.194 E761.91411
G1 X44.526 Y32.157 E762.84755
G1 X46.562 Y31.194 E762.97864
G1 X47.126 Y31.194 E763.01147
G1 X47.126 Y50.794 E764.15229
G1 X7.526 Y50.794 E766.45722
G1 X7.526 Y31.194 E767.59804
G1 X8.09 Y31.194 E767.63087
G1 X10.126 Y32.157 E767.76197
G1 X10.126 Y48.194 E768.6954
G0 F1800 X11.126 Y48.194
G0 X11.126 Y48.694
G0 X9.698 Y48.622
G0 X9.336 Y35.379
;TYPE:SKIN
G1 F600 X8.316 Y34.897 E768.76107
G1 X8.316 Y32.176 E768.91944
G1 X9.336 Y32.658 E768.98511
G1 X9.336 Y35.379 E769.14348
G0 F1800 X8.495 Y34.517
G1 F600 X8.997 Y35.018 E769.18476
G0 F1800 X9.156 Y34.612
G1 F600 X8.495 Y33.951 E769.23917
G1 X8.425 Y33.881
G0 F1800 X8.495 Y33.386
G1 F600 X9.156 Y34.046 E769.29354
G1 X9.226 Y34.116
G0 F1800 X9.156 Y33.48
G1 F600 X8.495 Y32.82 E769.34791
G1 X8.425 Y32.75
G0 F1800 X8.884 Y32.643
G1 F600 X9.156 Y32.915 E769.3703
G0 F1800 X9.698 Y48.622
G0 X44.954 Y48.622
G0 X45.316 Y32.658
G1 F600 X46.336 Y32.176 E769.43597
G1 X46.336 Y34.897 E769.59434
G1 X45.316 Y35.379 E769.66001
G1 X45.316 Y32.658 E769.81838
G0 F1800 X46.114 Y32.537
G1 F600 X45.922 Y32.911 E769.84083
G0 F1800 X46.154 Y33.709
G1 F600 X45.495 Y33.05 E769.89508
G1 X45.425 Y32.98
G0 F1800 X45.495 Y33.615
G1 F600 X46.154 Y34.275 E769.94937
G1 X46.224 Y34.345
G0 F1800 X46.115 Y34.801
G1 F600 X45.495 Y34.181 E770.0004
G1 X45.425 Y34.111
G0 F1800 X45.495 Y34.747
G1 F600 X45.731 Y34.983 E770.01983
G1 F1500 E763.51983
G0 F1800 X46.686 Y35.868
G0 X47.991 Y35.868
G0 X47.979 Y30.341
G0 X46.368 Y30.33
G0 X43.668 Y31.613
G0 X42.8 Y33.65
G0 X43.203 Y34.872
G0 X39.351 Y37.907
;TYPE:FILL
G1 F1500 E770.01983
G1 F1200 X43.065 Y41.621 E770.32554
G1 X43.135 Y41.691
G0 F1800 X43.126 Y41.691
G0 X42.656 Y46.232
G1 F1200 X35.249 Y38.825 E770.93525
G1 X35.179 Y38.755
G0 F1800 X30.786 Y39.383
G1 F1200 X37.635 Y46.232 E771.49902
G1 X37.705 Y46.302
G0 F1800 X37.705 Y46.294
G0 X32.615 Y46.232
G1 F1200 X25.865 Y39.482 E772.05465
G1 X25.795 Y39.412
G0 F1800 X20.324 Y38.962
G1 F1200 X27.594 Y46.232 E772.65307
G1 X27.664 Y46.302
G0 F1800 X27.664 Y46.294
G0 X22.574 Y46.232
G1 F1200 X13.89 Y37.548 E773.36789
G1 X13.82 Y37.478
G0 F1800 X11.585 Y40.264
G1 F1200 X17.553 Y46.232 E773.85915
G1 X17.623 Y46.302
G0 F1800 X17.623 Y46.294
G0 X12.533 Y46.232
G1 F1200 X11.585 Y45.285 E773.93714
G1 X11.515 Y45.215
G0 F1800 X11.526 Y45.215
G0 X35.903 Y37.117
G0 X35.884 Y37.019
;TYPE:WALL-INNER
G1 F1200 X40.06 Y35.973 E774.18771
G1 X42.96 Y34.935 E774.367
G1 X43.226 Y34.84 E774.38344
G1 X43.226 Y35.122 E774.39314
G1 X43.226 Y35.123 E774.3932
G1 X43.226 Y46.394 E775.04923
G1 X11.426 Y46.394 E776.90016
G1 X11.426 Y35.123 E777.55619
G1 X11.426 Y35.122 E777.55625
G1 X11.426 Y34.84 E777.57266
G1 X11.692 Y34.935 E777.58238
G1 X14.593 Y35.973 E777.76172
G1 X18.768 Y37.019 E778.01224
G1 X23.056 Y37.653 E778.26453
G1 X27.326 Y37.862 E778.51337
G1 X31.595 Y37.652 E778.76215
G1 X35.884 Y37.019 E779.01449
G0 F1800 X35.806 Y36.626
;TYPE:WALL-OUTER
G1 F600 X39.944 Y35.59 E779.26278
G1 X43.359 Y34.367 E779.47391
G1 X43.626 Y34.272 E779.49041
G1 X43.626 Y34.555 E779.50016
G1 X43.626 Y34.556 E779.50022
G1 X43.626 Y46.794 E780.21253
G1 X11.026 Y46.794 E782.11002
G1 X11.026 Y34.555 E782.8224
G1 X11.026 Y34.554 E782.82245
G1 X11.026 Y34.272 E782.83887
G1 X11.292 Y34.367 E782.84859
G1 X14.709 Y35.59 E783.05983
G1 X18.846 Y36.626 E783.30806
G1 X23.095 Y37.254 E783.55806
G1 X27.326 Y37.462 E783.80463
G1 X31.556 Y37.253 E784.05114
G1 X35.806 Y36.626 E784.30119
G0 F1800 X36.776 Y36.384
G0 X36.896 Y36.869
G0 X35.96 Y37.402
;TYPE:SKIN
G1 F600 X40.173 Y36.347 E784.55398
G1 X42.836 Y35.394 E784.7186
G1 X42.836 Y36.859 E784.80387
G1 X40.713 Y37.619 E784.93512
G1 X36.326 Y38.718 E785.19836
G1 X31.849 Y39.381 E785.46179
G1 X27.326 Y39.605 E785.72537
G1 X22.803 Y39.381 E785.98896
G1 X18.327 Y38.718 E786.25233
G1 X13.939 Y37.619 E786.51562
G1 X11.816 Y36.859 E786.64687
G1 X11.816 Y35.394 E786.73214
G1 X14.48 Y36.347 E786.89682
G1 X18.692 Y37.402 E787.14955
G1 X23.017 Y38.041 E787.40402
G1 X27.326 Y38.252 E787.65513
G1 X31.634 Y38.04 E787.90618
G1 X35.96 Y37.402 E788.1607
G0 F1800 X42.495 Y35.707
G0 X42.575 Y35.787
G1 F600 X42.367 Y36.144 E788.19094
G1 X42.009 Y35.786
G0 F1800 X41.662 Y36.005
G1 F600 X42.459 Y36.802 E788.25655
G1 X42.529 Y36.872
G0 F1800 X42.042 Y36.951
G1 F600 X41.246 Y36.155 E788.32207
G1 X41.176 Y36.085
G0 F1800 X40.829 Y36.303
G1 F600 X41.625 Y37.1 E788.38763
G1 X41.695 Y37.17
G0 F1800 X41.209 Y37.249
G1 F600 X40.412 Y36.452 E788.45324
G1 X40.342 Y36.382
G0 F1800 X39.976 Y36.582
G1 F600 X40.792 Y37.398 E788.52041
G1 X40.862 Y37.468
G0 F1800 X40.351 Y37.522
G1 F600 X39.523 Y36.695 E788.58852
G1 X39.453 Y36.625
G0 F1800 X39.071 Y36.808
G1 F600 X39.899 Y37.636 E788.65668
G1 X39.969 Y37.706
G0 F1800 X39.446 Y37.749
G1 F600 X38.618 Y36.921 E788.72484
G1 X38.548 Y36.851
G0 F1800 X38.166 Y37.034
G1 F600 X38.994 Y37.862 E788.79299
G1 X39.064 Y37.932
G0 F1800 X38.541 Y37.975
G1 F600 X37.713 Y37.147 E788.86115
G1 X37.643 Y37.077
G0 F1800 X37.26 Y37.26
G1 F600 X38.089 Y38.089 E788.92939
G1 X38.159 Y38.159
G0 F1800 X37.637 Y38.202
G1 F600 X36.808 Y37.374 E788.99759
G1 X36.738 Y37.304
G0 F1800 X36.355 Y37.487
G1 F600 X37.184 Y38.315 E789.06578
G1 X37.254 Y38.385
G0 F1800 X36.732 Y38.429
G1 F600 X35.895 Y37.592 E789.13468
G1 X35.825 Y37.522
G0 F1800 X35.402 Y37.664
G1 F600 X36.278 Y38.541 E789.20683
G1 X36.348 Y38.611
G0 F1800 X35.785 Y38.614
G1 F600 X34.909 Y37.737 E789.27898
G1 X34.839 Y37.667
G0 F1800 X34.416 Y37.81
G1 F600 X35.293 Y38.687 E789.35117
G1 X35.363 Y38.757
G0 F1800 X34.8 Y38.76
G1 F600 X33.923 Y37.883 E789.42336
G1 X33.853 Y37.813
G0 F1800 X33.43 Y37.956
G1 F600 X34.308 Y38.833 E789.49559
G1 X34.378 Y38.903
G0 F1800 X33.815 Y38.906
G1 F600 X32.937 Y38.028 E789.56786
G1 X32.867 Y37.958
G0 F1800 X32.444 Y38.101
G1 F600 X33.322 Y38.979 E789.64013
G1 X33.392 Y39.049
G0 F1800 X32.829 Y39.052
G1 F600 X31.952 Y38.174 E789.71237
G1 X31.882 Y38.104
G0 F1800 X31.44 Y38.229
G1 F600 X32.336 Y39.124 E789.78608
G1 X32.406 Y39.194
G0 F1800 X31.843 Y39.197
G1 F600 X30.901 Y38.255 E789.86362
G1 X30.831 Y38.185
G0 F1800 X30.362 Y38.282
G1 F600 X31.306 Y39.226 E789.94132
G1 X31.376 Y39.296
G0 F1800 X30.767 Y39.252
G1 F600 X29.823 Y38.308 E790.01903
G1 X29.753 Y38.238
G0 F1800 X29.284 Y38.335
G1 F600 X30.228 Y39.279 E790.09673
G1 X30.298 Y39.349
G0 F1800 X29.689 Y39.306
G1 F600 X28.745 Y38.361 E790.17448
G1 X28.675 Y38.291
G0 F1800 X28.205 Y38.388
G1 F600 X29.151 Y39.333 E790.25231
G1 X29.221 Y39.403
G0 F1800 X28.612 Y39.36
G1 F600 X27.666 Y38.414 E790.33018
G1 X27.596 Y38.344
G0 F1800 X27.106 Y38.42
G1 F600 X28.073 Y39.387 E790.40978
G1 X28.143 Y39.457
G0 F1800 X27.534 Y39.414
G1 F600 X26.512 Y38.391 E790.49394
G1 X26.442 Y38.321
G0 F1800 X25.917 Y38.362
G1 F600 X26.961 Y39.406 E790.57988
G1 X27.031 Y39.476
G0 F1800 X26.365 Y39.376
G1 F600 X25.322 Y38.333 E790.66573
G1 X25.252 Y38.263
G0 F1800 X24.728 Y38.304
G1 F600 X25.77 Y39.346 E790.75151
G1 X25.84 Y39.416
G0 F1800 X25.175 Y39.317
G1 F600 X24.133 Y38.275 E790.83728
G1 X24.063 Y38.205
G0 F1800 X23.538 Y38.246
G1 F600 X24.579 Y39.287 E790.92297
G1 X24.649 Y39.357
G0 F1800 X23.984 Y39.257
G1 F600 X22.937 Y38.21 E791.00915
G1 X22.867 Y38.14
G0 F1800 X22.273 Y38.112
G1 F600 X23.388 Y39.228 E791.10097
G1 X23.458 Y39.298
G0 F1800 X22.79 Y39.195
G1 F600 X21.609 Y38.014 E791.19819
G1 X21.539 Y37.944
G0 F1800 X20.945 Y37.915
G1 F600 X22.126 Y39.097 E791.29544
G1 X22.196 Y39.167
G0 F1800 X21.462 Y38.999
G1 F600 X20.281 Y37.818 E791.39265
G1 X20.211 Y37.748
G0 F1800 X19.617 Y37.719
G1 F600 X20.798 Y38.9 E791.48987
G1 X20.868 Y38.97
G0 F1800 X20.134 Y38.802
G1 F600 X18.953 Y37.621 E791.58708
G1 X18.883 Y37.551
G0 F1800 X18.239 Y37.473
G1 F600 X19.47 Y38.704 E791.68841
G1 X19.54 Y38.774
G0 F1800 X18.806 Y38.605
G1 F600 X17.485 Y37.284 E791.79715
G1 X17.415 Y37.214
G0 F1800 X16.73 Y37.095
G1 F600 X18.112 Y38.477 E791.91091
G1 X18.182 Y38.547
G0 F1800 X17.358 Y38.288
G1 F600 X15.976 Y36.906 E792.02467
G1 X15.906 Y36.836
G0 F1800 X15.221 Y36.717
G1 F600 X16.603 Y38.099 E792.13842
G1 X16.673 Y38.169
G0 F1800 X15.849 Y37.91
G1 F600 X14.467 Y36.529 E792.25214
G1 X14.397 Y36.459
G0 F1800 X13.592 Y36.22
G1 F600 X15.094 Y37.722 E792.37578
G1 X15.164 Y37.792
G0 F1800 X14.34 Y37.533
G1 F600 X12.712 Y35.905 E792.50979
G1 X12.642 Y35.835
G0 F1800 X11.996 Y35.754
G1 F600 X13.518 Y37.277 E792.63511
G1 X13.588 Y37.347
G0 F1800 X12.636 Y36.961
G1 F600 X11.996 Y36.32 E792.68783
G1 X11.926 Y36.25
G1 F1500 E786.18783
G0 F1800 X11.437 Y34.856
G0 X9.706 Y34.856
G0 X9.565 Y33.601
;TIME_ELAPSED:1389.114733
;LAYER:13
G0 X9.565 Y33.601 Z4.85
;TYPE:FILL
G1 F1500 E792.68783
G1 F1200 X8.085 Y35.081 E792.80966
G1 X8.015 Y35.151
G0 F1800 X8.026 Y35.151
G0 X9.565 Y38.622
G1 F1200 X8.085 Y40.102 E792.93149
G1 X8.015 Y40.172
G0 F1800 X8.026 Y40.172
G0 X9.565 Y43.642
G1 F1200 X8.085 Y45.122 E793.05331
G1 X8.015 Y45.192
G0 F1800 X8.026 Y45.192
G0 X9.565 Y48.663
G1 F1200 X8.085 Y50.143 E793.17514
G1 X8.015 Y50.213
G0 F1800 X8.026 Y50.213
G0 X13.015 Y50.233
G1 F1200 X14.496 Y48.752 E793.29704
G1 X14.566 Y48.682
G0 F1800 X14.566 Y48.694
G0 X18.036 Y50.233
G1 F1200 X19.516 Y48.752 E793.41891
G1 X19.586 Y48.682
G0 F1800 X19.586 Y48.694
G0 X23.056 Y50.233
G1 F1200 X24.537 Y48.752 E793.54082
G1 X24.607 Y48.682
G0 F1800 X24.607 Y48.694
G0 X28.077 Y50.233
G1 F1200 X29.557 Y48.752 E793.66269
G1 X29.627 Y48.682
G0 F1800 X29.627 Y48.694
G0 X33.097 Y50.233
G1 F1200 X34.578 Y48.752 E793.78459
G1 X34.648 Y48.682
G0 F1800 X34.648 Y48.694
G0 X38.118 Y50.233
G1 F1200 X39.598 Y48.752 E793.90646
G1 X39.668 Y48.682
G0 F1800 X39.668 Y48.694
G0 X43.138 Y50.233
G1 F1200 X44.619 Y48.752 E794.02837
G1 X44.689 Y48.682
G0 F1800 X45.085 Y48.286
G1 F1200 X46.565 Y46.806 E794.15019
G1 X46.635 Y46.736
G0 F1800 X46.626 Y46.736
G0 X45.085 Y43.265
G1 F1200 X46.565 Y41.786 E794.27198
G1 X46.635 Y41.716
G0 F1800 X46.626 Y41.716
G0 X45.085 Y38.245
G1 F1200 X46.565 Y36.766 E794.39376
G1 X46.635 Y36.696
G0 F1800 X46.626 Y36.696
G0 X45.085 Y33.224
G1 F1200 X46.436 Y31.874 E794.50493
G1 X46.506 Y31.804
G0 F1800 X44.954 Y48.622
G0 X9.656 Y48.664
G0 X9.726 Y48.594
;TYPE:WALL-INNER
G1 F1200 X44.926 Y48.594 E796.55375
G1 X44.926 Y32.411 E797.49569
G1 X46.42 Y31.704 E797.59189
G1 X46.653 Y31.594 E797.60689
G1 X46.726 Y31.594 E797.61114
G1 X46.726 Y31.852 E797.62098
G1 X46.726 Y50.394 E798.70022
G1 X7.926 Y50.394 E800.95859
G1 X7.926 Y31.852 E802.03783
G1 X7.926 Y31.594 E802.05284
G1 X7.999 Y31.594 E802.05709
G1 X8.232 Y31.704 E802.0669
G1 X9.726 Y32.411 E802.16311
G1 X9.726 Y48.594 E803.10504
G0 F1800 X10.126 Y48.194
;TYPE:WALL-OUTER
G1 F600 X44.526 Y48.194 E805.1073
G1 X44.526 Y32.157 E806.04074
G1 X46.562 Y31.194 E806.17183
G1 X47.126 Y31.194 E806.20466
G1 X47.126 Y50.794 E807.34548
G1 X7.526 Y50.794 E809.65041
G1 X7.526 Y31.194 E810.79123
G1 X8.09 Y31.194 E810.82406
G1 X10.126 Y32.157 E810.95515
G1 X10.126 Y48.194 E811.88859
G0 F1800 X11.126 Y48.194
G0 X11.126 Y48.994
G1 F1500 E805.38859
G0 F1800 X10.397 Y50.354
G0 X10.397 Y51.659
G0 X6.673 Y51.647
G0 X6.673 Y30.341
G0 X8.284 Y30.33
G0 X10.984 Y31.613
G0 X15.056 Y34.461
G0 X14.673 Y35.709
G0 X11.995 Y46.233
;TYPE:FILL
G1 F1500 E811.88859
G1 F1200 X19.546 Y38.682 E812.51015
G1 X19.616 Y38.612
G0 F1800 X15.443 Y37.765
G1 F1200 X11.585 Y41.622 E812.82768
G1 X11.515 Y41.692
G0 F1800 X11.526 Y41.692
G0 X11.585 Y36.601
G1 F1200 X11.643 Y36.544 E812.83241
G0 F1800 X17.015 Y46.233
G1 F1200 X24.016 Y39.232 E813.4087
G1 X24.086 Y39.162
G0 F1800 X28.953 Y39.315
G1 F1200 X22.036 Y46.233 E813.97811
G1 X21.966 Y46.303
G0 F1800 X21.966 Y46.294
G0 X27.056 Y46.233
G1 F1200 X34.521 Y38.768 E814.59259
G1 X34.591 Y38.698
G0 F1800 X41.073 Y37.237
G1 F1200 X32.077 Y46.233 E815.33309
G1 X32.007 Y46.303
G0 F1800 X32.007 Y46.294
G0 X37.097 Y46.233
G1 F1200 X43.065 Y40.265 E815.82434
G1 X43.135 Y40.195
G0 F1800 X43.126 Y40.195
G0 X43.065 Y45.285
G1 F1200 X42.118 Y46.233 E815.90234
G1 X42.048 Y46.303
G0 F1800 X42.048 Y46.294
G0 X39.998 Y35.766
G0 X39.969 Y35.671
;TYPE:WALL-INNER
G1 F1200 X42.959 Y34.596 E816.08728
G1 X43.226 Y34.5 E816.10379
G1 X43.226 Y34.783 E816.11353
G1 X43.226 Y34.784 E816.11358
G1 X43.226 Y46.394 E816.78935
G1 X11.426 Y46.394 E818.64027
G1 X11.426 Y34.789 E819.31574
G1 X11.426 Y34.788 E819.3158
G1 X11.426 Y34.506 E819.33222
G1 X11.692 Y34.601 E819.34194
G1 X14.684 Y35.671 E819.52689
G1 X18.829 Y36.71 E819.77561
G1 X23.093 Y37.34 E820.0265
G1 X27.326 Y37.547 E820.27317
G1 X31.558 Y37.339 E820.51979
G1 X35.823 Y36.71 E820.77073
G1 X39.969 Y35.671 E821.01951
G0 F1800 X39.852 Y35.288
;TYPE:WALL-OUTER
G1 F600 X43.359 Y34.028 E821.23641
G1 X43.626 Y33.932 E821.25292
G1 X43.626 Y34.215 E821.26266
G1 X43.626 Y34.216 E821.26271
G1 X43.626 Y46.794 E821.99482
G1 X11.026 Y46.794 E823.89231
G1 X11.026 Y34.221 E824.62413
G1 X11.026 Y34.22 E824.62418
G1 X11.026 Y33.938 E824.6406
G1 X11.292 Y34.033 E824.65032
G1 X14.8 Y35.288 E824.86718
G1 X18.907 Y36.317 E825.11361
G1 X23.132 Y36.941 E825.3622
G1 X27.326 Y37.147 E825.60661
G1 X31.519 Y36.94 E825.85096
G1 X35.745 Y36.317 E826.09959
G1 X39.852 Y35.288 E826.34603
G0 F1800 X40.793 Y34.95
G0 X40.96 Y35.421
G0 X40.082 Y36.045
;TYPE:SKIN
G1 F600 X42.836 Y35.054 E826.51639
G1 X42.836 Y36.66 E826.60987
G1 X40.518 Y37.489 E826.75315
G1 X36.198 Y38.573 E827.0124
G1 X31.782 Y39.226 E827.27223
G1 X27.326 Y39.448 E827.53191
G1 X22.869 Y39.227 E827.79165
G1 X18.455 Y38.573 E828.05137
G1 X14.134 Y37.49 E828.31066
G1 X11.816 Y36.66 E828.45396
G1 X11.816 Y35.06 E828.54709
G1 X14.571 Y36.045 E828.71739
G1 X18.753 Y37.093 E828.96833
G1 X23.054 Y37.728 E829.22138
G1 X27.326 Y37.937 E829.47033
G1 X31.597 Y37.727 E829.71923
G1 X35.899 Y37.093 E829.97233
G1 X40.082 Y36.045 E830.22333
G0 F1800 X42.654 Y35.975
G1 F600 X41.785 Y36.845 E830.2949
G1 X41.715 Y36.915
G0 F1800 X40.904 Y37.16
G1 F600 X42.654 Y35.409 E830.439
G1 X42.724 Y35.339
G0 F1800 X41.926 Y35.572
G1 F600 X40.087 Y37.411 E830.59037
G1 X40.017 Y37.481
G0 F1800 X39.332 Y37.601
G1 F600 X41.043 Y35.889 E830.73125
G1 X41.113 Y35.819
G0 F1800 X40.159 Y36.208
G1 F600 X38.576 Y37.79 E830.86152
G1 X38.506 Y37.86
G0 F1800 X37.822 Y37.979
G1 F600 X39.4 Y36.401 E830.99141
G1 X39.47 Y36.331
G0 F1800 X38.646 Y36.589
G1 F600 X37.067 Y38.168 E831.12138
G1 X36.997 Y38.238
G0 F1800 X36.312 Y38.358
G1 F600 X37.891 Y36.778 E831.2514
G1 X37.961 Y36.708
G0 F1800 X37.137 Y36.967
G1 F600 X35.63 Y38.474 E831.37545
G1 X35.56 Y38.544
G0 F1800 X34.966 Y38.572
G1 F600 X36.382 Y37.156 E831.49201
G1 X36.452 Y37.086
G0 F1800 X35.665 Y37.308
G1 F600 X34.303 Y38.67 E831.60412
G1 X34.233 Y38.74
G0 F1800 X33.639 Y38.768
G1 F600 X35.001 Y37.405 E831.71627
G1 X35.071 Y37.335
G0 F1800 X34.337 Y37.504
G1 F600 X32.975 Y38.866 E831.82838
G1 X32.905 Y38.936
G0 F1800 X32.311 Y38.964
G1 F600 X33.674 Y37.601 E831.94058
G1 X33.744 Y37.531
G0 F1800 X33.011 Y37.699
G1 F600 X31.659 Y39.05 E832.05183
G1 X31.589 Y39.12
G0 F1800 X31.064 Y39.08
G1 F600 X32.347 Y37.797 E832.15744
G1 X32.417 Y37.727
G0 F1800 X31.684 Y37.895
G1 F600 X30.468 Y39.11 E832.25749
G1 X30.398 Y39.18
G0 F1800 X29.873 Y39.14
G1 F600 X31.081 Y37.932 E832.35693
G1 X31.151 Y37.862
G0 F1800 X30.486 Y37.961
G1 F600 X29.277 Y39.17 E832.45644
G1 X29.207 Y39.24
G0 F1800 X28.682 Y39.199
G1 F600 X29.892 Y37.99 E832.556
G1 X29.962 Y37.92
G0 F1800 X29.296 Y38.019
G1 F600 X28.086 Y39.23 E832.65565
G1 X28.016 Y39.3
G0 F1800 X27.49 Y39.259
G1 F600 X28.702 Y38.048 E832.75537
G1 X28.772 Y37.978
G0 F1800 X28.107 Y38.077
G1 F600 X26.936 Y39.248 E832.85176
G1 X26.866 Y39.318
G0 F1800 X26.397 Y39.221
G1 F600 X27.512 Y38.107 E832.9435
G1 X27.582 Y38.037
G0 F1800 X26.955 Y38.098
G1 F600 X25.858 Y39.194 E833.03376
G1 X25.788 Y39.264
G0 F1800 X25.32 Y39.168
G1 F600 X26.416 Y38.071 E833.12402
G1 X26.486 Y38.001
G0 F1800 X25.877 Y38.045
G1 F600 X24.781 Y39.141 E833.21423
G1 X24.711 Y39.211
G0 F1800 X24.242 Y39.114
G1 F600 X25.338 Y38.018 E833.30445
G1 X25.408 Y37.948
G0 F1800 X24.798 Y37.992
G1 F600 X23.703 Y39.087 E833.39458
G1 X23.633 Y39.157
G0 F1800 X23.164 Y39.06
G1 F600 X24.26 Y37.965 E833.48476
G1 X24.33 Y37.895
G0 F1800 X23.72 Y37.939
G1 F600 X22.647 Y39.011 E833.57304
G1 X22.577 Y39.081
G0 F1800 X22.155 Y38.938
G1 F600 X23.181 Y37.912 E833.6575
G1 X23.251 Y37.842
G0 F1800 X22.676 Y37.852
G1 F600 X21.662 Y38.865 E833.74092
G1 X21.592 Y38.935
G0 F1800 X21.17 Y38.792
G1 F600 X22.183 Y37.779 E833.82431
G1 X22.253 Y37.709
G0 F1800 X21.689 Y37.707
G1 F600 X20.677 Y38.719 E833.90761
G1 X20.607 Y38.789
G0 F1800 X20.184 Y38.646
G1 F600 X21.196 Y37.634 E833.99091
G1 X21.266 Y37.564
G0 F1800 X20.704 Y37.561
G1 F600 X19.692 Y38.573 E834.07422
G1 X19.622 Y38.643
G0 F1800 X19.199 Y38.5
G1 F600 X20.211 Y37.488 E834.15752
G1 X20.281 Y37.418
G0 F1800 X19.718 Y37.415
G1 F600 X18.706 Y38.427 E834.24082
G1 X18.636 Y38.497
G0 F1800 X18.236 Y38.332
G1 F600 X19.225 Y37.343 E834.32223
G1 X19.295 Y37.273
G0 F1800 X18.731 Y37.27
G1 F600 X17.784 Y38.218 E834.40022
G1 X17.714 Y38.288
G0 F1800 X17.331 Y38.105
G1 F600 X18.278 Y37.158 E834.47817
G1 X18.348 Y37.088
G0 F1800 X17.826 Y37.045
G1 F600 X16.879 Y37.992 E834.55613
G1 X16.809 Y38.062
G0 F1800 X16.427 Y37.878
G1 F600 X17.374 Y36.931 E834.63408
G1 X17.444 Y36.861
G0 F1800 X16.921 Y36.818
G1 F600 X15.974 Y37.765 E834.71203
G1 X15.904 Y37.835
G0 F1800 X15.523 Y37.651
G1 F600 X16.469 Y36.705 E834.7899
G1 X16.539 Y36.635
G0 F1800 X16.016 Y36.592
G1 F600 X15.07 Y37.538 E834.86777
G1 X15 Y37.608
G0 F1800 X14.618 Y37.425
G1 F600 X15.564 Y36.478 E834.94568
G1 X15.634 Y36.408
G0 F1800 X15.112 Y36.365
G1 F600 X14.166 Y37.31 E835.02351
G1 X14.096 Y37.38
G0 F1800 X13.75 Y37.161
G1 F600 X14.659 Y36.251 E835.09837
G1 X14.729 Y36.181
G0 F1800 X14.231 Y36.114
G1 F600 X13.333 Y37.012 E835.17229
G1 X13.263 Y37.082
G0 F1800 X12.917 Y36.862
G1 F600 X13.815 Y35.964 E835.24621
G1 X13.885 Y35.894
G0 F1800 X13.398 Y35.815
G1 F600 X12.5 Y36.713 E835.32013
G1 X12.43 Y36.783
G0 F1800 X12.084 Y36.564
G1 F600 X12.981 Y35.667 E835.39397
G1 X13.051 Y35.597
G0 F1800 X12.565 Y35.517
G1 F600 X11.996 Y36.087 E835.44084
G1 X11.926 Y36.157
G0 F1800 X11.996 Y35.521
G1 F600 X12.148 Y35.368 E835.4534
G1 F1500 E828.9534
G0 F1800 X11.437 Y34.522
G0 X9.706 Y34.522
G0 X8.215 Y31.873
;TIME_ELAPSED:1456.203710
;LAYER:14
G0 X8.215 Y31.873 Z5.2
;TYPE:FILL
G1 F1500 E835.4534
G1 F1200 X9.566 Y33.224 E835.5646
G1 X9.636 Y33.294
G0 F1800 X9.626 Y33.294
G0 X8.085 Y36.764
G1 F1200 X9.566 Y38.245 E835.68651
G1 X9.636 Y38.315
G0 F1800 X9.626 Y38.315
G0 X8.085 Y41.785
G1 F1200 X9.566 Y43.265 E835.80838
G1 X9.636 Y43.335
G0 F1800 X9.626 Y43.335
G0 X8.085 Y46.805
G1 F1200 X9.566 Y48.286 E835.93029
G1 X9.636 Y48.356
G0 F1800 X10.033 Y48.753
G1 F1200 X11.513 Y50.232 E836.05207
G1 X11.583 Y50.302
G0 F1800 X11.583 Y50.294
G0 X15.054 Y48.753
G1 F1200 X16.533 Y50.232 E836.17381
G1 X16.603 Y50.302
G0 F1800 X16.603 Y50.294
G0 X20.074 Y48.753
G1 F1200 X21.554 Y50.232 E836.2956
G1 X21.624 Y50.302
G0 F1800 X21.624 Y50.294
G0 X25.095 Y48.753
G1 F1200 X26.574 Y50.232 E836.41734
G1 X26.644 Y50.302
G0 F1800 X26.644 Y50.294
G0 X30.115 Y48.753
G1 F1200 X31.594 Y50.232 E836.53909
G1 X31.664 Y50.302
G0 F1800 X31.664 Y50.294
G0 X35.136 Y48.753
G1 F1200 X36.615 Y50.232 E836.66083
G1 X36.685 Y50.302
G0 F1800 X36.685 Y50.294
G0 X40.156 Y48.753
G1 F1200 X41.635 Y50.232 E836.78257
G1 X41.705 Y50.302
G0 F1800 X41.705 Y50.294
G0 X45.085 Y48.661
G1 F1200 X46.565 Y50.142 E836.90444
G1 X46.635 Y50.212
G0 F1800 X46.626 Y50.212
G0 X46.565 Y45.121
G1 F1200 X45.085 Y43.641 E837.02627
G1 X45.015 Y43.571
G0 F1800 X45.026 Y43.571
G0 X46.565 Y40.101
G1 F1200 X45.085 Y38.62 E837.14813
G1 X45.015 Y38.55
G0 F1800 X45.026 Y38.55
G0 X46.565 Y35.08
G1 F1200 X45.085 Y33.6 E837.26996
G1 X45.015 Y33.53
G0 F1800 X45.026 Y33.53
G0 X44.954 Y48.622
G0 X9.656 Y48.664
G0 X9.726 Y48.594
;TYPE:WALL-INNER
G1 F1200 X44.926 Y48.594 E839.31878
G1 X44.926 Y32.411 E840.26072
G1 X46.42 Y31.704 E840.35692
G1 X46.653 Y31.594 E840.37192
G1 X46.726 Y31.594 E840.37617
G1 X46.726 Y31.852 E840.38601
G1 X46.726 Y50.394 E841.46525
G1 X7.926 Y50.394 E843.72361
G1 X7.926 Y31.852 E844.80286
G1 X7.926 Y31.594 E844.81787
G1 X7.999 Y31.594 E844.82212
G1 X8.232 Y31.704 E844.83193
G1 X9.726 Y32.411 E844.92814
G1 X9.726 Y48.594 E845.87007
G0 F1800 X10.126 Y48.194
;TYPE:WALL-OUTER
G1 F600 X44.526 Y48.194 E847.87233
G1 X44.526 Y32.157 E848.80577
G1 X46.562 Y31.194 E848.93686
G1 X47.126 Y31.194 E848.96969
G1 X47.126 Y50.794 E850.11051
G1 X7.526 Y50.794 E852.41544
G1 X7.526 Y31.194 E853.55626
G1 X8.09 Y31.194 E853.58909
G1 X10.126 Y32.157 E853.72018
G1 X10.126 Y48.194 E854.65362
G0 F1800 X11.126 Y48.194
G0 X11.126 Y48.994
G1 F1500 E848.15362
G0 F1800 X12.534 Y50.354
G0 X12.534 Y51.659
G0 X6.673 Y51.647
G0 X6.673 Y30.341
G0 X8.284 Y30.33
G0 X10.714 Y31.484
G0 X15.147 Y34.16
G0 X14.764 Y35.408
G0 X12.533 Y46.232
;TYPE:FILL
G1 F1500 E854.65362
G1 F1200 X11.585 Y45.285 E854.73161
G1 X11.515 Y45.215
G0 F1800 X11.526 Y45.215
G0 X11.585 Y40.264
G1 F1200 X17.553 Y46.232 E855.22287
G1 X17.623 Y46.302
G0 F1800 X17.623 Y46.294
G0 X22.574 Y46.232
G1 F1200 X13.057 Y36.715 E856.00626
G1 X12.987 Y36.645
G0 F1800 X19.757 Y38.395
G1 F1200 X27.594 Y46.232 E856.65136
G1 X27.664 Y46.302
G0 F1800 X27.664 Y46.294
G0 X32.615 Y46.232
G1 F1200 X25.368 Y38.985 E857.24789
G1 X25.298 Y38.915
G0 F1800 X30.335 Y38.932
G1 F1200 X37.635 Y46.232 E857.84879
G1 X37.705 Y46.302
G0 F1800 X37.705 Y46.294
G0 X42.656 Y46.232
G1 F1200 X34.828 Y38.405 E858.4931
G1 X34.758 Y38.335
G0 F1800 X38.95 Y37.506
G1 F1200 X43.065 Y41.621 E858.83183
G1 X43.135 Y41.691
G0 F1800 X43.126 Y41.691
G0 X43.065 Y36.601
G1 F1200 X42.762 Y36.297 E858.85681
G0 F1800 X31.567 Y37.064
G0 X27.751 Y37.251
G0 X23.079 Y37.124
G0 X23.088 Y37.025
;TYPE:WALL-INNER
G1 F1200 X27.326 Y37.232 E859.10378
G1 X31.564 Y37.025 E859.35075
G1 X35.762 Y36.402 E859.59777
G1 X39.877 Y35.37 E859.8447
G1 X42.96 Y34.267 E860.03529
G1 X43.226 Y34.172 E860.05173
G1 X43.226 Y34.454 E860.06143
G1 X43.226 Y34.455 E860.06149
G1 X43.226 Y46.394 E860.7564
G1 X11.426 Y46.394 E862.60733
G1 X11.426 Y34.455 E863.30224
G1 X11.426 Y34.454 E863.3023
G1 X11.426 Y34.172 E863.31871
G1 X11.692 Y34.267 E863.32843
G1 X14.775 Y35.37 E863.51902
G1 X18.891 Y36.402 E863.76601
G1 X23.088 Y37.025 E864.01297
G0 F1800 X23.079 Y37.124
G0 X27.326 Y37.272
G0 X31.142 Y37.085
G0 X35.758 Y36.503
G0 X35.684 Y36.009
;TYPE:WALL-OUTER
G1 F600 X39.761 Y34.987 E864.25762
G1 X43.36 Y33.699 E864.48011
G1 X43.626 Y33.604 E864.49655
G1 X43.626 Y33.886 E864.50625
G1 X43.626 Y33.887 E864.50631
G1 X43.626 Y46.794 E865.25757
G1 X11.026 Y46.794 E867.15506
G1 X11.026 Y33.887 E867.90631
G1 X11.026 Y33.886 E867.90637
G1 X11.026 Y33.604 E867.92279
G1 X11.292 Y33.699 E867.93251
G1 X14.891 Y34.987 E868.155
G1 X18.969 Y36.009 E868.3997
G1 X23.127 Y36.626 E868.64437
G1 X27.326 Y36.832 E868.88907
G1 X31.525 Y36.626 E869.13376
G1 X35.684 Y36.009 E869.37849
G0 F1800 X36.654 Y35.766
G0 X36.775 Y36.251
G0 X35.838 Y36.785
;TYPE:SKIN
G1 F600 X39.99 Y35.744 E869.62764
G1 X42.836 Y34.726 E869.80357
G1 X42.836 Y36.325 E869.89664
G1 X40.41 Y37.192 E870.04659
G1 X36.136 Y38.264 E870.30306
G1 X31.745 Y38.913 E870.56142
G1 X27.326 Y39.133 E870.81895
G1 X22.906 Y38.914 E871.07653
G1 X18.517 Y38.264 E871.33478
G1 X14.243 Y37.193 E871.59124
G1 X11.816 Y36.326 E871.74125
G1 X11.816 Y34.726 E871.83438
G1 X14.662 Y35.744 E872.01031
G1 X18.815 Y36.785 E872.25951
G1 X23.049 Y37.413 E872.50865
G1 X27.326 Y37.622 E872.75789
G1 X31.603 Y37.413 E873.00713
G1 X35.838 Y36.785 E873.25632
G0 F1800 X42.42 Y35.066
G1 F600 X42.655 Y35.301 E873.27567
G0 F1800 X42.655 Y35.867
G1 F600 X42.003 Y35.215 E873.32934
G1 X41.933 Y35.145
G0 F1800 X41.587 Y35.364
G1 F600 X42.482 Y36.259 E873.40301
G1 X42.552 Y36.329
G0 F1800 X42.065 Y36.408
G1 F600 X41.17 Y35.513 E873.47668
G1 X41.1 Y35.443
G0 F1800 X40.753 Y35.662
G1 F600 X41.648 Y36.557 E873.55035
G1 X41.718 Y36.627
G0 F1800 X41.232 Y36.706
G1 F600 X40.336 Y35.811 E873.62406
G1 X40.266 Y35.741
G0 F1800 X39.909 Y35.95
G1 F600 X40.815 Y36.855 E873.6986
G1 X40.885 Y36.925
G0 F1800 X40.398 Y37.004
G1 F600 X39.457 Y36.063 E873.77606
G1 X39.387 Y35.993
G0 F1800 X39.004 Y36.176
G1 F600 X39.949 Y37.12 E873.8538
G1 X40.019 Y37.19
G0 F1800 X39.496 Y37.234
G1 F600 X38.552 Y36.29 E873.93151
G1 X38.482 Y36.22
G0 F1800 X38.1 Y36.403
G1 F600 X39.045 Y37.347 E874.00926
G1 X39.115 Y37.417
G0 F1800 X38.592 Y37.461
G1 F600 X37.647 Y36.516 E874.08704
G1 X37.577 Y36.446
G0 F1800 X37.195 Y36.63
G1 F600 X38.139 Y37.574 E874.16475
G1 X38.209 Y37.644
G0 F1800 X37.688 Y37.688
G1 F600 X36.743 Y36.743 E874.24254
G1 X36.673 Y36.673
G0 F1800 X36.29 Y36.856
G1 F600 X37.235 Y37.801 E874.32032
G1 X37.305 Y37.871
G0 F1800 X36.782 Y37.914
G1 F600 X35.835 Y36.966 E874.39832
G1 X35.765 Y36.896
G0 F1800 X35.342 Y37.039
G1 F600 X36.331 Y38.028 E874.47973
G1 X36.401 Y38.098
G0 F1800 X35.858 Y38.121
G1 F600 X34.849 Y37.112 E874.56278
G1 X34.779 Y37.042
G0 F1800 X34.357 Y37.186
G1 F600 X35.365 Y38.194 E874.64575
G1 X35.435 Y38.264
G0 F1800 X34.873 Y38.267
G1 F600 X33.864 Y37.258 E874.72881
G1 X33.794 Y37.188
G0 F1800 X33.371 Y37.331
G1 F600 X34.38 Y38.34 E874.81186
G1 X34.45 Y38.41
G0 F1800 X33.887 Y38.412
G1 F600 X32.879 Y37.405 E874.8948
G1 X32.809 Y37.335
G0 F1800 X32.386 Y37.478
G1 F600 X33.394 Y38.485 E874.97773
G1 X33.464 Y38.555
G0 F1800 X32.901 Y38.558
G1 F600 X31.894 Y37.55 E875.06066
G1 X31.824 Y37.48
G0 F1800 X31.38 Y37.603
G1 F600 X32.408 Y38.631 E875.14528
G1 X32.478 Y38.701
G0 F1800 X31.915 Y38.704
G1 F600 X30.841 Y37.629 E875.23373
G1 X30.771 Y37.559
G0 F1800 X30.302 Y37.656
G1 F600 X31.394 Y38.748 E875.32361
G1 X31.464 Y38.818
G0 F1800 X30.856 Y38.775
G1 F600 X29.762 Y37.682 E875.41363
G1 X29.692 Y37.612
G0 F1800 X29.223 Y37.708
G1 F600 X30.317 Y38.802 E875.50368
G1 X30.387 Y38.872
G0 F1800 X29.778 Y38.829
G1 F600 X28.684 Y37.735 E875.59373
G1 X28.614 Y37.665
G0 F1800 X28.144 Y37.761
G1 F600 X29.239 Y38.856 E875.68386
G1 X29.309 Y38.926
G0 F1800 X28.7 Y38.883
G1 F600 X27.605 Y37.787 E875.77404
G1 X27.535 Y37.717
G0 F1800 X27.039 Y37.787
G1 F600 X28.161 Y38.909 E875.8664
G1 X28.231 Y38.979
G0 F1800 X27.623 Y38.936
G1 F600 X26.445 Y37.758 E875.96336
G1 X26.375 Y37.688
G0 F1800 X25.849 Y37.729
G1 F600 X27.059 Y38.938 E876.06292
G1 X27.129 Y39.008
G0 F1800 X26.464 Y38.909
G1 F600 X25.255 Y37.7 E876.16244
G1 X25.185 Y37.63
G0 F1800 X24.66 Y37.671
G1 F600 X25.868 Y38.879 E876.26188
G1 X25.938 Y38.949
G0 F1800 X25.273 Y38.849
G1 F600 X24.065 Y37.642 E876.36127
G1 X23.995 Y37.572
G0 F1800 X23.47 Y37.613
G1 F600 X24.678 Y38.82 E876.46067
G1 X24.748 Y38.89
G0 F1800 X24.082 Y38.79
G1 F600 X22.857 Y37.565 E876.5615
G1 X22.787 Y37.495
G0 F1800 X22.193 Y37.467
G1 F600 X23.487 Y38.76 E876.66798
G1 X23.557 Y38.83
G0 F1800 X22.889 Y38.728
G1 F600 X21.529 Y37.368 E876.77993
G1 X21.459 Y37.298
G0 F1800 X20.865 Y37.27
G1 F600 X22.225 Y38.629 E876.89183
G1 X22.295 Y38.699
G0 F1800 X21.561 Y38.531
G1 F600 X20.201 Y37.171 E877.00378
G1 X20.131 Y37.101
G0 F1800 X19.536 Y37.072
G1 F600 X20.897 Y38.433 E877.11581
G1 X20.967 Y38.503
G0 F1800 X20.233 Y38.335
G1 F600 X18.872 Y36.974 E877.22784
G1 X18.802 Y36.904
G0 F1800 X18.13 Y36.797
G1 F600 X19.569 Y38.236 E877.34629
G1 X19.639 Y38.306
G0 F1800 X18.905 Y38.138
G1 F600 X17.375 Y36.609 E877.47219
G1 X17.305 Y36.539
G0 F1800 X16.621 Y36.42
G1 F600 X18.198 Y37.997 E877.602
G1 X18.268 Y38.067
G0 F1800 X17.443 Y37.808
G1 F600 X15.866 Y36.23 E877.73185
G1 X15.796 Y36.16
G0 F1800 X15.111 Y36.041
G1 F600 X16.688 Y37.618 E877.86166
G1 X16.758 Y37.688
G0 F1800 X15.933 Y37.429
G1 F600 X14.313 Y35.81 E877.99497
G1 X14.243 Y35.74
G0 F1800 X13.433 Y35.495
G1 F600 X15.178 Y37.24 E878.13861
G1 X15.248 Y37.31
G0 F1800 X14.423 Y37.05
G1 F600 X12.553 Y35.18 E878.29254
G1 X12.483 Y35.11
G0 F1800 X11.996 Y35.189
G1 F600 X13.565 Y36.758 E878.42169
G1 X13.635 Y36.828
G0 F1800 X12.686 Y36.444
G1 F600 X11.996 Y35.754 E878.47849
G1 X11.926 Y35.684
G0 F1800 X12.137 Y36.05
;TIME_ELAPSED:1523.982422
;LAYER:15
G0 X12.137 Y36.05 Z5.55
;TYPE:FILL
G1 F1200 X11.585 Y36.601 E878.52388
G0 F1800 X15.962 Y37.245
G1 F1200 X11.585 Y41.622 E878.88418
G1 X11.515 Y41.692
G0 F1800 X11.526 Y41.692
G0 X11.995 Y46.233
G1 F1200 X20.1 Y38.127 E879.55138
G1 X20.17 Y38.057
G0 F1800 X24.616 Y38.632
G1 F1200 X17.015 Y46.233 E880.17705
G1 X16.945 Y46.303
G0 F1800 X16.945 Y46.294
G0 X22.036 Y46.233
G1 F1200 X29.617 Y38.652 E880.80108
G1 X29.687 Y38.582
G0 F1800 X35.268 Y38.021
G1 F1200 X27.056 Y46.233 E881.47705
G1 X26.986 Y46.303
G0 F1800 X26.986 Y46.294
G0 X32.077 Y46.233
G1 F1200 X42.117 Y36.193 E882.30348
G1 X42.187 Y36.123
G0 F1800 X43.064 Y40.266
G1 F1200 X37.097 Y46.233 E882.79466
G1 X37.027 Y46.303
G0 F1800 X37.027 Y46.294
G0 X42.118 Y46.233
G1 F1200 X43.064 Y45.286 E882.87257
G1 X43.134 Y45.216
G0 F1800 X43.126 Y45.216
G0 X18.933 Y36.191
G0 X18.952 Y36.093
;TYPE:WALL-INNER
G1 F1200 X23.118 Y36.711 E883.1177
G1 X27.326 Y36.917 E883.36292
G1 X31.534 Y36.711 E883.60815
G1 X35.7 Y36.093 E883.85328
G1 X39.785 Y35.068 E884.09842
G1 X42.959 Y33.931 E884.29466
G1 X43.226 Y33.836 E884.31116
G1 X43.226 Y34.119 E884.3209
G1 X43.226 Y34.12 E884.32096
G1 X43.226 Y46.394 E885.03537
G1 X11.426 Y46.394 E886.8863
G1 X11.426 Y34.12 E887.60071
G1 X11.426 Y34.119 E887.60077
G1 X11.426 Y33.836 E887.61724
G1 X11.693 Y33.931 E887.627
G1 X14.867 Y35.068 E887.82324
G1 X18.952 Y36.093 E888.06838
G0 F1800 X18.933 Y36.191
G0 X14.816 Y35.155
G0 X14.983 Y34.685
;TYPE:WALL-OUTER
G1 F600 X19.03 Y35.7 E888.31124
G1 X23.157 Y36.312 E888.55407
G1 X27.326 Y36.517 E888.79703
G1 X31.495 Y36.312 E889.03998
G1 X35.622 Y35.7 E889.28282
G1 X39.669 Y34.685 E889.52567
G1 X43.359 Y33.362 E889.75383
G1 X43.626 Y33.267 E889.77033
G1 X43.626 Y33.55 E889.78008
G1 X43.626 Y33.551 E889.78014
G1 X43.626 Y46.794 E890.55095
G1 X11.026 Y46.794 E892.44844
G1 X11.026 Y33.551 E893.21925
G1 X11.026 Y33.55 E893.21931
G1 X11.026 Y33.267 E893.23578
G1 X11.293 Y33.362 E893.24554
G1 X14.983 Y34.685 E893.47371
G0 F1800 X15.953 Y34.928
G0 X15.831 Y35.413
G0 X14.754 Y35.442
;TYPE:SKIN
G1 F600 X18.876 Y36.476 E893.72106
G1 X23.079 Y37.099 E893.96837
G1 X27.326 Y37.307 E894.21587
G1 X31.573 Y37.099 E894.46336
G1 X35.776 Y36.476 E894.71067
G1 X39.898 Y35.442 E894.95803
G1 X42.836 Y34.39 E895.13967
G1 X42.836 Y35.991 E895.23285
G1 X40.301 Y36.895 E895.3895
G1 X36.075 Y37.955 E895.6431
G1 X31.709 Y38.6 E895.89998
G1 X27.326 Y38.818 E896.15541
G1 X22.942 Y38.601 E896.41089
G1 X18.578 Y37.955 E896.66767
G1 X14.351 Y36.896 E896.92131
G1 X11.816 Y35.991 E897.07798
G1 X11.816 Y34.39 E897.17116
G1 X14.754 Y35.442 E897.3528
G0 F1800 X12.225 Y34.726
G0 X12.11 Y34.84
G1 F600 X12.318 Y35.198 E897.38877
G1 X12.711 Y34.805
G0 F1800 X13.058 Y35.025
G1 F600 X12.16 Y35.923 E897.46269
G1 X12.09 Y35.993
G0 F1800 X12.577 Y36.071
G1 F600 X13.474 Y35.174 E897.53653
G1 X13.544 Y35.104
G0 F1800 X13.891 Y35.323
G1 F600 X12.993 Y36.22 E897.6104
G1 X12.923 Y36.29
G0 F1800 X13.41 Y36.369
G1 F600 X14.307 Y35.472 E897.68424
G1 X14.377 Y35.402
G0 F1800 X14.725 Y35.62
G1 F600 X13.827 Y36.518 E897.75816
G1 X13.757 Y36.588
G0 F1800 X14.244 Y36.667
G1 F600 X15.178 Y35.733 E897.83504
G1 X15.248 Y35.663
G0 F1800 X15.63 Y35.846
G1 F600 X14.683 Y36.793 E897.91299
G1 X14.613 Y36.863
G0 F1800 X15.136 Y36.906
G1 F600 X16.083 Y35.959 E897.99094
G1 X16.153 Y35.889
G0 F1800 X16.535 Y36.073
G1 F600 X15.588 Y37.019 E898.06886
G1 X15.518 Y37.089
G0 F1800 X16.04 Y37.133
G1 F600 X16.988 Y36.186 E898.14685
G1 X17.058 Y36.116
G0 F1800 X17.44 Y36.3
G1 F600 X16.493 Y37.246 E898.22476
G1 X16.423 Y37.316
G0 F1800 X16.945 Y37.359
G1 F600 X17.892 Y36.413 E898.30267
G1 X17.962 Y36.343
G0 F1800 X18.345 Y36.526
G1 F600 X17.398 Y37.473 E898.38062
G1 X17.328 Y37.543
G0 F1800 X17.85 Y37.586
G1 F600 X18.797 Y36.639 E898.45857
G1 X18.867 Y36.569
G0 F1800 X19.286 Y36.716
G1 F600 X18.302 Y37.7 E898.53957
G1 X18.232 Y37.77
G0 F1800 X18.768 Y37.8
G1 F600 X19.779 Y36.789 E898.62279
G1 X19.849 Y36.719
G0 F1800 X20.271 Y36.862
G1 F600 X19.26 Y37.873 E898.70601
G1 X19.19 Y37.943
G0 F1800 X19.753 Y37.946
G1 F600 X20.764 Y36.935 E898.78923
G1 X20.834 Y36.865
G0 F1800 X21.256 Y37.009
G1 F600 X20.246 Y38.019 E898.87237
G1 X20.176 Y38.089
G0 F1800 X20.739 Y38.091
G1 F600 X21.749 Y37.082 E898.95547
G1 X21.819 Y37.012
G0 F1800 X22.242 Y37.154
G1 F600 X21.232 Y38.164 E899.0386
G1 X21.162 Y38.234
G0 F1800 X21.724 Y38.238
G1 F600 X22.734 Y37.228 E899.12174
G1 X22.804 Y37.158
G0 F1800 X23.242 Y37.285
G1 F600 X22.217 Y38.311 E899.20616
G1 X22.147 Y38.381
G0 F1800 X22.71 Y38.383
G1 F600 X23.782 Y37.311 E899.2944
G1 X23.852 Y37.241
G0 F1800 X24.32 Y37.338
G1 F600 X23.226 Y38.433 E899.38449
G1 X23.156 Y38.503
G0 F1800 X23.765 Y38.46
G1 F600 X24.86 Y37.364 E899.47467
G1 X24.93 Y37.294
G0 F1800 X25.399 Y37.391
G1 F600 X24.303 Y38.487 E899.56488
G1 X24.233 Y38.557
G0 F1800 X24.842 Y38.513
G1 F600 X25.938 Y37.417 E899.6551
G1 X26.008 Y37.347
G0 F1800 X26.478 Y37.444
G1 F600 X25.381 Y38.54 E899.74536
G1 X25.311 Y38.61
G0 F1800 X25.92 Y38.567
G1 F600 X27.017 Y37.47 E899.83566
G1 X27.087 Y37.4
G0 F1800 X27.58 Y37.473
G1 F600 X26.459 Y38.594 E899.92793
G1 X26.389 Y38.664
G0 F1800 X26.998 Y38.62
G1 F600 X28.175 Y37.444 E900.02477
G1 X28.245 Y37.374
G0 F1800 X28.77 Y37.415
G1 F600 X27.559 Y38.625 E900.12442
G1 X27.489 Y38.695
G0 F1800 X28.154 Y38.596
G1 F600 X29.364 Y37.386 E900.22402
G1 X29.434 Y37.316
G0 F1800 X29.959 Y37.357
G1 F600 X28.75 Y38.566 E900.32354
G1 X28.68 Y38.636
G0 F1800 X29.345 Y38.536
G1 F600 X30.554 Y37.328 E900.42301
G1 X30.624 Y37.258
G0 F1800 X31.148 Y37.299
G1 F600 X29.941 Y38.506 E900.52237
G1 X29.871 Y38.576
G0 F1800 X30.536 Y38.477
G1 F600 X31.761 Y37.252 E900.6232
G1 X31.831 Y37.182
G0 F1800 X32.425 Y37.153
G1 F600 X31.131 Y38.447 E900.72972
G1 X31.061 Y38.517
G0 F1800 X31.73 Y38.414
G1 F600 X33.09 Y37.054 E900.84166
G1 X33.16 Y36.984
G0 F1800 X33.754 Y36.956
G1 F600 X32.394 Y38.315 E900.95357
G1 X32.324 Y38.385
G0 F1800 X33.058 Y38.217
G1 F600 X34.419 Y36.857 E901.06556
G1 X34.489 Y36.787
G0 F1800 X35.083 Y36.758
G1 F600 X33.721 Y38.12 E901.17767
G1 X33.651 Y38.19
G0 F1800 X34.385 Y38.021
G1 F600 X35.747 Y36.659 E901.28979
G1 X35.817 Y36.589
G0 F1800 X36.493 Y36.479
G1 F600 X35.049 Y37.923 E901.40865
G1 X34.979 Y37.993
G0 F1800 X35.713 Y37.825
G1 F600 X37.248 Y36.29 E901.535
G1 X37.318 Y36.22
G0 F1800 X38.002 Y36.102
G1 F600 X36.423 Y37.681 E901.66498
G1 X36.353 Y37.751
G0 F1800 X37.178 Y37.492
G1 F600 X38.757 Y35.912 E901.79499
G1 X38.827 Y35.842
G0 F1800 X39.512 Y35.723
G1 F600 X37.933 Y37.302 E901.92497
G1 X37.863 Y37.372
G0 F1800 X38.688 Y37.113
G1 F600 X40.32 Y35.481 E902.0593
G1 X40.39 Y35.411
G0 F1800 X41.201 Y35.165
G1 F600 X39.443 Y36.924 E902.20405
G1 X39.373 Y36.994
G0 F1800 X40.198 Y36.734
G1 F600 X42.082 Y34.85 E902.35914
G1 X42.152 Y34.78
G0 F1800 X42.654 Y34.844
G1 F600 X41.068 Y36.43 E902.48969
G1 X40.998 Y36.5
G0 F1800 X41.947 Y36.116
G1 F600 X42.654 Y35.409 E902.54788
G1 X42.724 Y35.339
G1 F1500 E896.04788
G0 F1800 X43.215 Y33.852
G0 X44.946 Y33.852
G0 X45.085 Y33.224
;TYPE:FILL
G1 F1500 E902.54788
G1 F1200 X46.436 Y31.874 E902.65905
G1 X46.506 Y31.804
G0 F1800 X46.565 Y36.766
G1 F1200 X45.085 Y38.245 E902.78083
G1 X45.015 Y38.315
G0 F1800 X45.026 Y38.315
G0 X46.565 Y41.786
G1 F1200 X45.085 Y43.265 E902.90262
G1 X45.015 Y43.335
G0 F1800 X45.026 Y43.335
G0 X46.565 Y46.806
G1 F1200 X45.085 Y48.286 E903.02444
G1 X45.015 Y48.356
G0 F1800 X44.619 Y48.752
G1 F1200 X43.138 Y50.233 E903.14635
G1 X43.068 Y50.303
G0 F1800 X43.068 Y50.294
G0 X39.598 Y48.752
G1 F1200 X38.118 Y50.233 E903.26822
G1 X38.048 Y50.303
G0 F1800 X38.048 Y50.294
G0 X34.578 Y48.752
G1 F1200 X33.097 Y50.233 E903.39013
G1 X33.027 Y50.303
G0 F1800 X33.027 Y50.294
G0 X29.557 Y48.752
G1 F1200 X28.077 Y50.233 E903.51199
G1 X28.007 Y50.303
G0 F1800 X28.007 Y50.294
G0 X24.537 Y48.752
G1 F1200 X23.056 Y50.233 E903.6339
G1 X22.986 Y50.303
G0 F1800 X22.986 Y50.294
G0 X19.516 Y48.752
G1 F1200 X18.036 Y50.233 E903.75577
G1 X17.966 Y50.303
G0 F1800 X17.966 Y50.294
G0 X14.496 Y48.752
G1 F1200 X13.015 Y50.233 E903.87768
G1 X12.945 Y50.303
G0 F1800 X12.945 Y50.294
G0 X9.565 Y48.663
G1 F1200 X8.085 Y50.143 E903.9995
G1 X8.015 Y50.213
G0 F1800 X8.026 Y50.213
G0 X8.085 Y45.122
G1 F1200 X9.565 Y43.642 E904.12133
G1 X9.635 Y43.572
G0 F1800 X9.626 Y43.572
G0 X8.085 Y40.102
G1 F1200 X9.565 Y38.622 E904.24315
G1 X9.635 Y38.552
G0 F1800 X9.626 Y38.552
G0 X8.085 Y35.081
G1 F1200 X9.565 Y33.601 E904.36498
G1 X9.635 Y33.531
G0 F1800 X9.626 Y33.531
G0 X9.656 Y48.664
G0 X9.726 Y48.594
;TYPE:WALL-INNER
G1 F1200 X44.926 Y48.594 E906.4138
G1 X44.926 Y32.411 E907.35574
G1 X46.42 Y31.704 E907.45194
G1 X46.653 Y31.594 E907.46694
G1 X46.726 Y31.594 E907.47119
G1 X46.726 Y31.852 E907.48103
G1 X46.726 Y50.394 E908.56027
G1 X7.926 Y50.394 E910.81864
G1 X7.926 Y31.852 E911.89788
G1 X7.926 Y31.594 E911.91289
G1 X7.999 Y31.594 E911.91714
G1 X8.232 Y31.704 E911.92695
G1 X9.726 Y32.411 E912.02316
G1 X9.726 Y48.594 E912.96509
G0 F1800 X10.126 Y48.194
;TYPE:WALL-OUTER
G1 F600 X44.526 Y48.194 E914.96735
G1 X44.526 Y32.157 E915.90079
G1 X46.562 Y31.194 E916.03188
G1 X47.126 Y31.194 E916.06471
G1 X47.126 Y50.794 E917.20553
G1 X7.526 Y50.794 E919.51046
G1 X7.526 Y31.194 E920.65128
G1 X8.09 Y31.194 E920.68411
G1 X10.126 Y32.157 E920.8152
G1 X10.126 Y48.194 E921.74864
G0 F1800 X11.126 Y48.194
G0 X11.126 Y48.994
G1 F1500 E915.24864
G0 F1800 X10.397 Y50.354
G0 X10.397 Y51.659
G0 X6.673 Y51.647
G0 X6.673 Y30.341
G0 X8.284 Y30.33
G0 X10.984 Y31.613
G0 X11.85 Y32.646
G0 X11.449 Y33.868
G0 X12.02 Y35.678
;TIME_ELAPSED:1589.976331
;LAYER:16
G0 X12.02 Y35.678 Z5.9
;TYPE:FILL
G1 F1500 E921.74864
G1 F1200 X22.574 Y46.232 E922.61739
G1 X22.644 Y46.302
G0 F1800 X22.644 Y46.294
G0 X27.594 Y46.232
G1 F1200 X19.012 Y37.65 E923.32381
G1 X18.942 Y37.58
G0 F1800 X24.704 Y38.321
G1 F1200 X32.615 Y46.232 E923.975
G1 X32.685 Y46.302
G0 F1800 X32.685 Y46.294
G0 X37.635 Y46.232
G1 F1200 X29.735 Y38.332 E924.62529
G1 X29.665 Y38.262
G0 F1800 X34.273 Y37.85
G1 F1200 X42.656 Y46.232 E925.31529
G1 X42.726 Y46.302
G0 F1800 X42.726 Y46.294
G0 X43.065 Y41.621
G1 F1200 X38.431 Y36.987 E925.69674
G1 X38.361 Y36.917
G0 F1800 X42.272 Y35.807
G1 F1200 X43.065 Y36.601 E925.76206
G1 X43.135 Y36.671
G0 F1800 X43.126 Y36.671
G0 X17.553 Y46.232
G1 F1200 X11.585 Y40.264 E926.25331
G1 X11.515 Y40.194
G0 F1800 X11.526 Y40.194
G0 X11.585 Y45.285
G1 F1200 X12.533 Y46.232 E926.3313
G1 X12.603 Y46.302
G0 F1800 X12.603 Y46.294
G0 X23.166 Y36.74
G0 X23.175 Y36.641
;TYPE:WALL-INNER
G1 F1200 X27.326 Y36.844 E926.5732
G1 X31.477 Y36.641 E926.8151
G1 X35.506 Y36.044 E927.05217
G1 X35.698 Y36.004 E927.06358
G1 X39.62 Y35.021 E927.29893
G1 X42.96 Y33.826 E927.5054
G1 X43.226 Y33.731 E927.52184
G1 X43.226 Y34.013 E927.53155
G1 X43.226 Y34.014 E927.5316
G1 X43.226 Y46.394 E928.25219
G1 X11.426 Y46.394 E930.10311
G1 X11.426 Y34.014 E930.82369
G1 X11.426 Y34.013 E930.82375
G1 X11.426 Y33.731 E930.84016
G1 X11.692 Y33.826 E930.84989
G1 X15.033 Y35.021 E931.05641
G1 X19.064 Y36.031 E931.29829
G1 X23.175 Y36.641 E931.54019
G0 F1800 X23.166 Y36.74
G0 X19.057 Y36.07
G0 X15.426 Y35.161
G0 X11.483 Y33.812
G0 X11.272 Y33.251
;TYPE:WALL-OUTER
G1 F600 X11.374 Y33.287 E931.54649
G1 X15.149 Y34.638 E931.77986
G1 X19.142 Y35.638 E932.01945
G1 X23.214 Y36.242 E932.25906
G1 X27.326 Y36.444 E932.49869
G1 X31.438 Y36.242 E932.73831
G1 X35.436 Y35.65 E932.97356
G1 X35.608 Y35.614 E932.98378
G1 X39.504 Y34.638 E933.21756
G1 X43.257 Y33.295 E933.44957
G1 X43.319 Y33.273 E933.4534
G1 X43.626 Y33.132 E933.47306
G1 X43.626 Y33.273
G1 X43.626 Y33.339 E933.47654
G1 X43.626 Y46.794 E934.25969
G1 X11.026 Y46.794 E936.15718
G1 X11.026 Y33.36 E936.93911
G1 X11.026 Y33.251 E936.94447
G1 X11.026 Y33.135 E936.95122
G1 X11.272 Y33.251 E936.95468
G0 F1800 X11.374 Y33.287
G0 X12.213 Y33.587
G0 X12.044 Y34.058
G0 X11.816 Y34.285
;TYPE:SKIN
G1 F600 X14.92 Y35.395 E937.14655
G1 X18.988 Y36.414 E937.39065
G1 X23.136 Y37.029 E937.63472
G1 X27.326 Y37.234 E937.87889
G1 X31.516 Y37.029 E938.12307
G1 X35.574 Y36.428 E938.36184
G1 X35.785 Y36.384 E938.37438
G1 X39.733 Y35.395 E938.61128
G1 X42.836 Y34.285 E938.8031
G1 X42.836 Y35.658 E938.88301
G1 X40.248 Y36.585 E939.04302
G1 X36.013 Y37.646 E939.29714
G1 X31.672 Y38.286 E939.55254
G1 X27.326 Y38.503 E939.80581
G1 X22.96 Y38.286 E940.06025
G1 X18.673 Y37.652 E940.31249
G1 X14.408 Y36.586 E940.56837
G1 X11.816 Y35.658 E940.72862
G1 X11.816 Y34.285 E940.80853
G0 F1800 X11.996 Y35.189
G1 F600 X12.528 Y35.721 E940.85233
G0 F1800 X13.41 Y36.037
G1 F600 X11.996 Y34.623 E940.96872
G1 X11.926 Y34.553
G0 F1800 X12.747 Y34.808
G1 F600 X14.291 Y36.353 E941.09585
G1 X14.361 Y36.423
G0 F1800 X15.069 Y36.565
G1 F600 X13.628 Y35.124 E941.21447
G1 X13.558 Y35.054
G0 F1800 X14.508 Y35.438
G1 F600 X15.823 Y36.753 E941.32271
G1 X15.893 Y36.823
G0 F1800 X16.578 Y36.942
G1 F600 X15.314 Y35.679 E941.42672
G1 X15.244 Y35.609
G0 F1800 X16.069 Y35.867
G1 F600 X17.331 Y37.13 E941.53064
G1 X17.401 Y37.2
G0 F1800 X18.086 Y37.319
G1 F600 X16.823 Y36.056 E941.6346
G1 X16.753 Y35.986
G0 F1800 X17.577 Y36.245
G1 F600 X18.823 Y37.491 E941.73717
G1 X18.893 Y37.561
G0 F1800 X19.487 Y37.589
G1 F600 X18.332 Y36.434 E941.83224
G1 X18.262 Y36.364
G0 F1800 X19.07 Y36.606
G1 F600 X20.151 Y37.688 E941.92126
G1 X20.221 Y37.758
G0 F1800 X20.815 Y37.785
G1 F600 X19.735 Y36.705 E942.01016
G1 X19.665 Y36.635
G0 F1800 X20.399 Y36.804
G1 F600 X21.479 Y37.883 E942.09902
G1 X21.549 Y37.953
G0 F1800 X22.143 Y37.982
G1 F600 X21.063 Y36.902 E942.18792
G1 X20.993 Y36.832
G0 F1800 X21.727 Y37.001
G1 F600 X22.806 Y38.079 E942.2767
G1 X22.876 Y38.149
G0 F1800 X23.419 Y38.127
G1 F600 X22.391 Y37.099 E942.36132
G1 X22.321 Y37.029
G0 F1800 X23.055 Y37.198
G1 F600 X24.014 Y38.156 E942.44022
G1 X24.084 Y38.226
G0 F1800 X24.61 Y38.186
G1 F600 X23.657 Y37.234 E942.51862
G1 X23.587 Y37.164
G0 F1800 X24.252 Y37.263
G1 F600 X25.205 Y38.216 E942.59707
G1 X25.275 Y38.286
G0 F1800 X25.8 Y38.245
G1 F600 X24.847 Y37.292 E942.67551
G1 X24.777 Y37.222
G0 F1800 X25.442 Y37.321
G1 F600 X26.396 Y38.275 E942.75404
G1 X26.466 Y38.345
G0 F1800 X26.991 Y38.305
G1 F600 X26.037 Y37.35 E942.83261
G1 X25.967 Y37.28
G0 F1800 X26.631 Y37.379
G1 F600 X27.562 Y38.31 E942.90924
G1 X27.632 Y38.38
G0 F1800 X28.101 Y38.283
G1 F600 X27.227 Y37.409 E942.98119
G1 X27.157 Y37.339
G0 F1800 X27.775 Y37.391
G1 F600 X28.639 Y38.255 E943.05231
G1 X28.709 Y38.325
G0 F1800 X29.178 Y38.229
G1 F600 X28.314 Y37.365 E943.12343
G1 X28.244 Y37.295
G0 F1800 X28.853 Y37.338
G1 F600 X29.716 Y38.202 E943.19451
G1 X29.786 Y38.272
G0 F1800 X30.255 Y38.175
G1 F600 X29.393 Y37.312 E943.2655
G1 X29.323 Y37.242
G0 F1800 X29.932 Y37.286
G1 F600 X30.794 Y38.148 E943.33646
G1 X30.864 Y38.218
G0 F1800 X31.332 Y38.12
G1 F600 X30.471 Y37.259 E943.40733
G1 X30.401 Y37.189
G0 F1800 X31.01 Y37.233
G1 F600 X31.853 Y38.075 E943.47668
G1 X31.923 Y38.145
G0 F1800 X32.346 Y38.003
G1 F600 X31.548 Y37.205 E943.54237
G1 X31.478 Y37.135
G0 F1800 X32.041 Y37.132
G1 F600 X32.839 Y37.93 E943.60805
G1 X32.909 Y38
G0 F1800 X33.332 Y37.857
G1 F600 X32.533 Y37.059 E943.67378
G1 X32.463 Y36.989
G0 F1800 X33.026 Y36.986
G1 F600 X33.825 Y37.784 E943.73951
G1 X33.895 Y37.854
G0 F1800 X34.318 Y37.712
G1 F600 X33.519 Y36.913 E943.80528
G1 X33.449 Y36.843
G0 F1800 X34.012 Y36.84
G1 F600 X34.811 Y37.64 E943.87109
G1 X34.881 Y37.71
G0 F1800 X35.304 Y37.567
G1 F600 X34.505 Y36.768 E943.93686
G1 X34.435 Y36.698
G0 F1800 X34.998 Y36.695
G1 F600 X35.797 Y37.494 E944.00263
G1 X35.867 Y37.564
G0 F1800 X36.264 Y37.396
G1 F600 X35.49 Y36.621 E944.06638
G1 X35.42 Y36.551
G0 F1800 X35.959 Y36.524
G1 F600 X36.717 Y37.282 E944.12878
G1 X36.787 Y37.352
G0 F1800 X37.169 Y37.169
G1 F600 X36.411 Y36.411 E944.19117
G1 X36.341 Y36.341
G0 F1800 X36.864 Y36.298
G1 F600 X37.621 Y37.055 E944.25348
G1 X37.691 Y37.125
G0 F1800 X38.074 Y36.942
G1 F600 X37.316 Y36.185 E944.31584
G1 X37.246 Y36.115
G0 F1800 X37.769 Y36.072
G1 F600 X38.526 Y36.829 E944.37815
G1 X38.596 Y36.899
G0 F1800 X38.979 Y36.716
G1 F600 X38.221 Y35.959 E944.4405
G1 X38.151 Y35.889
G0 F1800 X38.674 Y35.846
G1 F600 X39.431 Y36.602 E944.50277
G1 X39.501 Y36.672
G0 F1800 X39.883 Y36.489
G1 F600 X39.127 Y35.732 E944.56505
G1 X39.057 Y35.662
G0 F1800 X39.579 Y35.619
G1 F600 X40.325 Y36.365 E944.62645
G1 X40.395 Y36.435
G0 F1800 X40.742 Y36.216
G1 F600 X40.012 Y35.486 E944.68654
G1 X39.942 Y35.416
G0 F1800 X40.428 Y35.337
G1 F600 X41.158 Y36.067 E944.74663
G1 X41.228 Y36.137
G0 F1800 X41.575 Y35.918
G1 F600 X40.845 Y35.188 E944.80672
G1 X40.775 Y35.118
G0 F1800 X41.262 Y35.039
G1 F600 X41.991 Y35.768 E944.86673
G1 X42.061 Y35.838
G0 F1800 X42.408 Y35.619
G1 F600 X41.678 Y34.89 E944.92678
G1 X41.608 Y34.82
G0 F1800 X42.375 Y35.021
G1 F600 X42.583 Y34.663 E944.9557
G0 F1800 X42.511 Y34.592
G1 F1500 E938.4557
G0 F1800 X43.215 Y33.747
G0 X44.959 Y32.432
G0 X45.085 Y33.6
;TYPE:FILL
G1 F1500 E944.9557
G1 F1200 X46.565 Y35.08 E945.07752
G1 X46.635 Y35.15
G0 F1800 X46.626 Y35.15
G0 X45.085 Y38.62
G1 F1200 X46.565 Y40.101 E945.19939
G1 X46.635 Y40.171
G0 F1800 X46.626 Y40.171
G0 X45.085 Y43.641
G1 F1200 X46.565 Y45.121 E945.32121
G1 X46.635 Y45.191
G0 F1800 X46.626 Y45.191
G0 X45.085 Y48.661
G1 F1200 X46.565 Y50.142 E945.44308
G1 X46.635 Y50.212
G0 F1800 X46.626 Y50.212
G0 X41.635 Y50.232
G1 F1200 X40.156 Y48.753 E945.56482
G1 X40.086 Y48.683
G0 F1800 X40.086 Y48.694
G0 X36.615 Y50.232
G1 F1200 X35.136 Y48.753 E945.68657
G1 X35.066 Y48.683
G0 F1800 X35.066 Y48.694
G0 X31.594 Y50.232
G1 F1200 X30.115 Y48.753 E945.80831
G1 X30.045 Y48.683
G0 F1800 X30.045 Y48.694
G0 X26.574 Y50.232
G1 F1200 X25.095 Y48.753 E945.93005
G1 X25.025 Y48.683
G0 F1800 X25.025 Y48.694
G0 X21.554 Y50.232
G1 F1200 X20.074 Y48.753 E946.05184
G1 X20.004 Y48.683
G0 F1800 X20.004 Y48.694
G0 X16.533 Y50.232
G1 F1200 X15.054 Y48.753 E946.17358
G1 X14.984 Y48.683
G0 F1800 X14.984 Y48.694
G0 X11.513 Y50.232
G1 F1200 X10.033 Y48.753 E946.29537
G1 X9.963 Y48.683
G0 F1800 X9.566 Y48.286
G1 F1200 X8.085 Y46.805 E946.41727
G1 X8.015 Y46.735
G0 F1800 X8.026 Y46.735
G0 X9.566 Y43.265
G1 F1200 X8.085 Y41.785 E946.53914
G1 X8.015 Y41.715
G0 F1800 X8.026 Y41.715
G0 X9.566 Y38.245
G1 F1200 X8.085 Y36.764 E946.66105
G1 X8.015 Y36.694
G0 F1800 X8.026 Y36.694
G0 X9.566 Y33.224
G1 F1200 X8.215 Y31.873 E946.77226
G1 X8.145 Y31.803
G0 F1800 X9.656 Y48.664
G0 X9.726 Y48.594
;TYPE:WALL-INNER
G1 F1200 X44.926 Y48.594 E948.82108
G1 X44.926 Y32.411 E949.76302
G1 X46.42 Y31.704 E949.85922
G1 X46.653 Y31.594 E949.87422
G1 X46.726 Y31.594 E949.87847
G1 X46.726 Y31.852 E949.88831
G1 X46.726 Y50.394 E950.96755
G1 X7.926 Y50.394 E953.22591
G1 X7.926 Y31.852 E954.30515
G1 X7.926 Y31.594 E954.32017
G1 X7.999 Y31.594 E954.32442
G1 X8.232 Y31.704 E954.33423
G1 X9.726 Y32.411 E954.43043
G1 X9.726 Y48.594 E955.37237
G0 F1800 X10.126 Y48.194
;TYPE:WALL-OUTER
G1 F600 X44.526 Y48.194 E957.37463
G1 X44.526 Y32.157 E958.30807
G1 X46.562 Y31.194 E958.43916
G1 X47.126 Y31.194 E958.47199
G1 X47.126 Y50.794 E959.61281
G1 X7.526 Y50.794 E961.91774
G1 X7.526 Y31.194 E963.05856
G1 X8.09 Y31.194 E963.09139
G1 X10.126 Y32.157 E963.22248
G1 X10.126 Y48.194 E964.15592
G0 F1800 X11.126 Y48.194
G0 X11.126 Y48.994
G0 X9.698 Y48.622
G0 X9.565 Y33.601
;TIME_ELAPSED:1654.381142
;LAYER:17
G0 X9.565 Y33.601 Z6.25
;TYPE:FILL
G1 F1200 X8.085 Y35.081 E964.27774
G1 X8.015 Y35.151
G0 F1800 X8.026 Y35.151
G0 X9.565 Y38.622
G1 F1200 X8.085 Y40.102 E964.39957
G1 X8.015 Y40.172
G0 F1800 X8.026 Y40.172
G0 X9.565 Y43.642
G1 F1200 X8.085 Y45.122 E964.5214
G1 X8.015 Y45.192
G0 F1800 X8.026 Y45.192
G0 X9.565 Y48.663
G1 F1200 X8.085 Y50.143 E964.64322
G1 X8.015 Y50.213
G0 F1800 X8.026 Y50.213
G0 X13.015 Y50.233
G1 F1200 X14.496 Y48.752 E964.76513
G1 X14.566 Y48.682
G0 F1800 X14.566 Y48.694
G0 X18.036 Y50.233
G1 F1200 X19.516 Y48.752 E964.887
G1 X19.586 Y48.682
G0 F1800 X19.586 Y48.694
G0 X23.056 Y50.233
G1 F1200 X24.537 Y48.752 E965.0089
G1 X24.607 Y48.682
G0 F1800 X24.607 Y48.694
G0 X28.077 Y50.233
G1 F1200 X29.557 Y48.752 E965.13077
G1 X29.627 Y48.682
G0 F1800 X29.627 Y48.694
G0 X33.097 Y50.233
G1 F1200 X34.578 Y48.752 E965.25268
G1 X34.648 Y48.682
G0 F1800 X34.648 Y48.694
G0 X38.118 Y50.233
G1 F1200 X39.598 Y48.752 E965.37455
G1 X39.668 Y48.682
G0 F1800 X39.668 Y48.694
G0 X43.138 Y50.233
G1 F1200 X44.619 Y48.752 E965.49645
G1 X44.689 Y48.682
G0 F1800 X45.085 Y48.286
G1 F1200 X46.565 Y46.806 E965.61828
G1 X46.635 Y46.736
G0 F1800 X46.626 Y46.736
G0 X45.085 Y43.265
G1 F1200 X46.565 Y41.786 E965.74006
G1 X46.635 Y41.716
G0 F1800 X46.626 Y41.716
G0 X45.085 Y38.245
G1 F1200 X46.565 Y36.766 E965.86185
G1 X46.635 Y36.696
G0 F1800 X46.626 Y36.696
G0 X45.085 Y33.224
G1 F1200 X46.436 Y31.874 E965.97301
G1 X46.506 Y31.804
G0 F1800 X44.954 Y48.622
G0 X9.656 Y48.664
G0 X9.726 Y48.594
;TYPE:WALL-INNER
G1 F1200 X44.926 Y48.594 E968.02184
G1 X44.926 Y32.411 E968.96377
G1 X46.42 Y31.704 E969.05998
G1 X46.653 Y31.594 E969.07498
G1 X46.726 Y31.594 E969.07922
G1 X46.726 Y31.852 E969.08907
G1 X46.726 Y50.394 E970.16831
G1 X7.926 Y50.394 E972.42667
G1 X7.926 Y31.852 E973.50591
G1 X7.926 Y31.594 E973.52093
G1 X7.999 Y31.594 E973.52518
G1 X8.232 Y31.704 E973.53499
G1 X9.726 Y32.411 E973.63119
G1 X9.726 Y48.594 E974.57313
G0 F1800 X10.126 Y48.194
;TYPE:WALL-OUTER
G1 F600 X44.526 Y48.194 E976.57539
G1 X44.526 Y32.157 E977.50882
G1 X46.562 Y31.194 E977.63992
G1 X47.126 Y31.194 E977.67275
G1 X47.126 Y50.794 E978.81357
G1 X7.526 Y50.794 E981.1185
G1 X7.526 Y31.194 E982.25932
G1 X8.09 Y31.194 E982.29215
G1 X10.126 Y32.157 E982.42324
G1 X10.126 Y48.194 E983.35668
G0 F1800 X11.126 Y48.194
G0 X11.126 Y48.994
G1 F1500 E976.85668
G0 F1800 X10.397 Y50.354
G0 X10.397 Y51.659
G0 X6.673 Y51.647
G0 X6.673 Y30.341
G0 X8.284 Y30.33
G0 X9.049 Y30.693
G0 X15.399 Y33.809
G0 X15.022 Y35.059
G0 X11.995 Y46.233
;TYPE:FILL
G1 F1500 E983.35668
G1 F1200 X20.656 Y37.572 E984.0696
G1 X20.726 Y37.502
G0 F1800 X16.481 Y36.726
G1 F1200 X11.585 Y41.622 E984.47262
G1 X11.515 Y41.692
G0 F1800 X11.526 Y41.692
G0 X11.585 Y36.601
G1 F1200 X12.627 Y35.56 E984.55835
G1 X12.697 Y35.49
G0 F1800 X17.015 Y46.233
G1 F1200 X25.216 Y38.032 E985.23341
G1 X25.286 Y37.962
G0 F1800 X30.28 Y37.989
G1 F1200 X22.036 Y46.233 E985.91201
G1 X21.966 Y46.303
G0 F1800 X21.966 Y46.294
G0 X27.056 Y46.233
G1 F1200 X36.025 Y37.264 E986.65029
G1 X36.095 Y37.194
G0 F1800 X43.064 Y35.245
G1 F1200 X32.077 Y46.233 E987.55472
G1 X32.007 Y46.303
G0 F1800 X32.007 Y46.294
G0 X37.097 Y46.233
G1 F1200 X43.064 Y40.266 E988.04589
G1 X43.134 Y40.196
G0 F1800 X43.126 Y40.196
G0 X43.064 Y45.286
G1 F1200 X42.118 Y46.233 E988.12381
G1 X42.048 Y46.303
G0 F1800 X42.048 Y46.294
G0 X23.166 Y36.74
G0 X23.175 Y36.641
;TYPE:WALL-INNER
G1 F1200 X27.326 Y36.844 E988.3657
G1 X31.477 Y36.641 E988.6076
G1 X35.588 Y36.031 E988.8495
G1 X39.62 Y35.021 E989.09144
G1 X42.96 Y33.826 E989.29791
G1 X43.226 Y33.731 E989.31435
G1 X43.226 Y34.013 E989.32406
G1 X43.226 Y34.014 E989.32412
G1 X43.226 Y46.394 E990.0447
G1 X11.426 Y46.394 E991.89562
G1 X11.426 Y34.014 E992.6162
G1 X11.426 Y34.013 E992.61626
G1 X11.426 Y33.731 E992.63268
G1 X11.692 Y33.826 E992.6424
G1 X15.033 Y35.021 E992.84893
G1 X19.064 Y36.031 E993.09081
G1 X23.175 Y36.641 E993.33271
G0 F1800 X23.166 Y36.74
G0 X19.057 Y36.07
G0 X15.426 Y35.161
G0 X11.483 Y33.812
G0 X11.272 Y33.251
;TYPE:WALL-OUTER
G1 F600 X11.374 Y33.287 E993.339
G1 X15.149 Y34.638 E993.57237
G1 X19.142 Y35.638 E993.81197
G1 X23.214 Y36.242 E994.05157
G1 X27.326 Y36.444 E994.2912
G1 X31.438 Y36.242 E994.53083
G1 X35.51 Y35.638 E994.77043
G1 X39.504 Y34.638 E995.01008
G1 X43.278 Y33.287 E995.2434
G1 X43.38 Y33.251 E995.24969
G1 X43.626 Y33.135 E995.26552
G1 X43.626 Y33.251
G1 X43.626 Y33.36 E995.27088
G1 X43.626 Y46.794 E996.05281
G1 X11.026 Y46.794 E997.9503
G1 X11.026 Y33.36 E998.73223
G1 X11.026 Y33.251 E998.73758
G1 X11.026 Y33.135 E998.74433
G1 X11.272 Y33.251 E998.74779
G0 F1800 X11.374 Y33.287
G0 X12.213 Y33.587
G0 X12.044 Y34.058
G0 X11.816 Y34.285
;TYPE:SKIN
G1 F600 X14.92 Y35.395 E998.93967
G1 X18.988 Y36.414 E999.18376
G1 X23.136 Y37.029 E999.42783
G1 X27.326 Y37.234 E999.67201
G1 X31.516 Y37.029 E999.91618
G1 X35.664 Y36.414 E1000.16025
G1 X39.733 Y35.395 E1000.4044
G1 X42.836 Y34.285 E1000.59622
G1 X42.836 Y35.324 E1000.6567
G1 X40.156 Y36.283 E1000.82237
G1 X35.952 Y37.337 E1001.07464
G1 X31.635 Y37.973 E1001.32863
G1 X27.326 Y38.188 E1001.57974
G1 X23.016 Y37.974 E1001.83092
G1 X18.701 Y37.337 E1002.0848
G1 X14.496 Y36.283 E1002.33712
G1 X11.816 Y35.324 E1002.5028
G1 X11.816 Y34.285 E1002.56327
G0 F1800 X12.149 Y34.801
G1 F600 X12.476 Y35.04 E1002.5958
G0 F1800 X13.135 Y34.947
G1 F600 X12.65 Y35.432 E1002.63573
G0 F1800 X13.067 Y35.581
G1 F600 X13.552 Y35.096 E1002.67565
G0 F1800 X13.969 Y35.245
G1 F600 X13.484 Y35.73 E1002.71557
G0 F1800 X13.901 Y35.879
G1 F600 X14.386 Y35.394 E1002.7555
G0 F1800 X14.802 Y35.543
G1 F600 X14.317 Y36.028 E1002.79542
G0 F1800 X14.75 Y36.16
G1 F600 X15.249 Y35.662 E1002.83645
G0 F1800 X15.702 Y35.775
G1 F600 X15.202 Y36.274 E1002.87757
G0 F1800 X15.655 Y36.387
G1 F600 X16.154 Y35.888 E1002.91864
G0 F1800 X16.607 Y36.001
G1 F600 X16.107 Y36.5 E1002.95976
G0 F1800 X16.56 Y36.613
G1 F600 X17.059 Y36.114 E1003.00083
G0 F1800 X17.511 Y36.228
G1 F600 X17.012 Y36.727 E1003.04191
G0 F1800 X17.464 Y36.84
G1 F600 X17.964 Y36.341 E1003.08303
G0 F1800 X18.416 Y36.454
G1 F600 X17.917 Y36.954 E1003.12414
G0 F1800 X18.369 Y37.067
G1 F600 X18.869 Y36.568 E1003.16526
G0 F1800 X19.091 Y36.91
G1 F600 X19.584 Y36.983 E1003.20848
G1 X20.077 Y37.056 E1003.25163
G1 X20.57 Y37.129 E1003.29478
G1 X21.062 Y37.202 E1003.33784
G1 X21.555 Y37.275 E1003.38099
G1 X22.047 Y37.348 E1003.42398
G1 X22.54 Y37.421 E1003.46706
G1 X23.042 Y37.485 E1003.51073
G1 X23.569 Y37.524 E1003.5561
G1 X24.107 Y37.551 E1003.6025
G1 X24.646 Y37.577 E1003.64891
G1 X25.185 Y37.604 E1003.69548
G1 X25.725 Y37.631 E1003.74213
G1 X26.078 Y37.278
G0 F1800 X26.547 Y37.374
G1 F600 X25.981 Y37.941 E1003.78876
G1 X25.911 Y38.011
G0 F1800 X26.52 Y37.968
G1 F600 X27.086 Y37.401 E1003.83539
G1 X27.156 Y37.331
G0 F1800 X27.656 Y37.397
G1 F600 X27.058 Y37.994 E1003.88457
G1 X26.988 Y38.064
G0 F1800 X27.626 Y37.992
G1 F600 X28.251 Y37.367 E1003.93602
G1 X28.321 Y37.297
G0 F1800 X28.846 Y37.338
G1 F600 X28.222 Y37.963 E1003.98743
G1 X28.152 Y38.033
G0 F1800 X28.818 Y37.932
G1 F600 X29.441 Y37.309 E1004.03871
G1 X29.511 Y37.239
G0 F1800 X29.413 Y37.903
G1 F600 X30.036 Y37.28 E1004.08999
G1 X30.106 Y37.21
G0 F1800 X30.008 Y37.873
G1 F600 X30.631 Y37.251 E1004.14123
G1 X30.701 Y37.181
G0 F1800 X30.604 Y37.843
G1 F600 X31.225 Y37.222 E1004.19235
G1 X31.295 Y37.152
G0 F1800 X31.2 Y37.813
G1 F600 X31.854 Y37.159 E1004.24618
G1 X31.924 Y37.089
G0 F1800 X31.816 Y37.763
G1 F600 X32.518 Y37.06 E1004.30401
G1 X32.588 Y36.99
G0 F1800 X32.479 Y37.665
G1 F600 X33.182 Y36.962 E1004.36188
G1 X33.252 Y36.892
G0 F1800 X33.142 Y37.567
G1 F600 X33.847 Y36.863 E1004.41987
G1 X33.917 Y36.793
G0 F1800 X33.806 Y37.47
G1 F600 X34.511 Y36.765 E1004.4779
G1 X34.581 Y36.695
G0 F1800 X34.469 Y37.372
G1 F600 X35.175 Y36.667 E1004.53597
G1 X35.245 Y36.597
G0 F1800 X35.132 Y37.275
G1 F600 X35.858 Y36.548 E1004.59577
G1 X35.928 Y36.478
G0 F1800 X35.795 Y37.177
G1 F600 X36.613 Y36.36 E1004.66307
G1 X36.683 Y36.29
G0 F1800 X36.534 Y37.005
G1 F600 X37.367 Y36.171 E1004.73167
G1 X37.437 Y36.101
G0 F1800 X37.289 Y36.815
G1 F600 X38.121 Y35.983 E1004.80016
G1 X38.191 Y35.913
G0 F1800 X38.043 Y36.626
G1 F600 X38.876 Y35.794 E1004.86869
G1 X38.946 Y35.724
G0 F1800 X38.798 Y36.437
G1 F600 X39.63 Y35.605 E1004.93717
G1 X39.7 Y35.535
G0 F1800 X39.553 Y36.248
G1 F600 X40.485 Y35.316 E1005.01389
G1 X40.555 Y35.246
G0 F1800 X40.341 Y36.025
G1 F600 X41.365 Y35.001 E1005.09818
G1 X41.435 Y34.931
G0 F1800 X41.222 Y35.711
G1 F600 X42.246 Y34.686 E1005.18251
G1 X42.316 Y34.616
G0 F1800 X42.655 Y34.843
G1 F600 X42.102 Y35.396 E1005.22803
G1 F1500 E998.72803
G0 F1800 X35.591 Y36.05
G0 X35.342 Y34.789
G0 X10.266 Y31.266
G0 X9.693 Y32.432
G0 X8.215 Y31.873
;TIME_ELAPSED:1718.411998
;LAYER:18
G0 X8.215 Y31.873 Z6.6
;TYPE:FILL
G1 F1500 E1005.22803
G1 F1200 X9.566 Y33.224 E1005.33924
G1 X9.636 Y33.294
G0 F1800 X9.626 Y33.294
G0 X8.085 Y36.764
G1 F1200 X9.566 Y38.245 E1005.46115
G1 X9.636 Y38.315
G0 F1800 X9.626 Y38.315
G0 X8.085 Y41.785
G1 F1200 X9.566 Y43.265 E1005.58301
G1 X9.636 Y43.335
G0 F1800 X9.626 Y43.335
G0 X8.085 Y46.805
G1 F1200 X9.566 Y48.286 E1005.70492
G1 X9.636 Y48.356
G0 F1800 X10.033 Y48.753
G1 F1200 X11.513 Y50.232 E1005.82671
G1 X11.583 Y50.302
G0 F1800 X11.583 Y50.294
G0 X15.054 Y48.753
G1 F1200 X16.533 Y50.232 E1005.94845
G1 X16.603 Y50.302
G0 F1800 X16.603 Y50.294
G0 X20.074 Y48.753
G1 F1200 X21.554 Y50.232 E1006.07023
G1 X21.624 Y50.302
G0 F1800 X21.624 Y50.294
G0 X25.095 Y48.753
G1 F1200 X26.574 Y50.232 E1006.19198
G1 X26.644 Y50.302
G0 F1800 X26.644 Y50.294
G0 X30.115 Y48.753
G1 F1200 X31.594 Y50.232 E1006.31372
G1 X31.664 Y50.302
G0 F1800 X31.664 Y50.294
G0 X35.136 Y48.753
G1 F1200 X36.615 Y50.232 E1006.43546
G1 X36.685 Y50.302
G0 F1800 X36.685 Y50.294
G0 X40.156 Y48.753
G1 F1200 X41.635 Y50.232 E1006.55721
G1 X41.705 Y50.302
G0 F1800 X41.705 Y50.294
G0 X45.085 Y48.661
G1 F1200 X46.565 Y50.142 E1006.67907
G1 X46.635 Y50.212
G0 F1800 X46.626 Y50.212
G0 X46.565 Y45.121
G1 F1200 X45.085 Y43.641 E1006.8009
G1 X45.015 Y43.571
G0 F1800 X45.026 Y43.571
G0 X46.565 Y40.101
G1 F1200 X45.085 Y38.62 E1006.92277
G1 X45.015 Y38.55
G0 F1800 X45.026 Y38.55
G0 X46.565 Y35.08
G1 F1200 X45.085 Y33.6 E1007.04459
G1 X45.015 Y33.53
G0 F1800 X45.026 Y33.53
G0 X44.954 Y48.622
G0 X9.656 Y48.664
G0 X9.726 Y48.594
;TYPE:WALL-INNER
G1 F1200 X44.926 Y48.594 E1009.09342
G1 X44.926 Y32.411 E1010.03535
G1 X46.42 Y31.704 E1010.13156
G1 X46.653 Y31.594 E1010.14655
G1 X46.726 Y31.594 E1010.1508
G1 X46.726 Y31.852 E1010.16065
G1 X46.726 Y50.394 E1011.23989
G1 X7.926 Y50.394 E1013.49825
G1 X7.926 Y31.852 E1014.57749
G1 X7.926 Y31.594 E1014.59251
G1 X7.999 Y31.594 E1014.59676
G1 X8.232 Y31.704 E1014.60657
G1 X9.726 Y32.411 E1014.70277
G1 X9.726 Y48.594 E1015.64471
G0 F1800 X10.126 Y48.194
;TYPE:WALL-OUTER
G1 F600 X44.526 Y48.194 E1017.64697
G1 X44.526 Y32.157 E1018.5804
G1 X46.562 Y31.194 E1018.7115
G1 X47.126 Y31.194 E1018.74432
G1 X47.126 Y50.794 E1019.88515
G1 X7.526 Y50.794 E1022.19007
G1 X7.526 Y31.194 E1023.3309
G1 X8.09 Y31.194 E1023.36372
G1 X10.126 Y32.157 E1023.49482
G1 X10.126 Y48.194 E1024.42826
G0 F1800 X11.126 Y48.194
G0 X11.126 Y48.994
G1 F1500 E1017.92826
G0 F1800 X12.534 Y50.354
G0 X12.534 Y51.659
G0 X6.673 Y51.647
G0 X6.673 Y30.341
G0 X8.284 Y30.33
G0 X10.3 Y31.315
G0 X15.399 Y33.809
G0 X15.022 Y35.059
G0 X12.533 Y46.232
;TYPE:FILL
G1 F1500 E1024.42826
G1 F1200 X11.585 Y45.285 E1024.50625
G1 X11.515 Y45.215
G0 F1800 X11.526 Y45.215
G0 X11.585 Y40.264
G1 F1200 X17.553 Y46.232 E1024.9975
G1 X17.623 Y46.302
G0 F1800 X17.623 Y46.294
G0 X22.574 Y46.232
G1 F1200 X11.585 Y35.244 E1025.90202
G1 X11.515 Y35.174
G0 F1800 X11.526 Y35.174
G0 X18.194 Y36.832
G1 F1200 X27.594 Y46.232 E1026.67577
G1 X27.664 Y46.302
G0 F1800 X27.664 Y46.294
G0 X32.615 Y46.232
G1 F1200 X24.042 Y37.659 E1027.38146
G1 X23.972 Y37.589
G0 F1800 X29.135 Y37.732
G1 F1200 X37.635 Y46.232 E1028.08113
G1 X37.705 Y46.302
G0 F1800 X37.705 Y46.294
G0 X42.656 Y46.232
G1 F1200 X33.719 Y37.295 E1028.81678
G1 X33.649 Y37.225
G0 F1800 X37.912 Y36.468
G1 F1200 X43.065 Y41.621 E1029.24094
G1 X43.135 Y41.691
G0 F1800 X43.126 Y41.691
G0 X43.065 Y36.601
G1 F1200 X41.78 Y35.315 E1029.34676
G1 X41.71 Y35.245
G0 F1800 X31.48 Y36.68
G0 X27.742 Y36.863
G0 X23.166 Y36.74
G0 X23.175 Y36.641
;TYPE:WALL-INNER
G1 F1200 X27.326 Y36.844 E1029.58866
G1 X31.477 Y36.641 E1029.83056
G1 X35.588 Y36.031 E1030.07246
G1 X39.62 Y35.021 E1030.31439
G1 X42.96 Y33.826 E1030.52087
G1 X43.226 Y33.731 E1030.53731
G1 X43.226 Y34.013 E1030.54701
G1 X43.226 Y34.014 E1030.54707
G1 X43.226 Y46.394 E1031.26765
G1 X11.426 Y46.394 E1033.11858
G1 X11.426 Y34.014 E1033.83916
G1 X11.426 Y34.013 E1033.83922
G1 X11.426 Y33.731 E1033.85563
G1 X11.692 Y33.826 E1033.86535
G1 X15.033 Y35.021 E1034.07188
G1 X19.064 Y36.031 E1034.31376
G1 X23.175 Y36.641 E1034.55566
G0 F1800 X23.166 Y36.74
G0 X19.057 Y36.07
G0 X15.426 Y35.161
G0 X11.483 Y33.812
G0 X11.272 Y33.251
;TYPE:WALL-OUTER
G1 F600 X11.374 Y33.287 E1034.56196
G1 X15.149 Y34.638 E1034.79533
G1 X19.142 Y35.638 E1035.03492
G1 X23.214 Y36.242 E1035.27453
G1 X27.326 Y36.444 E1035.51415
G1 X31.438 Y36.242 E1035.75378
G1 X35.51 Y35.638 E1035.99339
G1 X39.504 Y34.638 E1036.23304
G1 X43.278 Y33.287 E1036.46635
G1 X43.38 Y33.251 E1036.47265
G1 X43.626 Y33.135 E1036.48848
G1 X43.626 Y33.251
G1 X43.626 Y33.36 E1036.49383
G1 X43.626 Y46.794 E1037.27576
G1 X11.026 Y46.794 E1039.17325
G1 X11.026 Y33.36 E1039.95518
G1 X11.026 Y33.251 E1039.96053
G1 X11.026 Y33.135 E1039.96729
G1 X11.272 Y33.251 E1039.97075
G0 F1800 X11.374 Y33.287
G0 X12.213 Y33.587
G0 X12.044 Y34.058
G0 X11.816 Y34.285
;TYPE:SKIN
G1 F600 X14.92 Y35.395 E1040.16262
G1 X18.988 Y36.414 E1040.40672
G1 X23.136 Y37.029 E1040.65079
G1 X27.326 Y37.234 E1040.89496
G1 X31.516 Y37.029 E1041.13913
G1 X35.664 Y36.414 E1041.38321
G1 X39.733 Y35.395 E1041.62736
G1 X42.836 Y34.285 E1041.81918
G1 X42.836 Y34.99 E1041.86021
G1 X40.065 Y35.982 E1042.03152
G1 X35.89 Y37.028 E1042.28204
G1 X31.599 Y37.66 E1042.53449
G1 X27.326 Y37.873 E1042.78351
G1 X23.052 Y37.661 E1043.03259
G1 X18.762 Y37.028 E1043.28499
G1 X14.588 Y35.982 E1043.53545
G1 X11.816 Y34.99 E1043.70682
G1 X11.816 Y34.285 E1043.74785
G0 F1800 X12.183 Y34.81
G1 F600 X12.998 Y35.06 E1043.78395
G1 X13.879 Y35.375 E1043.82534
G1 X14.732 Y35.662 E1043.8645
G1 X15.513 Y35.878 E1043.89928
G1 X16.268 Y36.066 E1043.93211
G1 X17.022 Y36.255 E1043.96491
G1 X17.777 Y36.445 E1043.99766
G1 X18.532 Y36.634 E1044.03061
G1 X19.236 Y36.772 E1044.06068
G1 X19.9 Y36.871 E1044.08793
G1 X20.564 Y36.969 E1044.11518
G1 X21.228 Y37.067 E1044.14243
G1 X21.892 Y37.165 E1044.16958
G1 X22.555 Y37.263 E1044.1966
G1 X23.203 Y37.346 E1044.22217
G1 X23.801 Y37.378 E1044.24622
G1 X24.397 Y37.408 E1044.27001
G1 X24.992 Y37.437 E1044.29385
G1 X25.587 Y37.466 E1044.31769
G1 X26.182 Y37.496 E1044.34161
G1 X26.777 Y37.525 E1044.36562
G1 X27.363 Y37.546 E1044.38883
G1 X27.907 Y37.523 E1044.41102
G1 X28.446 Y37.497 E1044.43269
G1 X28.984 Y37.469 E1044.45433
G1 X29.524 Y37.443 E1044.47588
G1 X30.063 Y37.417 E1044.4974
G1 X30.601 Y37.39 E1044.51895
G1 X31.14 Y37.363 E1044.54047
G1 X31.669 Y37.326 E1044.56115
G1 X32.162 Y37.253 E1044.58109
G1 X32.655 Y37.18 E1044.60111
G1 X33.148 Y37.107 E1044.62112
G1 X33.64 Y37.035 E1044.64109
G1 X34.133 Y36.962 E1044.66118
G1 X34.626 Y36.889 E1044.68134
G1 X35.119 Y36.816 E1044.70157
G1 X35.612 Y36.744 E1044.7218
G1 X36.078 Y36.643 E1044.74178
G1 X36.53 Y36.53 E1044.76145
G1 X36.983 Y36.417 E1044.78115
G1 X37.435 Y36.304 E1044.80074
G1 X37.887 Y36.19 E1044.82034
G1 X38.34 Y36.077 E1044.84005
G1 X38.792 Y35.964 E1044.85971
G1 X39.245 Y35.851 E1044.87941
G1 X39.697 Y35.738 E1044.89907
G1 X40.13 Y35.605 E1044.91871
G1 X40.547 Y35.455 E1044.93831
G1 X40.963 Y35.307 E1044.95785
G1 X41.38 Y35.157 E1044.97739
G1 X41.796 Y35.008 E1044.99687
G1 X42.213 Y34.859 E1045.01639
G1 X42.583 Y34.663 E1045.03205
G0 F1800 X42.511 Y34.592
G0 X24.903 Y41.267
G0 X13.534 Y34.653
;TIME_ELAPSED:1779.876960
;LAYER:19
G0 X13.534 Y34.653 Z6.95
;TYPE:FILL
G1 F1200 X11.585 Y36.601 E1045.19244
G1 X11.515 Y36.671
G0 F1800 X11.526 Y36.671
G0 X11.585 Y41.622
G1 F1200 X17.424 Y35.783 E1045.67308
G1 X17.494 Y35.713
G0 F1800 X17.487 Y35.739
G0 X21.653 Y36.575
G1 F1200 X11.995 Y46.233 E1046.46807
G1 X11.925 Y46.303
G0 F1800 X11.925 Y46.294
G0 X17.015 Y46.233
G1 F1200 X26.297 Y36.951 E1047.23212
G1 X26.367 Y36.881
G0 F1800 X26.367 Y36.895
G0 X31.469 Y36.799
G1 F1200 X22.036 Y46.233 E1048.00863
G1 X21.966 Y46.303
G0 F1800 X21.966 Y46.294
G0 X27.056 Y46.233
G1 F1200 X37.599 Y35.69 E1048.87647
G1 X37.669 Y35.62
G0 F1800 X43.065 Y35.245
G1 F1200 X32.077 Y46.233 E1049.78095
G1 X32.007 Y46.303
G0 F1800 X32.007 Y46.294
G0 X37.097 Y46.233
G1 F1200 X43.065 Y40.265 E1050.2722
G1 X43.135 Y40.195
G0 F1800 X43.126 Y40.195
G0 X43.065 Y45.285
G1 F1200 X42.118 Y46.233 E1050.35019
G1 X42.048 Y46.303
G0 F1800 X42.048 Y46.294
G0 X27.326 Y36.944
G0 X27.326 Y36.844
;TYPE:WALL-INNER
G1 F1200 X31.477 Y36.641 E1050.59209
G1 X35.588 Y36.031 E1050.83399
G1 X39.62 Y35.021 E1051.07593
G1 X42.96 Y33.826 E1051.2824
G1 X43.226 Y33.731 E1051.29884
G1 X43.226 Y34.013 E1051.30855
G1 X43.226 Y34.014 E1051.30861
G1 X43.226 Y46.394 E1052.02919
G1 X11.426 Y46.394 E1053.88011
G1 X11.426 Y34.014 E1054.60069
G1 X11.426 Y34.013 E1054.60075
G1 X11.426 Y33.731 E1054.61717
G1 X11.692 Y33.826 E1054.62689
G1 X15.033 Y35.021 E1054.83342
G1 X19.064 Y36.031 E1055.07529
G1 X23.13 Y36.635 E1055.31455
G1 X27.326 Y36.844 E1055.55909
G0 F1800 X27.326 Y36.944
G0 X23.127 Y36.674
G0 X19.057 Y36.07
G0 X15.426 Y35.161
G0 X11.483 Y33.812
G0 X11.272 Y33.251
;TYPE:WALL-OUTER
G1 F600 X11.374 Y33.287 E1055.56538
G1 X15.149 Y34.638 E1055.79875
G1 X19.142 Y35.638 E1056.03835
G1 X23.169 Y36.236 E1056.27531
G1 X27.326 Y36.444 E1056.51757
G1 X31.438 Y36.242 E1056.7572
G1 X35.51 Y35.638 E1056.9968
G1 X39.504 Y34.638 E1057.23645
G1 X43.278 Y33.287 E1057.46977
G1 X43.38 Y33.251 E1057.47606
G1 X43.626 Y33.135 E1057.49189
G1 X43.626 Y33.251
G1 X43.626 Y33.36 E1057.49725
G1 X43.626 Y46.794 E1058.27918
G1 X11.026 Y46.794 E1060.17667
G1 X11.026 Y33.36 E1060.9586
G1 X11.026 Y33.251 E1060.96395
G1 X11.026 Y33.135 E1060.9707
G1 X11.272 Y33.251 E1060.97416
G0 F1800 X11.374 Y33.287
G0 X12.213 Y33.587
G0 X11.943 Y34.34
G1 F1500 E1054.47416
G0 F1800 X11.437 Y33.747
G0 X9.693 Y32.432
G0 X9.565 Y33.601
;TYPE:FILL
G1 F1500 E1060.97416
G1 F1200 X8.085 Y35.081 E1061.09599
G1 X8.015 Y35.151
G0 F1800 X8.026 Y35.151
G0 X9.565 Y38.622
G1 F1200 X8.085 Y40.102 E1061.21781
G1 X8.015 Y40.172
G0 F1800 X8.026 Y40.172
G0 X9.565 Y43.642
G1 F1200 X8.085 Y45.122 E1061.33964
G1 X8.015 Y45.192
G0 F1800 X8.026 Y45.192
G0 X9.565 Y48.663
G1 F1200 X8.085 Y50.143 E1061.46147
G1 X8.015 Y50.213
G0 F1800 X8.026 Y50.213
G0 X13.015 Y50.233
G1 F1200 X14.496 Y48.752 E1061.58337
G1 X14.566 Y48.682
G0 F1800 X14.566 Y48.694
G0 X18.036 Y50.233
G1 F1200 X19.516 Y48.752 E1061.70524
G1 X19.586 Y48.682
G0 F1800 X19.586 Y48.694
G0 X23.056 Y50.233
G1 F1200 X24.537 Y48.752 E1061.82715
G1 X24.607 Y48.682
G0 F1800 X24.607 Y48.694
G0 X28.077 Y50.233
G1 F1200 X29.557 Y48.752 E1061.94901
G1 X29.627 Y48.682
G0 F1800 X29.627 Y48.694
G0 X33.097 Y50.233
G1 F1200 X34.578 Y48.752 E1062.07092
G1 X34.648 Y48.682
G0 F1800 X34.648 Y48.694
G0 X38.118 Y50.233
G1 F1200 X39.598 Y48.752 E1062.19279
G1 X39.668 Y48.682
G0 F1800 X39.668 Y48.694
G0 X43.138 Y50.233
G1 F1200 X44.619 Y48.752 E1062.3147
G1 X44.689 Y48.682
G0 F1800 X45.085 Y48.286
G1 F1200 X46.565 Y46.806 E1062.43652
G1 X46.635 Y46.736
G0 F1800 X46.626 Y46.736
G0 X45.085 Y43.265
G1 F1200 X46.565 Y41.786 E1062.55831
G1 X46.635 Y41.716
G0 F1800 X46.626 Y41.716
G0 X45.085 Y38.245
G1 F1200 X46.565 Y36.766 E1062.68009
G1 X46.635 Y36.696
G0 F1800 X46.626 Y36.696
G0 X45.085 Y33.224
G1 F1200 X46.436 Y31.874 E1062.79126
G1 X46.506 Y31.804
G0 F1800 X44.954 Y48.622
G0 X9.656 Y48.664
G0 X9.726 Y48.594
;TYPE:WALL-INNER
G1 F1200 X44.926 Y48.594 E1064.84008
G1 X44.926 Y32.411 E1065.78202
G1 X46.42 Y31.704 E1065.87822
G1 X46.653 Y31.594 E1065.89322
G1 X46.726 Y31.594 E1065.89747
G1 X46.726 Y31.852 E1065.90731
G1 X46.726 Y50.394 E1066.98655
G1 X7.926 Y50.394 E1069.24492
G1 X7.926 Y31.852 E1070.32416
G1 X7.926 Y31.594 E1070.33917
G1 X7.999 Y31.594 E1070.34342
G1 X8.232 Y31.704 E1070.35323
G1 X9.726 Y32.411 E1070.44944
G1 X9.726 Y48.594 E1071.39137
G0 F1800 X10.126 Y48.194
;TYPE:WALL-OUTER
G1 F600 X44.526 Y48.194 E1073.39363
G1 X44.526 Y32.157 E1074.32707
G1 X46.562 Y31.194 E1074.45816
G1 X47.126 Y31.194 E1074.49099
G1 X47.126 Y50.794 E1075.63181
G1 X7.526 Y50.794 E1077.93674
G1 X7.526 Y31.194 E1079.07756
G1 X8.09 Y31.194 E1079.11039
G1 X10.126 Y32.157 E1079.24148
G1 X10.126 Y48.194 E1080.17492
G0 F1800 X11.126 Y48.194
G0 X11.126 Y48.994
G1 F1500 E1073.67492
G0 F1800 X10.397 Y50.354
G0 X10.397 Y51.659
G0 X6.673 Y51.647
G0 X6.673 Y30.341
G0 X8.284 Y30.33
G0 X10.984 Y31.613
G0 X11.85 Y32.54
G0 X11.449 Y33.763
G0 X11.585 Y35.244
;TIME_ELAPSED:1830.528166
;LAYER:20
G0 X11.585 Y35.244 Z7.3
;TYPE:FILL
G1 F1500 E1080.17492
G1 F1200 X22.574 Y46.232 E1081.07944
G1 X22.644 Y46.302
G0 F1800 X22.644 Y46.294
G0 X27.594 Y46.232
G1 F1200 X17.053 Y35.691 E1081.94711
G1 X16.983 Y35.621
G0 F1800 X18.158 Y35.875
G0 X23.178 Y36.796
G1 F1200 X32.615 Y46.232 E1082.72388
G1 X32.685 Y46.302
G0 F1800 X32.685 Y46.294
G0 X37.635 Y46.232
G1 F1200 X28.356 Y36.953 E1083.48767
G1 X28.286 Y36.883
G0 F1800 X28.286 Y36.897
G0 X32.999 Y36.575
G1 F1200 X42.656 Y46.232 E1084.28259
G1 X42.726 Y46.302
G0 F1800 X42.726 Y46.294
G0 X43.065 Y41.621
G1 F1200 X37.228 Y35.784 E1084.76306
G1 X37.158 Y35.714
G0 F1800 X37.164 Y35.74
G0 X41.118 Y34.654
G1 F1200 X43.065 Y36.601 E1084.92332
G1 X43.135 Y36.671
G0 F1800 X43.126 Y36.671
G0 X17.553 Y46.232
G1 F1200 X11.585 Y40.264 E1085.41458
G1 X11.515 Y40.194
G0 F1800 X11.526 Y40.194
G0 X11.585 Y45.285
G1 F1200 X12.533 Y46.232 E1085.49257
G1 X12.603 Y46.302
G0 F1800 X12.603 Y46.294
G0 X27.326 Y36.944
G0 X27.326 Y36.844
;TYPE:WALL-INNER
G1 F1200 X31.477 Y36.641 E1085.73447
G1 X35.588 Y36.031 E1085.97637
G1 X39.62 Y35.021 E1086.2183
G1 X42.96 Y33.826 E1086.42478
G1 X43.226 Y33.731 E1086.44122
G1 X43.226 Y34.013 E1086.45092
G1 X43.226 Y34.014 E1086.45098
G1 X43.226 Y46.394 E1087.17156
G1 X11.426 Y46.394 E1089.02249
G1 X11.426 Y34.014 E1089.74307
G1 X11.426 Y34.013 E1089.74313
G1 X11.426 Y33.731 E1089.75954
G1 X11.692 Y33.826 E1089.76926
G1 X15.033 Y35.021 E1089.97579
G1 X19.064 Y36.031 E1090.21767
G1 X23.131 Y36.635 E1090.45699
G1 X27.326 Y36.844 E1090.70146
G0 F1800 X27.326 Y36.944
G0 X23.128 Y36.674
G0 X19.057 Y36.07
G0 X15.426 Y35.161
G0 X11.483 Y33.812
G0 X11.272 Y33.251
;TYPE:WALL-OUTER
G1 F600 X11.374 Y33.287 E1090.70776
G1 X15.149 Y34.638 E1090.94113
G1 X19.142 Y35.638 E1091.18072
G1 X23.17 Y36.236 E1091.41774
G1 X27.326 Y36.444 E1091.65994
G1 X31.438 Y36.242 E1091.89957
G1 X35.51 Y35.638 E1092.13918
G1 X39.504 Y34.638 E1092.37883
G1 X43.278 Y33.287 E1092.61214
G1 X43.38 Y33.251 E1092.61844
G1 X43.626 Y33.135 E1092.63427
G1 X43.626 Y33.251
G1 X43.626 Y33.36 E1092.63962
G1 X43.626 Y46.794 E1093.42155
G1 X11.026 Y46.794 E1095.31904
G1 X11.026 Y33.36 E1096.10097
G1 X11.026 Y33.251 E1096.10632
G1 X11.026 Y33.135 E1096.11308
G1 X11.272 Y33.251 E1096.11654
G0 F1800 X11.374 Y33.287
G0 X12.213 Y33.587
G0 X11.943 Y34.34
G1 F1500 E1089.61654
G0 F1800 X11.437 Y33.747
G0 X9.693 Y32.432
G0 X9.566 Y33.224
;TYPE:FILL
G1 F1500 E1096.11654
G1 F1200 X8.215 Y31.873 E1096.22774
G1 X8.145 Y31.803
G0 F1800 X8.085 Y36.764
G1 F1200 X9.566 Y38.245 E1096.34965
G1 X9.636 Y38.315
G0 F1800 X9.626 Y38.315
G0 X8.085 Y41.785
G1 F1200 X9.566 Y43.265 E1096.47152
G1 X9.636 Y43.335
G0 F1800 X9.626 Y43.335
G0 X8.085 Y46.805
G1 F1200 X9.566 Y48.286 E1096.59343
G1 X9.636 Y48.356
G0 F1800 X10.033 Y48.753
G1 F1200 X11.513 Y50.232 E1096.71521
G1 X11.583 Y50.302
G0 F1800 X11.583 Y50.294
G0 X15.054 Y48.753
G1 F1200 X16.533 Y50.232 E1096.83696
G1 X16.603 Y50.302
G0 F1800 X16.603 Y50.294
G0 X20.074 Y48.753
G1 F1200 X21.554 Y50.232 E1096.95874
G1 X21.624 Y50.302
G0 F1800 X21.624 Y50.294
G0 X25.095 Y48.753
G1 F1200 X26.574 Y50.232 E1097.08048
G1 X26.644 Y50.302
G0 F1800 X26.644 Y50.294
G0 X30.115 Y48.753
G1 F1200 X31.594 Y50.232 E1097.20223
G1 X31.664 Y50.302
G0 F1800 X31.664 Y50.294
G0 X35.136 Y48.753
G1 F1200 X36.615 Y50.232 E1097.32397
G1 X36.685 Y50.302
G0 F1800 X36.685 Y50.294
G0 X40.156 Y48.753
G1 F1200 X41.635 Y50.232 E1097.44571
G1 X41.705 Y50.302
G0 F1800 X41.705 Y50.294
G0 X45.085 Y48.661
G1 F1200 X46.565 Y50.142 E1097.56758
G1 X46.635 Y50.212
G0 F1800 X46.626 Y50.212
G0 X46.565 Y45.121
G1 F1200 X45.085 Y43.641 E1097.68941
G1 X45.015 Y43.571
G0 F1800 X45.026 Y43.571
G0 X46.565 Y40.101
G1 F1200 X45.085 Y38.62 E1097.81127
G1 X45.015 Y38.55
G0 F1800 X45.026 Y38.55
G0 X46.565 Y35.08
G1 F1200 X45.085 Y33.6 E1097.9331
G1 X45.015 Y33.53
G0 F1800 X45.026 Y33.53
G0 X44.954 Y48.622
G0 X9.656 Y48.664
G0 X9.726 Y48.594
;TYPE:WALL-INNER
G1 F1200 X44.926 Y48.594 E1099.98192
G1 X44.926 Y32.411 E1100.92386
G1 X46.42 Y31.704 E1101.02006
G1 X46.653 Y31.594 E1101.03506
G1 X46.726 Y31.594 E1101.03931
G1 X46.726 Y31.852 E1101.04915
G1 X46.726 Y50.394 E1102.12839
G1 X7.926 Y50.394 E1104.38675
G1 X7.926 Y31.852 E1105.466
G1 X7.926 Y31.594 E1105.48101
G1 X7.999 Y31.594 E1105.48526
G1 X8.232 Y31.704 E1105.49507
G1 X9.726 Y32.411 E1105.59128
G1 X9.726 Y48.594 E1106.53321
G0 F1800 X10.126 Y48.194
;TYPE:WALL-OUTER
G1 F600 X44.526 Y48.194 E1108.53547
G1 X44.526 Y32.157 E1109.46891
G1 X46.562 Y31.194 E1109.6
G1 X47.126 Y31.194 E1109.63283
G1 X47.126 Y50.794 E1110.77365
G1 X7.526 Y50.794 E1113.07858
G1 X7.526 Y31.194 E1114.2194
G1 X8.09 Y31.194 E1114.25223
G1 X10.126 Y32.157 E1114.38332
G1 X10.126 Y48.194 E1115.31676
G0 F1800 X11.126 Y48.194
G0 X11.126 Y48.994
G1 F1500 E1108.81676
G0 F1800 X12.534 Y50.354
G0 X12.534 Y51.659
G0 X6.673 Y51.647
G0 X6.673 Y30.341
G0 X8.284 Y30.33
G0 X10.3 Y31.315
G0 X15.399 Y33.809
G0 X15.022 Y35.059
G0 X13.534 Y34.653
;TIME_ELAPSED:1882.352850
;LAYER:21
G0 X13.534 Y34.653 Z7.65
;TYPE:FILL
G1 F1500 E1115.31676
G1 F1200 X11.585 Y36.601 E1115.47715
G1 X11.515 Y36.671
G0 F1800 X11.526 Y36.671
G0 X11.585 Y41.622
G1 F1200 X17.424 Y35.783 E1115.95779
G1 X17.494 Y35.713
G0 F1800 X17.487 Y35.739
G0 X21.653 Y36.575
G1 F1200 X11.995 Y46.233 E1116.75278
G1 X11.925 Y46.303
G0 F1800 X11.925 Y46.294
G0 X17.015 Y46.233
G1 F1200 X26.297 Y36.951 E1117.51682
G1 X26.367 Y36.881
G0 F1800 X26.367 Y36.895
G0 X31.469 Y36.799
G1 F1200 X22.036 Y46.233 E1118.29334
G1 X21.966 Y46.303
G0 F1800 X21.966 Y46.294
G0 X27.056 Y46.233
G1 F1200 X37.599 Y35.69 E1119.16118
G1 X37.669 Y35.62
G0 F1800 X43.065 Y35.245
G1 F1200 X32.077 Y46.233 E1120.06566
G1 X32.007 Y46.303
G0 F1800 X32.007 Y46.294
G0 X37.097 Y46.233
G1 F1200 X43.065 Y40.265 E1120.55691
G1 X43.135 Y40.195
G0 F1800 X43.126 Y40.195
G0 X43.065 Y45.285
G1 F1200 X42.118 Y46.233 E1120.6349
G1 X42.048 Y46.303
G0 F1800 X42.048 Y46.294
G0 X27.326 Y36.944
G0 X27.326 Y36.844
;TYPE:WALL-INNER
G1 F1200 X31.477 Y36.641 E1120.8768
G1 X35.588 Y36.031 E1121.1187
G1 X39.62 Y35.021 E1121.36064
G1 X42.96 Y33.826 E1121.56711
G1 X43.226 Y33.731 E1121.58355
G1 X43.226 Y34.013 E1121.59326
G1 X43.226 Y34.014 E1121.59332
G1 X43.226 Y46.394 E1122.3139
G1 X11.426 Y46.394 E1124.16482
G1 X11.426 Y34.014 E1124.8854
G1 X11.426 Y34.013 E1124.88546
G1 X11.426 Y33.731 E1124.90188
G1 X11.692 Y33.826 E1124.9116
G1 X15.033 Y35.021 E1125.11813
G1 X19.064 Y36.031 E1125.36
G1 X23.132 Y36.635 E1125.59938
G1 X27.326 Y36.844 E1125.84379
G0 F1800 X27.326 Y36.944
G0 X23.129 Y36.674
G0 X19.057 Y36.07
G0 X15.426 Y35.161
G0 X11.483 Y33.812
G0 X11.272 Y33.251
;TYPE:WALL-OUTER
G1 F600 X11.374 Y33.287 E1125.85009
G1 X15.149 Y34.638 E1126.08346
G1 X19.142 Y35.638 E1126.32305
G1 X23.171 Y36.236 E1126.56013
G1 X27.326 Y36.444 E1126.80228
G1 X31.438 Y36.242 E1127.04191
G1 X35.51 Y35.638 E1127.28151
G1 X39.504 Y34.638 E1127.52116
G1 X43.278 Y33.287 E1127.75448
G1 X43.38 Y33.251 E1127.76077
G1 X43.626 Y33.135 E1127.7766
G1 X43.626 Y33.251
G1 X43.626 Y33.36 E1127.78195
G1 X43.626 Y46.794 E1128.56388
G1 X11.026 Y46.794 E1130.46137
G1 X11.026 Y33.36 E1131.2433
G1 X11.026 Y33.251 E1131.24866
G1 X11.026 Y33.135 E1131.25541
G1 X11.272 Y33.251 E1131.25887
G0 F1800 X11.374 Y33.287
G0 X12.213 Y33.587
G0 X11.943 Y34.34
G1 F1500 E1124.75887
G0 F1800 X11.437 Y33.747
G0 X9.693 Y32.432
G0 X9.565 Y33.601
;TYPE:FILL
G1 F1500 E1131.25887
G1 F1200 X8.085 Y35.081 E1131.3807
G1 X8.015 Y35.151
G0 F1800 X8.026 Y35.151
G0 X9.565 Y38.622
G1 F1200 X8.085 Y40.102 E1131.50252
G1 X8.015 Y40.172
G0 F1800 X8.026 Y40.172
G0 X9.565 Y43.642
G1 F1200 X8.085 Y45.122 E1131.62435
G1 X8.015 Y45.192
G0 F1800 X8.026 Y45.192
G0 X9.565 Y48.663
G1 F1200 X8.085 Y50.143 E1131.74617
G1 X8.015 Y50.213
G0 F1800 X8.026 Y50.213
G0 X13.015 Y50.233
G1 F1200 X14.496 Y48.752 E1131.86808
G1 X14.566 Y48.682
G0 F1800 X14.566 Y48.694
G0 X18.036 Y50.233
G1 F1200 X19.516 Y48.752 E1131.98995
G1 X19.586 Y48.682
G0 F1800 X19.586 Y48.694
G0 X23.056 Y50.233
G1 F1200 X24.537 Y48.752 E1132.11186
G1 X24.607 Y48.682
G0 F1800 X24.607 Y48.694
G0 X28.077 Y50.233
G1 F1200 X29.557 Y48.752 E1132.23372
G1 X29.627 Y48.682
G0 F1800 X29.627 Y48.694
G0 X33.097 Y50.233
G1 F1200 X34.578 Y48.752 E1132.35563
G1 X34.648 Y48.682
G0 F1800 X34.648 Y48.694
G0 X38.118 Y50.233
G1 F1200 X39.598 Y48.752 E1132.4775
G1 X39.668 Y48.682
G0 F1800 X39.668 Y48.694
G0 X43.138 Y50.233
G1 F1200 X44.619 Y48.752 E1132.5994
G1 X44.689 Y48.682
G0 F1800 X45.085 Y48.286
G1 F1200 X46.565 Y46.806 E1132.72123
G1 X46.635 Y46.736
G0 F1800 X46.626 Y46.736
G0 X45.085 Y43.265
G1 F1200 X46.565 Y41.786 E1132.84302
G1 X46.635 Y41.716
G0 F1800 X46.626 Y41.716
G0 X45.085 Y38.245
G1 F1200 X46.565 Y36.766 E1132.9648
G1 X46.635 Y36.696
G0 F1800 X46.626 Y36.696
G0 X45.085 Y33.224
G1 F1200 X46.436 Y31.874 E1133.07597
G1 X46.506 Y31.804
G0 F1800 X44.954 Y48.622
G0 X9.656 Y48.664
G0 X9.726 Y48.594
;TYPE:WALL-INNER
G1 F1200 X44.926 Y48.594 E1135.12479
G1 X44.926 Y32.411 E1136.06673
G1 X46.42 Y31.704 E1136.16293
G1 X46.653 Y31.594 E1136.17793
G1 X46.726 Y31.594 E1136.18218
G1 X46.726 Y31.852 E1136.19202
G1 X46.726 Y50.394 E1137.27126
G1 X7.926 Y50.394 E1139.52962
G1 X7.926 Y31.852 E1140.60886
G1 X7.926 Y31.594 E1140.62388
G1 X7.999 Y31.594 E1140.62813
G1 X8.232 Y31.704 E1140.63794
G1 X9.726 Y32.411 E1140.73414
G1 X9.726 Y48.594 E1141.67608
G0 F1800 X10.126 Y48.194
;TYPE:WALL-OUTER
G1 F600 X44.526 Y48.194 E1143.67834
G1 X44.526 Y32.157 E1144.61178
G1 X46.562 Y31.194 E1144.74287
G1 X47.126 Y31.194 E1144.7757
G1 X47.126 Y50.794 E1145.91652
G1 X7.526 Y50.794 E1148.22145
G1 X7.526 Y31.194 E1149.36227
G1 X8.09 Y31.194 E1149.3951
G1 X10.126 Y32.157 E1149.52619
G1 X10.126 Y48.194 E1150.45963
G0 F1800 X11.126 Y48.194
G0 X11.126 Y48.994
G1 F1500 E1143.95963
G0 F1800 X10.397 Y50.354
G0 X10.397 Y51.659
G0 X6.673 Y51.647
G0 X6.673 Y30.341
G0 X8.284 Y30.33
G0 X10.984 Y31.613
G0 X11.85 Y32.54
G0 X11.449 Y33.763
G0 X11.585 Y35.244
;TIME_ELAPSED:1933.265747
;LAYER:22
G0 X11.585 Y35.244 Z8
;TYPE:FILL
G1 F1500 E1150.45963
G1 F1200 X22.574 Y46.232 E1151.36414
G1 X22.644 Y46.302
G0 F1800 X22.644 Y46.294
G0 X27.594 Y46.232
G1 F1200 X17.053 Y35.691 E1152.23182
G1 X16.983 Y35.621
G0 F1800 X18.158 Y35.875
G0 X23.179 Y36.797
G1 F1200 X32.615 Y46.232 E1153.0085
G1 X32.685 Y46.302
G0 F1800 X32.685 Y46.294
G0 X37.635 Y46.232
G1 F1200 X28.356 Y36.953 E1153.7723
G1 X28.286 Y36.883
G0 F1800 X28.286 Y36.897
G0 X32.999 Y36.575
G1 F1200 X42.656 Y46.232 E1154.56721
G1 X42.726 Y46.302
G0 F1800 X42.726 Y46.294
G0 X43.065 Y41.621
G1 F1200 X37.228 Y35.784 E1155.04768
G1 X37.158 Y35.714
G0 F1800 X37.164 Y35.74
G0 X41.118 Y34.654
G1 F1200 X43.065 Y36.601 E1155.20795
G1 X43.135 Y36.671
G0 F1800 X43.126 Y36.671
G0 X17.553 Y46.232
G1 F1200 X11.585 Y40.264 E1155.6992
G1 X11.515 Y40.194
G0 F1800 X11.526 Y40.194
G0 X11.585 Y45.285
G1 F1200 X12.533 Y46.232 E1155.77719
G1 X12.603 Y46.302
G0 F1800 X12.603 Y46.294
G0 X27.326 Y36.944
G0 X27.326 Y36.844
;TYPE:WALL-INNER
G1 F1200 X31.477 Y36.641 E1156.01909
G1 X35.588 Y36.031 E1156.26099
G1 X39.62 Y35.021 E1156.50293
G1 X42.96 Y33.826 E1156.7094
G1 X43.226 Y33.731 E1156.72584
G1 X43.226 Y34.013 E1156.73555
G1 X43.226 Y34.014 E1156.73561
G1 X43.226 Y46.394 E1157.45619
G1 X11.426 Y46.394 E1159.30711
G1 X11.426 Y34.014 E1160.0277
G1 X11.426 Y34.013 E1160.02775
G1 X11.426 Y33.731 E1160.04417
G1 X11.692 Y33.826 E1160.05389
G1 X15.033 Y35.021 E1160.26042
G1 X19.064 Y36.031 E1160.5023
G1 X23.133 Y36.635 E1160.74173
G1 X27.326 Y36.844 E1160.98609
G0 F1800 X27.326 Y36.944
G0 X23.13 Y36.674
G0 X19.057 Y36.07
G0 X15.426 Y35.161
G0 X11.483 Y33.812
G0 X11.272 Y33.251
;TYPE:WALL-OUTER
G1 F600 X11.374 Y33.287 E1160.99238
G1 X15.149 Y34.638 E1161.22575
G1 X19.142 Y35.638 E1161.46534
G1 X23.172 Y36.236 E1161.70248
G1 X27.326 Y36.444 E1161.94457
G1 X31.438 Y36.242 E1162.1842
G1 X35.51 Y35.638 E1162.4238
G1 X39.504 Y34.638 E1162.66345
G1 X43.278 Y33.287 E1162.89677
G1 X43.38 Y33.251 E1162.90306
G1 X43.626 Y33.135 E1162.91889
G1 X43.626 Y33.251
G1 X43.626 Y33.36 E1162.92424
G1 X43.626 Y46.794 E1163.70617
G1 X11.026 Y46.794 E1165.60366
G1 X11.026 Y33.36 E1166.38559
G1 X11.026 Y33.251 E1166.39095
G1 X11.026 Y33.135 E1166.3977
G1 X11.272 Y33.251 E1166.40116
G0 F1800 X11.374 Y33.287
G0 X12.213 Y33.587
G0 X11.943 Y34.34
G1 F1500 E1159.90116
G0 F1800 X11.437 Y33.747
G0 X9.693 Y32.432
G0 X9.566 Y33.224
;TYPE:FILL
G1 F1500 E1166.40116
G1 F1200 X8.215 Y31.873 E1166.51237
G1 X8.145 Y31.803
G0 F1800 X8.085 Y36.764
G1 F1200 X9.566 Y38.245 E1166.63428
G1 X9.636 Y38.315
G0 F1800 X9.626 Y38.315
G0 X8.085 Y41.785
G1 F1200 X9.566 Y43.265 E1166.75614
G1 X9.636 Y43.335
G0 F1800 X9.626 Y43.335
G0 X8.085 Y46.805
G1 F1200 X9.566 Y48.286 E1166.87805
G1 X9.636 Y48.356
G0 F1800 X10.033 Y48.753
G1 F1200 X11.513 Y50.232 E1166.99983
G1 X11.583 Y50.302
G0 F1800 X11.583 Y50.294
G0 X15.054 Y48.753
G1 F1200 X16.533 Y50.232 E1167.12158
G1 X16.603 Y50.302
G0 F1800 X16.603 Y50.294
G0 X20.074 Y48.753
G1 F1200 X21.554 Y50.232 E1167.24336
G1 X21.624 Y50.302
G0 F1800 X21.624 Y50.294
G0 X25.095 Y48.753
G1 F1200 X26.574 Y50.232 E1167.36511
G1 X26.644 Y50.302
G0 F1800 X26.644 Y50.294
G0 X30.115 Y48.753
G1 F1200 X31.594 Y50.232 E1167.48685
G1 X31.664 Y50.302
G0 F1800 X31.664 Y50.294
G0 X35.136 Y48.753
G1 F1200 X36.615 Y50.232 E1167.60859
G1 X36.685 Y50.302
G0 F1800 X36.685 Y50.294
G0 X40.156 Y48.753
G1 F1200 X41.635 Y50.232 E1167.73034
G1 X41.705 Y50.302
G0 F1800 X41.705 Y50.294
G0 X45.085 Y48.661
G1 F1200 X46.565 Y50.142 E1167.8522
G1 X46.635 Y50.212
G0 F1800 X46.626 Y50.212
G0 X46.565 Y45.121
G1 F1200 X45.085 Y43.641 E1167.97403
G1 X45.015 Y43.571
G0 F1800 X45.026 Y43.571
G0 X46.565 Y40.101
G1 F1200 X45.085 Y38.62 E1168.0959
G1 X45.015 Y38.55
G0 F1800 X45.026 Y38.55
G0 X46.565 Y35.08
G1 F1200 X45.085 Y33.6 E1168.21772
G1 X45.015 Y33.53
G0 F1800 X45.026 Y33.53
G0 X44.954 Y48.622
G0 X9.656 Y48.664
G0 X9.726 Y48.594
;TYPE:WALL-INNER
G1 F1200 X44.926 Y48.594 E1170.26655
G1 X44.926 Y32.411 E1171.20848
G1 X46.42 Y31.704 E1171.30468
G1 X46.653 Y31.594 E1171.31968
G1 X46.726 Y31.594 E1171.32393
G1 X46.726 Y31.852 E1171.33377
G1 X46.726 Y50.394 E1172.41301
G1 X7.926 Y50.394 E1174.67138
G1 X7.926 Y31.852 E1175.75062
G1 X7.926 Y31.594 E1175.76564
G1 X7.999 Y31.594 E1175.76989
G1 X8.232 Y31.704 E1175.77969
G1 X9.726 Y32.411 E1175.8759
G1 X9.726 Y48.594 E1176.81783
G0 F1800 X10.126 Y48.194
;TYPE:WALL-OUTER
G1 F600 X44.526 Y48.194 E1178.82009
G1 X44.526 Y32.157 E1179.75353
G1 X46.562 Y31.194 E1179.88462
G1 X47.126 Y31.194 E1179.91745
G1 X47.126 Y50.794 E1181.05827
G1 X7.526 Y50.794 E1183.3632
G1 X7.526 Y31.194 E1184.50402
G1 X8.09 Y31.194 E1184.53685
G1 X10.126 Y32.157 E1184.66795
G1 X10.126 Y48.194 E1185.60138
G0 F1800 X11.126 Y48.194
G0 X11.126 Y48.994
G1 F1500 E1179.10138
G0 F1800 X12.534 Y50.354
G0 X12.534 Y51.659
G0 X6.673 Y51.647
G0 X6.673 Y30.341
G0 X8.284 Y30.33
G0 X10.3 Y31.315
G0 X15.399 Y33.809
G0 X15.022 Y35.059
G0 X13.534 Y34.653
;TIME_ELAPSED:1985.090396
;LAYER:23
G0 X13.534 Y34.653 Z8.35
;TYPE:FILL
G1 F1500 E1185.60138
G1 F1200 X11.585 Y36.601 E1185.76177
G1 X11.515 Y36.671
G0 F1800 X11.526 Y36.671
G0 X11.585 Y41.622
G1 F1200 X17.424 Y35.783 E1186.24241
G1 X17.494 Y35.713
G0 F1800 X17.487 Y35.739
G0 X21.653 Y36.575
G1 F1200 X11.995 Y46.233 E1187.0374
G1 X11.925 Y46.303
G0 F1800 X11.925 Y46.294
G0 X17.015 Y46.233
G1 F1200 X26.297 Y36.951 E1187.80145
G1 X26.367 Y36.881
G0 F1800 X26.367 Y36.895
G0 X31.469 Y36.799
G1 F1200 X22.036 Y46.233 E1188.57796
G1 X21.966 Y46.303
G0 F1800 X21.966 Y46.294
G0 X27.056 Y46.233
G1 F1200 X37.599 Y35.69 E1189.44581
G1 X37.669 Y35.62
G0 F1800 X43.065 Y35.245
G1 F1200 X32.077 Y46.233 E1190.35028
G1 X32.007 Y46.303
G0 F1800 X32.007 Y46.294
G0 X37.097 Y46.233
G1 F1200 X43.065 Y40.265 E1190.84153
G1 X43.135 Y40.195
G0 F1800 X43.126 Y40.195
G0 X43.065 Y45.285
G1 F1200 X42.118 Y46.233 E1190.91953
G1 X42.048 Y46.303
G0 F1800 X42.048 Y46.294
G0 X27.326 Y36.944
G0 X27.326 Y36.844
;TYPE:WALL-INNER
G1 F1200 X31.477 Y36.641 E1191.16142
G1 X35.588 Y36.031 E1191.40333
G1 X39.62 Y35.021 E1191.64526
G1 X42.96 Y33.826 E1191.85173
G1 X43.226 Y33.731 E1191.86817
G1 X43.226 Y34.013 E1191.87788
G1 X43.226 Y34.014 E1191.87794
G1 X43.226 Y46.394 E1192.59852
G1 X11.426 Y46.394 E1194.44945
G1 X11.426 Y34.014 E1195.17003
G1 X11.426 Y34.013 E1195.17009
G1 X11.426 Y33.731 E1195.1865
G1 X11.692 Y33.826 E1195.19622
G1 X15.033 Y35.021 E1195.40275
G1 X19.064 Y36.031 E1195.64463
G1 X23.135 Y36.635 E1195.88417
G1 X27.326 Y36.844 E1196.12842
G0 F1800 X27.326 Y36.944
G0 X23.132 Y36.674
G0 X19.057 Y36.07
G0 X15.426 Y35.161
G0 X11.483 Y33.812
G0 X11.272 Y33.251
;TYPE:WALL-OUTER
G1 F600 X11.374 Y33.287 E1196.13471
G1 X15.149 Y34.638 E1196.36808
G1 X19.142 Y35.638 E1196.60767
G1 X23.174 Y36.236 E1196.84493
G1 X27.326 Y36.444 E1197.0869
G1 X31.438 Y36.242 E1197.32652
G1 X35.51 Y35.638 E1197.56613
G1 X39.504 Y34.638 E1197.80578
G1 X43.278 Y33.287 E1198.03909
G1 X43.38 Y33.251 E1198.04539
G1 X43.626 Y33.135 E1198.06122
G1 X43.626 Y33.251
G1 X43.626 Y33.36 E1198.06657
G1 X43.626 Y46.794 E1198.8485
G1 X11.026 Y46.794 E1200.74599
G1 X11.026 Y33.36 E1201.52792
G1 X11.026 Y33.251 E1201.53328
G1 X11.026 Y33.135 E1201.54003
G1 X11.272 Y33.251 E1201.54349
G0 F1800 X11.374 Y33.287
G0 X12.213 Y33.587
G0 X11.943 Y34.34
G1 F1500 E1195.04349
G0 F1800 X11.437 Y33.747
G0 X9.693 Y32.432
G0 X9.565 Y33.601
;TYPE:FILL
G1 F1500 E1201.54349
G1 F1200 X8.085 Y35.081 E1201.66532
G1 X8.015 Y35.151
G0 F1800 X8.026 Y35.151
G0 X9.565 Y38.622
G1 F1200 X8.085 Y40.102 E1201.78714
G1 X8.015 Y40.172
G0 F1800 X8.026 Y40.172
G0 X9.565 Y43.642
G1 F1200 X8.085 Y45.122 E1201.90897
G1 X8.015 Y45.192
G0 F1800 X8.026 Y45.192
G0 X9.565 Y48.663
G1 F1200 X8.085 Y50.143 E1202.03079
G1 X8.015 Y50.213
G0 F1800 X8.026 Y50.213
G0 X13.015 Y50.233
G1 F1200 X14.496 Y48.752 E1202.1527
G1 X14.566 Y48.682
G0 F1800 X14.566 Y48.694
G0 X18.036 Y50.233
G1 F1200 X19.516 Y48.752 E1202.27457
G1 X19.586 Y48.682
G0 F1800 X19.586 Y48.694
G0 X23.056 Y50.233
G1 F1200 X24.537 Y48.752 E1202.39647
G1 X24.607 Y48.682
G0 F1800 X24.607 Y48.694
G0 X28.077 Y50.233
G1 F1200 X29.557 Y48.752 E1202.51834
G1 X29.627 Y48.682
G0 F1800 X29.627 Y48.694
G0 X33.097 Y50.233
G1 F1200 X34.578 Y48.752 E1202.64025
G1 X34.648 Y48.682
G0 F1800 X34.648 Y48.694
G0 X38.118 Y50.233
G1 F1200 X39.598 Y48.752 E1202.76212
G1 X39.668 Y48.682
G0 F1800 X39.668 Y48.694
G0 X43.138 Y50.233
G1 F1200 X44.619 Y48.752 E1202.88402
G1 X44.689 Y48.682
G0 F1800 X45.085 Y48.286
G1 F1200 X46.565 Y46.806 E1203.00585
G1 X46.635 Y46.736
G0 F1800 X46.626 Y46.736
G0 X45.085 Y43.265
G1 F1200 X46.565 Y41.786 E1203.12763
G1 X46.635 Y41.716
G0 F1800 X46.626 Y41.716
G0 X45.085 Y38.245
G1 F1200 X46.565 Y36.766 E1203.24942
G1 X46.635 Y36.696
G0 F1800 X46.626 Y36.696
G0 X45.085 Y33.224
G1 F1200 X46.436 Y31.874 E1203.36058
G1 X46.506 Y31.804
G0 F1800 X44.954 Y48.622
G0 X9.656 Y48.664
G0 X9.726 Y48.594
;TYPE:WALL-INNER
G1 F1200 X44.926 Y48.594 E1205.40941
G1 X44.926 Y32.411 E1206.35134
G1 X46.42 Y31.704 E1206.44755
G1 X46.653 Y31.594 E1206.46255
G1 X46.726 Y31.594 E1206.46679
G1 X46.726 Y31.852 E1206.47664
G1 X46.726 Y50.394 E1207.55588
G1 X7.926 Y50.394 E1209.81424
G1 X7.926 Y31.852 E1210.89348
G1 X7.926 Y31.594 E1210.9085
G1 X7.999 Y31.594 E1210.91275
G1 X8.232 Y31.704 E1210.92256
G1 X9.726 Y32.411 E1211.01876
G1 X9.726 Y48.594 E1211.9607
G0 F1800 X10.126 Y48.194
;TYPE:WALL-OUTER
G1 F600 X44.526 Y48.194 E1213.96296
G1 X44.526 Y32.157 E1214.8964
G1 X46.562 Y31.194 E1215.02749
G1 X47.126 Y31.194 E1215.06032
G1 X47.126 Y50.794 E1216.20114
G1 X7.526 Y50.794 E1218.50607
G1 X7.526 Y31.194 E1219.64689
G1 X8.09 Y31.194 E1219.67972
G1 X10.126 Y32.157 E1219.81081
G1 X10.126 Y48.194 E1220.74425
G0 F1800 X11.126 Y48.194
G0 X11.126 Y48.994
G0 X9.698 Y48.622
G0 X8.215 Y31.873
;TIME_ELAPSED:2035.306562
;LAYER:24
G0 X8.215 Y31.873 Z8.7
;TYPE:FILL
G1 F1200 X9.566 Y33.224 E1220.85545
G1 X9.636 Y33.294
G0 F1800 X9.626 Y33.294
G0 X8.085 Y36.764
G1 F1200 X9.566 Y38.245 E1220.97736
G1 X9.636 Y38.315
G0 F1800 X9.626 Y38.315
G0 X8.085 Y41.785
G1 F1200 X9.566 Y43.265 E1221.09923
G1 X9.636 Y43.335
G0 F1800 X9.626 Y43.335
G0 X8.085 Y46.805
G1 F1200 X9.566 Y48.286 E1221.22114
G1 X9.636 Y48.356
G0 F1800 X10.033 Y48.753
G1 F1200 X11.513 Y50.232 E1221.34292
G1 X11.583 Y50.302
G0 F1800 X11.583 Y50.294
G0 X15.054 Y48.753
G1 F1200 X16.533 Y50.232 E1221.46467
G1 X16.603 Y50.302
G0 F1800 X16.603 Y50.294
G0 X20.074 Y48.753
G1 F1200 X21.554 Y50.232 E1221.58645
G1 X21.624 Y50.302
G0 F1800 X21.624 Y50.294
G0 X25.095 Y48.753
G1 F1200 X26.574 Y50.232 E1221.70819
G1 X26.644 Y50.302
G0 F1800 X26.644 Y50.294
G0 X30.115 Y48.753
G1 F1200 X31.594 Y50.232 E1221.82994
G1 X31.664 Y50.302
G0 F1800 X31.664 Y50.294
G0 X35.136 Y48.753
G1 F1200 X36.615 Y50.232 E1221.95168
G1 X36.685 Y50.302
G0 F1800 X36.685 Y50.294
G0 X40.156 Y48.753
G1 F1200 X41.635 Y50.232 E1222.07342
G1 X41.705 Y50.302
G0 F1800 X41.705 Y50.294
G0 X45.085 Y48.661
G1 F1200 X46.565 Y50.142 E1222.19529
G1 X46.635 Y50.212
G0 F1800 X46.626 Y50.212
G0 X46.565 Y45.121
G1 F1200 X45.085 Y43.641 E1222.31712
G1 X45.015 Y43.571
G0 F1800 X45.026 Y43.571
G0 X46.565 Y40.101
G1 F1200 X45.085 Y38.62 E1222.43898
G1 X45.015 Y38.55
G0 F1800 X45.026 Y38.55
G0 X46.565 Y35.08
G1 F1200 X45.085 Y33.6 E1222.56081
G1 X45.015 Y33.53
G0 F1800 X45.026 Y33.53
G0 X44.954 Y48.622
G0 X9.656 Y48.664
G0 X9.726 Y48.594
;TYPE:WALL-INNER
G1 F1200 X44.926 Y48.594 E1224.60963
G1 X44.926 Y32.411 E1225.55157
G1 X46.42 Y31.704 E1225.64777
G1 X46.653 Y31.594 E1225.66277
G1 X46.726 Y31.594 E1225.66702
G1 X46.726 Y31.852 E1225.67686
G1 X46.726 Y50.394 E1226.7561
G1 X7.926 Y50.394 E1229.01446
G1 X7.926 Y31.852 E1230.09371
G1 X7.926 Y31.594 E1230.10872
G1 X7.999 Y31.594 E1230.11297
G1 X8.232 Y31.704 E1230.12278
G1 X9.726 Y32.411 E1230.21899
G1 X9.726 Y48.594 E1231.16092
G0 F1800 X10.126 Y48.194
;TYPE:WALL-OUTER
G1 F600 X44.526 Y48.194 E1233.16318
G1 X44.526 Y32.157 E1234.09662
G1 X46.562 Y31.194 E1234.22771
G1 X47.126 Y31.194 E1234.26054
G1 X47.126 Y50.794 E1235.40136
G1 X7.526 Y50.794 E1237.70629
G1 X7.526 Y31.194 E1238.84711
G1 X8.09 Y31.194 E1238.87994
G1 X10.126 Y32.157 E1239.01103
G1 X10.126 Y48.194 E1239.94447
G0 F1800 X11.126 Y48.194
G0 X11.126 Y48.994
G1 F1500 E1233.44447
G0 F1800 X12.534 Y50.354
G0 X12.534 Y51.659
G0 X6.673 Y51.647
G0 X6.673 Y30.341
G0 X8.284 Y30.33
G0 X10.3 Y31.315
G0 X15.399 Y33.809
G0 X15.022 Y35.059
G0 X12.533 Y46.232
;TYPE:FILL
G1 F1500 E1239.94447
G1 F1200 X11.585 Y45.285 E1240.02246
G1 X11.515 Y45.215
G0 F1800 X11.526 Y45.215
G0 X11.585 Y40.264
G1 F1200 X17.553 Y46.232 E1240.51372
G1 X17.623 Y46.302
G0 F1800 X17.623 Y46.294
G0 X22.574 Y46.232
G1 F1200 X11.585 Y35.244 E1241.41823
G1 X11.515 Y35.174
G0 F1800 X11.526 Y35.174
G0 X17.053 Y35.691
G1 F1200 X27.594 Y46.232 E1242.28591
G1 X27.664 Y46.302
G0 F1800 X27.664 Y46.294
G0 X32.615 Y46.232
G1 F1200 X23.183 Y36.8 E1243.0623
G1 X23.113 Y36.73
G0 F1800 X23.112 Y36.731
G0 X28.356 Y36.953
G1 F1200 X37.635 Y46.232 E1243.8261
G1 X37.705 Y46.302
G0 F1800 X37.705 Y46.294
G0 X42.656 Y46.232
G1 F1200 X32.999 Y36.575 E1244.62101
G1 X32.929 Y36.505
G0 F1800 X32.931 Y36.526
G0 X37.228 Y35.784
G1 F1200 X43.065 Y41.621 E1245.10148
G1 X43.135 Y41.691
G0 F1800 X43.126 Y41.691
G0 X43.065 Y36.601
G1 F1200 X41.118 Y34.654 E1245.26175
G1 X41.048 Y34.584
G0 F1800 X41.058 Y34.613
G0 X39.631 Y35.059
G0 X35.595 Y36.07
G0 X31.48 Y36.68
G0 X27.742 Y36.863
G0 X23.166 Y36.74
G0 X23.175 Y36.641
;TYPE:WALL-INNER
G1 F1200 X27.326 Y36.844 E1245.50365
G1 X31.477 Y36.641 E1245.74555
G1 X35.588 Y36.031 E1245.98745
G1 X39.62 Y35.021 E1246.22938
G1 X42.96 Y33.826 E1246.43586
G1 X43.226 Y33.731 E1246.4523
G1 X43.226 Y34.013 E1246.462
G1 X43.226 Y34.014 E1246.46206
G1 X43.226 Y46.394 E1247.18264
G1 X11.426 Y46.394 E1249.03357
G1 X11.426 Y34.014 E1249.75415
G1 X11.426 Y34.013 E1249.75421
G1 X11.426 Y33.731 E1249.77062
G1 X11.692 Y33.826 E1249.78034
G1 X15.033 Y35.021 E1249.98687
G1 X19.064 Y36.031 E1250.22875
G1 X23.175 Y36.641 E1250.47065
G0 F1800 X23.166 Y36.74
G0 X19.057 Y36.07
G0 X15.426 Y35.161
G0 X11.483 Y33.812
G0 X11.272 Y33.251
;TYPE:WALL-OUTER
G1 F600 X11.374 Y33.287 E1250.47695
G1 X15.149 Y34.638 E1250.71032
G1 X19.142 Y35.638 E1250.94991
G1 X23.214 Y36.242 E1251.18951
G1 X27.326 Y36.444 E1251.42914
G1 X31.438 Y36.242 E1251.66877
G1 X35.51 Y35.638 E1251.90838
G1 X39.504 Y34.638 E1252.14802
G1 X43.278 Y33.287 E1252.38134
G1 X43.38 Y33.251 E1252.38764
G1 X43.626 Y33.135 E1252.40347
G1 X43.626 Y33.251
G1 X43.626 Y33.36 E1252.40882
G1 X43.626 Y46.794 E1253.19075
G1 X11.026 Y46.794 E1255.08824
G1 X11.026 Y33.36 E1255.87017
G1 X11.026 Y33.251 E1255.87552
G1 X11.026 Y33.135 E1255.88227
G1 X11.272 Y33.251 E1255.88574
G0 F1800 X11.374 Y33.287
G0 X12.213 Y33.587
G0 X11.943 Y34.34
G0 X13.534 Y34.653
;TIME_ELAPSED:2086.157423
;LAYER:25
G0 X13.534 Y34.653 Z9.05
;TYPE:FILL
G1 F1200 X11.585 Y36.601 E1256.04613
G1 X11.515 Y36.671
G0 F1800 X11.526 Y36.671
G0 X11.585 Y41.622
G1 F1200 X17.424 Y35.783 E1256.52676
G1 X17.494 Y35.713
G0 F1800 X17.487 Y35.739
G0 X21.653 Y36.575
G1 F1200 X11.995 Y46.233 E1257.32176
G1 X11.925 Y46.303
G0 F1800 X11.925 Y46.294
G0 X17.015 Y46.233
G1 F1200 X26.297 Y36.951 E1258.0858
G1 X26.367 Y36.881
G0 F1800 X26.367 Y36.895
G0 X31.469 Y36.799
G1 F1200 X22.036 Y46.233 E1258.86231
G1 X21.966 Y46.303
G0 F1800 X21.966 Y46.294
G0 X27.056 Y46.233
G1 F1200 X37.599 Y35.69 E1259.73016
G1 X37.669 Y35.62
G0 F1800 X43.065 Y35.245
G1 F1200 X32.077 Y46.233 E1260.63463
G1 X32.007 Y46.303
G0 F1800 X32.007 Y46.294
G0 X37.097 Y46.233
G1 F1200 X43.065 Y40.265 E1261.12589
G1 X43.135 Y40.195
G0 F1800 X43.126 Y40.195
G0 X43.065 Y45.285
G1 F1200 X42.118 Y46.233 E1261.20388
G1 X42.048 Y46.303
G0 F1800 X42.048 Y46.294
G0 X27.326 Y36.944
G0 X27.326 Y36.844
;TYPE:WALL-INNER
G1 F1200 X31.477 Y36.641 E1261.44578
G1 X35.588 Y36.031 E1261.68768
G1 X39.62 Y35.021 E1261.92961
G1 X42.96 Y33.826 E1262.13609
G1 X43.226 Y33.731 E1262.15253
G1 X43.226 Y34.013 E1262.16223
G1 X43.226 Y34.014 E1262.16229
G1 X43.226 Y46.394 E1262.88287
G1 X11.426 Y46.394 E1264.7338
G1 X11.426 Y34.014 E1265.45438
G1 X11.426 Y34.013 E1265.45444
G1 X11.426 Y33.731 E1265.47085
G1 X11.692 Y33.826 E1265.48057
G1 X15.033 Y35.021 E1265.6871
G1 X19.064 Y36.031 E1265.92898
G1 X23.137 Y36.636 E1266.16865
G1 X27.326 Y36.844 E1266.41277
G0 F1800 X27.326 Y36.944
G0 X23.134 Y36.675
G0 X19.057 Y36.07
G0 X15.426 Y35.161
G0 X11.483 Y33.812
G0 X11.272 Y33.251
;TYPE:WALL-OUTER
G1 F600 X11.374 Y33.287 E1266.41907
G1 X15.149 Y34.638 E1266.65244
G1 X19.142 Y35.638 E1266.89203
G1 X23.176 Y36.237 E1267.12941
G1 X27.326 Y36.444 E1267.37126
G1 X31.438 Y36.242 E1267.61089
G1 X35.51 Y35.638 E1267.85049
G1 X39.504 Y34.638 E1268.09014
G1 X43.278 Y33.287 E1268.32346
G1 X43.38 Y33.251 E1268.32975
G1 X43.626 Y33.135 E1268.34558
G1 X43.626 Y33.251
G1 X43.626 Y33.36 E1268.35094
G1 X43.626 Y46.794 E1269.13286
G1 X11.026 Y46.794 E1271.03035
G1 X11.026 Y33.36 E1271.81228
G1 X11.026 Y33.251 E1271.81764
G1 X11.026 Y33.135 E1271.82439
G1 X11.272 Y33.251 E1271.82785
G0 F1800 X11.374 Y33.287
G0 X12.213 Y33.587
G0 X11.943 Y34.34
G1 F1500 E1265.32785
G0 F1800 X11.437 Y33.747
G0 X9.693 Y32.432
G0 X9.565 Y33.601
;TYPE:FILL
G1 F1500 E1271.82785
G1 F1200 X8.085 Y35.081 E1271.94968
G1 X8.015 Y35.151
G0 F1800 X8.026 Y35.151
G0 X9.565 Y38.622
G1 F1200 X8.085 Y40.102 E1272.0715
G1 X8.015 Y40.172
G0 F1800 X8.026 Y40.172
G0 X9.565 Y43.642
G1 F1200 X8.085 Y45.122 E1272.19333
G1 X8.015 Y45.192
G0 F1800 X8.026 Y45.192
G0 X9.565 Y48.663
G1 F1200 X8.085 Y50.143 E1272.31515
G1 X8.015 Y50.213
G0 F1800 X8.026 Y50.213
G0 X13.015 Y50.233
G1 F1200 X14.496 Y48.752 E1272.43706
G1 X14.566 Y48.682
G0 F1800 X14.566 Y48.694
G0 X18.036 Y50.233
G1 F1200 X19.516 Y48.752 E1272.55893
G1 X19.586 Y48.682
G0 F1800 X19.586 Y48.694
G0 X23.056 Y50.233
G1 F1200 X24.537 Y48.752 E1272.68084
G1 X24.607 Y48.682
G0 F1800 X24.607 Y48.694
G0 X28.077 Y50.233
G1 F1200 X29.557 Y48.752 E1272.8027
G1 X29.627 Y48.682
G0 F1800 X29.627 Y48.694
G0 X33.097 Y50.233
G1 F1200 X34.578 Y48.752 E1272.92461
G1 X34.648 Y48.682
G0 F1800 X34.648 Y48.694
G0 X38.118 Y50.233
G1 F1200 X39.598 Y48.752 E1273.04648
G1 X39.668 Y48.682
G0 F1800 X39.668 Y48.694
G0 X43.138 Y50.233
G1 F1200 X44.619 Y48.752 E1273.16839
G1 X44.689 Y48.682
G0 F1800 X45.085 Y48.286
G1 F1200 X46.565 Y46.806 E1273.29021
G1 X46.635 Y46.736
G0 F1800 X46.626 Y46.736
G0 X45.085 Y43.265
G1 F1200 X46.565 Y41.786 E1273.412
G1 X46.635 Y41.716
G0 F1800 X46.626 Y41.716
G0 X45.085 Y38.245
G1 F1200 X46.565 Y36.766 E1273.53378
G1 X46.635 Y36.696
G0 F1800 X46.626 Y36.696
G0 X45.085 Y33.224
G1 F1200 X46.436 Y31.874 E1273.64495
G1 X46.506 Y31.804
G0 F1800 X44.954 Y48.622
G0 X9.656 Y48.664
G0 X9.726 Y48.594
;TYPE:WALL-INNER
G1 F1200 X44.926 Y48.594 E1275.69377
G1 X44.926 Y32.411 E1276.63571
G1 X46.42 Y31.704 E1276.73191
G1 X46.653 Y31.594 E1276.74691
G1 X46.726 Y31.594 E1276.75116
G1 X46.726 Y31.852 E1276.761
G1 X46.726 Y50.394 E1277.84024
G1 X7.926 Y50.394 E1280.0986
G1 X7.926 Y31.852 E1281.17784
G1 X7.926 Y31.594 E1281.19286
G1 X7.999 Y31.594 E1281.19711
G1 X8.232 Y31.704 E1281.20692
G1 X9.726 Y32.411 E1281.30312
G1 X9.726 Y48.594 E1282.24506
G0 F1800 X10.126 Y48.194
;TYPE:WALL-OUTER
G1 F600 X44.526 Y48.194 E1284.24732
G1 X44.526 Y32.157 E1285.18076
G1 X46.562 Y31.194 E1285.31185
G1 X47.126 Y31.194 E1285.34468
G1 X47.126 Y50.794 E1286.4855
G1 X7.526 Y50.794 E1288.79043
G1 X7.526 Y31.194 E1289.93125
G1 X8.09 Y31.194 E1289.96408
G1 X10.126 Y32.157 E1290.09517
G1 X10.126 Y48.194 E1291.02861
G0 F1800 X11.126 Y48.194
G0 X11.126 Y48.994
G1 F1500 E1284.52861
G0 F1800 X10.397 Y50.354
G0 X10.397 Y51.659
G0 X6.673 Y51.647
G0 X6.673 Y30.341
G0 X8.284 Y30.33
G0 X10.984 Y31.613
G0 X11.85 Y32.54
G0 X11.449 Y33.763
G0 X11.585 Y35.244
;TIME_ELAPSED:2136.808634
;LAYER:26
G0 X11.585 Y35.244 Z9.4
;TYPE:FILL
G1 F1500 E1291.02861
G1 F1200 X22.574 Y46.232 E1291.93312
G1 X22.644 Y46.302
G0 F1800 X22.644 Y46.294
G0 X27.594 Y46.232
G1 F1200 X17.053 Y35.691 E1292.8008
G1 X16.983 Y35.621
G0 F1800 X18.158 Y35.875
G0 X23.179 Y36.797
G1 F1200 X32.615 Y46.232 E1293.57748
G1 X32.685 Y46.302
G0 F1800 X32.685 Y46.294
G0 X37.635 Y46.232
G1 F1200 X28.356 Y36.953 E1294.34128
G1 X28.286 Y36.883
G0 F1800 X28.286 Y36.897
G0 X32.999 Y36.575
G1 F1200 X42.656 Y46.232 E1295.13619
G1 X42.726 Y46.302
G0 F1800 X42.726 Y46.294
G0 X43.065 Y41.621
G1 F1200 X37.228 Y35.784 E1295.61666
G1 X37.158 Y35.714
G0 F1800 X37.164 Y35.74
G0 X41.118 Y34.654
G1 F1200 X43.065 Y36.601 E1295.77693
G1 X43.135 Y36.671
G0 F1800 X43.126 Y36.671
G0 X17.553 Y46.232
G1 F1200 X11.585 Y40.264 E1296.26818
G1 X11.515 Y40.194
G0 F1800 X11.526 Y40.194
G0 X11.585 Y45.285
G1 F1200 X12.533 Y46.232 E1296.34618
G1 X12.603 Y46.302
G0 F1800 X12.603 Y46.294
G0 X27.326 Y36.944
G0 X27.326 Y36.844
;TYPE:WALL-INNER
G1 F1200 X31.477 Y36.641 E1296.58807
G1 X35.588 Y36.031 E1296.82998
G1 X39.62 Y35.021 E1297.07191
G1 X42.96 Y33.826 E1297.27838
G1 X43.226 Y33.731 E1297.29482
G1 X43.226 Y34.013 E1297.30453
G1 X43.226 Y34.014 E1297.30459
G1 X43.226 Y46.394 E1298.02517
G1 X11.426 Y46.394 E1299.8761
G1 X11.426 Y34.014 E1300.59668
G1 X11.426 Y34.013 E1300.59673
G1 X11.426 Y33.731 E1300.61315
G1 X11.692 Y33.826 E1300.62287
G1 X15.033 Y35.021 E1300.8294
G1 X19.064 Y36.031 E1301.07128
G1 X23.138 Y36.636 E1301.311
G1 X27.326 Y36.844 E1301.55507
G0 F1800 X27.326 Y36.944
G0 X23.135 Y36.675
G0 X19.057 Y36.07
G0 X15.426 Y35.161
G0 X11.483 Y33.812
G0 X11.272 Y33.251
;TYPE:WALL-OUTER
G1 F600 X11.374 Y33.287 E1301.56136
G1 X15.149 Y34.638 E1301.79474
G1 X19.142 Y35.638 E1302.03433
G1 X23.177 Y36.237 E1302.27176
G1 X27.326 Y36.444 E1302.51355
G1 X31.438 Y36.242 E1302.75318
G1 X35.51 Y35.638 E1302.99279
G1 X39.504 Y34.638 E1303.23243
G1 X43.278 Y33.287 E1303.46575
G1 X43.38 Y33.251 E1303.47205
G1 X43.626 Y33.135 E1303.48788
G1 X43.626 Y33.251
G1 X43.626 Y33.36 E1303.49323
G1 X43.626 Y46.794 E1304.27516
G1 X11.026 Y46.794 E1306.17265
G1 X11.026 Y33.36 E1306.95458
G1 X11.026 Y33.251 E1306.95993
G1 X11.026 Y33.135 E1306.96668
G1 X11.272 Y33.251 E1306.97015
G0 F1800 X11.374 Y33.287
G0 X12.213 Y33.587
G0 X11.943 Y34.34
G1 F1500 E1300.47015
G0 F1800 X11.437 Y33.747
G0 X9.693 Y32.432
G0 X9.566 Y33.224
;TYPE:FILL
G1 F1500 E1306.97015
G1 F1200 X8.215 Y31.873 E1307.08135
G1 X8.145 Y31.803
G0 F1800 X8.085 Y36.764
G1 F1200 X9.566 Y38.245 E1307.20326
G1 X9.636 Y38.315
G0 F1800 X9.626 Y38.315
G0 X8.085 Y41.785
G1 F1200 X9.566 Y43.265 E1307.32513
G1 X9.636 Y43.335
G0 F1800 X9.626 Y43.335
G0 X8.085 Y46.805
G1 F1200 X9.566 Y48.286 E1307.44704
G1 X9.636 Y48.356
G0 F1800 X10.033 Y48.753
G1 F1200 X11.513 Y50.232 E1307.56882
G1 X11.583 Y50.302
G0 F1800 X11.583 Y50.294
G0 X15.054 Y48.753
G1 F1200 X16.533 Y50.232 E1307.69056
G1 X16.603 Y50.302
G0 F1800 X16.603 Y50.294
G0 X20.074 Y48.753
G1 F1200 X21.554 Y50.232 E1307.81235
G1 X21.624 Y50.302
G0 F1800 X21.624 Y50.294
G0 X25.095 Y48.753
G1 F1200 X26.574 Y50.232 E1307.93409
G1 X26.644 Y50.302
G0 F1800 X26.644 Y50.294
G0 X30.115 Y48.753
G1 F1200 X31.594 Y50.232 E1308.05584
G1 X31.664 Y50.302
G0 F1800 X31.664 Y50.294
G0 X35.136 Y48.753
G1 F1200 X36.615 Y50.232 E1308.17758
G1 X36.685 Y50.302
G0 F1800 X36.685 Y50.294
G0 X40.156 Y48.753
G1 F1200 X41.635 Y50.232 E1308.29932
G1 X41.705 Y50.302
G0 F1800 X41.705 Y50.294
G0 X45.085 Y48.661
G1 F1200 X46.565 Y50.142 E1308.42119
G1 X46.635 Y50.212
G0 F1800 X46.626 Y50.212
G0 X46.565 Y45.121
G1 F1200 X45.085 Y43.641 E1308.54301
G1 X45.015 Y43.571
G0 F1800 X45.026 Y43.571
G0 X46.565 Y40.101
G1 F1200 X45.085 Y38.62 E1308.66488
G1 X45.015 Y38.55
G0 F1800 X45.026 Y38.55
G0 X46.565 Y35.08
G1 F1200 X45.085 Y33.6 E1308.78671
G1 X45.015 Y33.53
G0 F1800 X45.026 Y33.53
G0 X44.954 Y48.622
G0 X9.656 Y48.664
G0 X9.726 Y48.594
;TYPE:WALL-INNER
G1 F1200 X44.926 Y48.594 E1310.83553
G1 X44.926 Y32.411 E1311.77747
G1 X46.42 Y31.704 E1311.87367
G1 X46.653 Y31.594 E1311.88867
G1 X46.726 Y31.594 E1311.89292
G1 X46.726 Y31.852 E1311.90276
G1 X46.726 Y50.394 E1312.982
G1 X7.926 Y50.394 E1315.24036
G1 X7.926 Y31.852 E1316.31961
G1 X7.926 Y31.594 E1316.33462
G1 X7.999 Y31.594 E1316.33887
G1 X8.232 Y31.704 E1316.34868
G1 X9.726 Y32.411 E1316.44488
G1 X9.726 Y48.594 E1317.38682
G0 F1800 X10.126 Y48.194
;TYPE:WALL-OUTER
G1 F600 X44.526 Y48.194 E1319.38908
G1 X44.526 Y32.157 E1320.32252
G1 X46.562 Y31.194 E1320.45361
G1 X47.126 Y31.194 E1320.48644
G1 X47.126 Y50.794 E1321.62726
G1 X7.526 Y50.794 E1323.93219
G1 X7.526 Y31.194 E1325.07301
G1 X8.09 Y31.194 E1325.10584
G1 X10.126 Y32.157 E1325.23693
G1 X10.126 Y48.194 E1326.17037
G0 F1800 X11.126 Y48.194
G0 X11.126 Y48.994
G1 F1500 E1319.67037
G0 F1800 X12.534 Y50.354
G0 X12.534 Y51.659
G0 X6.673 Y51.647
G0 X6.673 Y30.341
G0 X8.284 Y30.33
G0 X10.3 Y31.315
G0 X15.399 Y33.809
G0 X15.022 Y35.059
G0 X13.534 Y34.653
;TIME_ELAPSED:2188.633291
;LAYER:27
G0 X13.534 Y34.653 Z9.75
;TYPE:FILL
G1 F1500 E1326.17037
G1 F1200 X11.585 Y36.601 E1326.33076
G1 X11.515 Y36.671
G0 F1800 X11.526 Y36.671
G0 X11.585 Y41.622
G1 F1200 X17.424 Y35.783 E1326.81139
G1 X17.494 Y35.713
G0 F1800 X17.487 Y35.739
G0 X21.653 Y36.575
G1 F1200 X11.995 Y46.233 E1327.60639
G1 X11.925 Y46.303
G0 F1800 X11.925 Y46.294
G0 X17.015 Y46.233
G1 F1200 X26.297 Y36.951 E1328.37043
G1 X26.367 Y36.881
G0 F1800 X26.367 Y36.895
G0 X31.469 Y36.799
G1 F1200 X22.036 Y46.233 E1329.14695
G1 X21.966 Y46.303
G0 F1800 X21.966 Y46.294
G0 X27.056 Y46.233
G1 F1200 X37.599 Y35.69 E1330.01479
G1 X37.669 Y35.62
G0 F1800 X43.065 Y35.245
G1 F1200 X32.077 Y46.233 E1330.91927
G1 X32.007 Y46.303
G0 F1800 X32.007 Y46.294
G0 X37.097 Y46.233
G1 F1200 X43.065 Y40.265 E1331.41052
G1 X43.135 Y40.195
G0 F1800 X43.126 Y40.195
G0 X43.065 Y45.285
G1 F1200 X42.118 Y46.233 E1331.48851
G1 X42.048 Y46.303
G0 F1800 X42.048 Y46.294
G0 X27.326 Y36.944
G0 X27.326 Y36.844
;TYPE:WALL-INNER
G1 F1200 X31.477 Y36.641 E1331.73041
G1 X35.588 Y36.031 E1331.97231
G1 X39.62 Y35.021 E1332.21425
G1 X42.96 Y33.826 E1332.42072
G1 X43.226 Y33.731 E1332.43716
G1 X43.226 Y34.013 E1332.44687
G1 X43.226 Y34.014 E1332.44693
G1 X43.226 Y46.394 E1333.16751
G1 X11.426 Y46.394 E1335.01843
G1 X11.426 Y34.014 E1335.73901
G1 X11.426 Y34.013 E1335.73907
G1 X11.426 Y33.731 E1335.75549
G1 X11.692 Y33.826 E1335.76521
G1 X15.033 Y35.021 E1335.97174
G1 X19.064 Y36.031 E1336.21361
G1 X23.139 Y36.636 E1336.4534
G1 X27.326 Y36.844 E1336.69741
G0 F1800 X27.326 Y36.944
G0 X23.136 Y36.675
G0 X19.057 Y36.07
G0 X15.426 Y35.161
G0 X11.483 Y33.812
G0 X11.272 Y33.251
;TYPE:WALL-OUTER
G1 F600 X11.374 Y33.287 E1336.7037
G1 X15.149 Y34.638 E1336.93707
G1 X19.142 Y35.638 E1337.17666
G1 X23.178 Y36.237 E1337.41415
G1 X27.326 Y36.444 E1337.65589
G1 X31.438 Y36.242 E1337.89552
G1 X35.51 Y35.638 E1338.13512
G1 X39.504 Y34.638 E1338.37477
G1 X43.278 Y33.287 E1338.60809
G1 X43.38 Y33.251 E1338.61438
G1 X43.626 Y33.135 E1338.63021
G1 X43.626 Y33.251
G1 X43.626 Y33.36 E1338.63557
G1 X43.626 Y46.794 E1339.4175
G1 X11.026 Y46.794 E1341.31499
G1 X11.026 Y33.36 E1342.09692
G1 X11.026 Y33.251 E1342.10227
G1 X11.026 Y33.135 E1342.10902
G1 X11.272 Y33.251 E1342.11248
G0 F1800 X11.374 Y33.287
G0 X12.213 Y33.587
G0 X11.943 Y34.34
G1 F1500 E1335.61248
G0 F1800 X11.437 Y33.747
G0 X9.693 Y32.432
G0 X9.565 Y33.601
;TYPE:FILL
G1 F1500 E1342.11248
G1 F1200 X8.085 Y35.081 E1342.23431
G1 X8.015 Y35.151
G0 F1800 X8.026 Y35.151
G0 X9.565 Y38.622
G1 F1200 X8.085 Y40.102 E1342.35613
G1 X8.015 Y40.172
G0 F1800 X8.026 Y40.172
G0 X9.565 Y43.642
G1 F1200 X8.085 Y45.122 E1342.47796
G1 X8.015 Y45.192
G0 F1800 X8.026 Y45.192
G0 X9.565 Y48.663
G1 F1200 X8.085 Y50.143 E1342.59979
G1 X8.015 Y50.213
G0 F1800 X8.026 Y50.213
G0 X13.015 Y50.233
G1 F1200 X14.496 Y48.752 E1342.72169
G1 X14.566 Y48.682
G0 F1800 X14.566 Y48.694
G0 X18.036 Y50.233
G1 F1200 X19.516 Y48.752 E1342.84356
G1 X19.586 Y48.682
G0 F1800 X19.586 Y48.694
G0 X23.056 Y50.233
G1 F1200 X24.537 Y48.752 E1342.96547
G1 X24.607 Y48.682
G0 F1800 X24.607 Y48.694
G0 X28.077 Y50.233
G1 F1200 X29.557 Y48.752 E1343.08733
G1 X29.627 Y48.682
G0 F1800 X29.627 Y48.694
G0 X33.097 Y50.233
G1 F1200 X34.578 Y48.752 E1343.20924
G1 X34.648 Y48.682
G0 F1800 X34.648 Y48.694
G0 X38.118 Y50.233
G1 F1200 X39.598 Y48.752 E1343.33111
G1 X39.668 Y48.682
G0 F1800 X39.668 Y48.694
G0 X43.138 Y50.233
G1 F1200 X44.619 Y48.752 E1343.45302
G1 X44.689 Y48.682
G0 F1800 X45.085 Y48.286
G1 F1200 X46.565 Y46.806 E1343.57484
G1 X46.635 Y46.736
G0 F1800 X46.626 Y46.736
G0 X45.085 Y43.265
G1 F1200 X46.565 Y41.786 E1343.69663
G1 X46.635 Y41.716
G0 F1800 X46.626 Y41.716
G0 X45.085 Y38.245
G1 F1200 X46.565 Y36.766 E1343.81841
G1 X46.635 Y36.696
G0 F1800 X46.626 Y36.696
G0 X45.085 Y33.224
G1 F1200 X46.436 Y31.874 E1343.92958
G1 X46.506 Y31.804
G0 F1800 X44.954 Y48.622
G0 X9.656 Y48.664
G0 X9.726 Y48.594
;TYPE:WALL-INNER
G1 F1200 X44.926 Y48.594 E1345.9784
G1 X44.926 Y32.411 E1346.92034
G1 X46.42 Y31.704 E1347.01654
G1 X46.653 Y31.594 E1347.03154
G1 X46.726 Y31.594 E1347.03579
G1 X46.726 Y31.852 E1347.04563
G1 X46.726 Y50.394 E1348.12487
G1 X7.926 Y50.394 E1350.38324
G1 X7.926 Y31.852 E1351.46248
G1 X7.926 Y31.594 E1351.47749
G1 X7.999 Y31.594 E1351.48174
G1 X8.232 Y31.704 E1351.49155
G1 X9.726 Y32.411 E1351.58776
G1 X9.726 Y48.594 E1352.52969
G0 F1800 X10.126 Y48.194
;TYPE:WALL-OUTER
G1 F600 X44.526 Y48.194 E1354.53195
G1 X44.526 Y32.157 E1355.46539
G1 X46.562 Y31.194 E1355.59648
G1 X47.126 Y31.194 E1355.62931
G1 X47.126 Y50.794 E1356.77013
G1 X7.526 Y50.794 E1359.07506
G1 X7.526 Y31.194 E1360.21588
G1 X8.09 Y31.194 E1360.24871
G1 X10.126 Y32.157 E1360.3798
G1 X10.126 Y48.194 E1361.31324
G0 F1800 X11.126 Y48.194
G0 X11.126 Y48.994
G1 F1500 E1354.81324
G0 F1800 X10.397 Y50.354
G0 X10.397 Y51.659
G0 X6.673 Y51.647
G0 X6.673 Y30.341
G0 X8.284 Y30.33
G0 X10.984 Y31.613
G0 X11.85 Y32.54
G0 X11.449 Y33.763
G0 X11.585 Y35.244
;TIME_ELAPSED:2239.546193
;LAYER:28
G0 X11.585 Y35.244 Z10.1
;TYPE:FILL
G1 F1500 E1361.31324
G1 F1200 X22.574 Y46.232 E1362.21776
G1 X22.644 Y46.302
G0 F1800 X22.644 Y46.294
G0 X27.594 Y46.232
G1 F1200 X17.053 Y35.691 E1363.08543
G1 X16.983 Y35.621
G0 F1800 X18.158 Y35.875
G0 X23.179 Y36.797
G1 F1200 X32.615 Y46.232 E1363.86211
G1 X32.685 Y46.302
G0 F1800 X32.685 Y46.294
G0 X37.635 Y46.232
G1 F1200 X28.356 Y36.953 E1364.62591
G1 X28.286 Y36.883
G0 F1800 X28.286 Y36.897
G0 X32.999 Y36.575
G1 F1200 X42.656 Y46.232 E1365.42082
G1 X42.726 Y46.302
G0 F1800 X42.726 Y46.294
G0 X43.065 Y41.621
G1 F1200 X37.228 Y35.784 E1365.90129
G1 X37.158 Y35.714
G0 F1800 X37.164 Y35.74
G0 X41.118 Y34.654
G1 F1200 X43.065 Y36.601 E1366.06156
G1 X43.135 Y36.671
G0 F1800 X43.126 Y36.671
G0 X17.553 Y46.232
G1 F1200 X11.585 Y40.264 E1366.55281
G1 X11.515 Y40.194
G0 F1800 X11.526 Y40.194
G0 X11.585 Y45.285
G1 F1200 X12.533 Y46.232 E1366.63081
G1 X12.603 Y46.302
G0 F1800 X12.603 Y46.294
G0 X27.326 Y36.944
G0 X27.326 Y36.844
;TYPE:WALL-INNER
G1 F1200 X31.477 Y36.641 E1366.87271
G1 X35.588 Y36.031 E1367.11461
G1 X39.62 Y35.021 E1367.35654
G1 X42.96 Y33.826 E1367.56302
G1 X43.226 Y33.731 E1367.57946
G1 X43.226 Y34.013 E1367.58916
G1 X43.226 Y34.014 E1367.58922
G1 X43.226 Y46.394 E1368.3098
G1 X11.426 Y46.394 E1370.16073
G1 X11.426 Y34.014 E1370.88131
G1 X11.426 Y34.013 E1370.88137
G1 X11.426 Y33.731 E1370.89778
G1 X11.692 Y33.826 E1370.9075
G1 X15.033 Y35.021 E1371.11403
G1 X19.064 Y36.031 E1371.35591
G1 X23.14 Y36.636 E1371.59575
G1 X27.326 Y36.844 E1371.8397
G0 F1800 X27.326 Y36.944
G0 X23.137 Y36.675
G0 X19.057 Y36.07
G0 X15.426 Y35.161
G0 X11.483 Y33.812
G0 X11.272 Y33.251
;TYPE:WALL-OUTER
G1 F600 X11.374 Y33.287 E1371.846
G1 X15.149 Y34.638 E1372.07937
G1 X19.142 Y35.638 E1372.31896
G1 X23.179 Y36.237 E1372.55651
G1 X27.326 Y36.444 E1372.79818
G1 X31.438 Y36.242 E1373.03781
G1 X35.51 Y35.638 E1373.27742
G1 X39.504 Y34.638 E1373.51706
G1 X43.278 Y33.287 E1373.75038
G1 X43.38 Y33.251 E1373.75668
G1 X43.626 Y33.135 E1373.77251
G1 X43.626 Y33.251
G1 X43.626 Y33.36 E1373.77786
G1 X43.626 Y46.794 E1374.55979
G1 X11.026 Y46.794 E1376.45728
G1 X11.026 Y33.36 E1377.23921
G1 X11.026 Y33.251 E1377.24456
G1 X11.026 Y33.135 E1377.25131
G1 X11.272 Y33.251 E1377.25478
G0 F1800 X11.374 Y33.287
G0 X12.213 Y33.587
G0 X11.943 Y34.34
G1 F1500 E1370.75478
G0 F1800 X11.437 Y33.747
G0 X9.693 Y32.432
G0 X9.566 Y33.224
;TYPE:FILL
G1 F1500 E1377.25478
G1 F1200 X8.215 Y31.873 E1377.36598
G1 X8.145 Y31.803
G0 F1800 X8.085 Y36.764
G1 F1200 X9.566 Y38.245 E1377.48789
G1 X9.636 Y38.315
G0 F1800 X9.626 Y38.315
G0 X8.085 Y41.785
G1 F1200 X9.566 Y43.265 E1377.60976
G1 X9.636 Y43.335
G0 F1800 X9.626 Y43.335
G0 X8.085 Y46.805
G1 F1200 X9.566 Y48.286 E1377.73167
G1 X9.636 Y48.356
G0 F1800 X10.033 Y48.753
G1 F1200 X11.513 Y50.232 E1377.85345
G1 X11.583 Y50.302
G0 F1800 X11.583 Y50.294
G0 X15.054 Y48.753
G1 F1200 X16.533 Y50.232 E1377.97519
G1 X16.603 Y50.302
G0 F1800 X16.603 Y50.294
G0 X20.074 Y48.753
G1 F1200 X21.554 Y50.232 E1378.09698
G1 X21.624 Y50.302
G0 F1800 X21.624 Y50.294
G0 X25.095 Y48.753
G1 F1200 X26.574 Y50.232 E1378.21872
G1 X26.644 Y50.302
G0 F1800 X26.644 Y50.294
G0 X30.115 Y48.753
G1 F1200 X31.594 Y50.232 E1378.34047
G1 X31.664 Y50.302
G0 F1800 X31.664 Y50.294
G0 X35.136 Y48.753
G1 F1200 X36.615 Y50.232 E1378.46221
G1 X36.685 Y50.302
G0 F1800 X36.685 Y50.294
G0 X40.156 Y48.753
G1 F1200 X41.635 Y50.232 E1378.58395
G1 X41.705 Y50.302
G0 F1800 X41.705 Y50.294
G0 X45.085 Y48.661
G1 F1200 X46.565 Y50.142 E1378.70582
G1 X46.635 Y50.212
G0 F1800 X46.626 Y50.212
G0 X46.565 Y45.121
G1 F1200 X45.085 Y43.641 E1378.82764
G1 X45.015 Y43.571
G0 F1800 X45.026 Y43.571
G0 X46.565 Y40.101
G1 F1200 X45.085 Y38.62 E1378.94951
G1 X45.015 Y38.55
G0 F1800 X45.026 Y38.55
G0 X46.565 Y35.08
G1 F1200 X45.085 Y33.6 E1379.07134
G1 X45.015 Y33.53
G0 F1800 X45.026 Y33.53
G0 X44.954 Y48.622
G0 X9.656 Y48.664
G0 X9.726 Y48.594
;TYPE:WALL-INNER
G1 F1200 X44.926 Y48.594 E1381.12016
G1 X44.926 Y32.411 E1382.0621
G1 X46.42 Y31.704 E1382.1583
G1 X46.653 Y31.594 E1382.1733
G1 X46.726 Y31.594 E1382.17755
G1 X46.726 Y31.852 E1382.18739
G1 X46.726 Y50.394 E1383.26663
G1 X7.926 Y50.394 E1385.52499
G1 X7.926 Y31.852 E1386.60424
G1 X7.926 Y31.594 E1386.61925
G1 X7.999 Y31.594 E1386.6235
G1 X8.232 Y31.704 E1386.63331
G1 X9.726 Y32.411 E1386.72951
G1 X9.726 Y48.594 E1387.67145
G0 F1800 X10.126 Y48.194
;TYPE:WALL-OUTER
G1 F600 X44.526 Y48.194 E1389.67371
G1 X44.526 Y32.157 E1390.60715
G1 X46.562 Y31.194 E1390.73824
G1 X47.126 Y31.194 E1390.77107
G1 X47.126 Y50.794 E1391.91189
G1 X7.526 Y50.794 E1394.21682
G1 X7.526 Y31.194 E1395.35764
G1 X8.09 Y31.194 E1395.39047
G1 X10.126 Y32.157 E1395.52156
G1 X10.126 Y48.194 E1396.455
G0 F1800 X11.126 Y48.194
G0 X11.126 Y48.994
G1 F1500 E1389.955
G0 F1800 X12.534 Y50.354
G0 X12.534 Y51.659
G0 X6.673 Y51.647
G0 X6.673 Y30.341
G0 X8.284 Y30.33
G0 X10.3 Y31.315
G0 X15.399 Y33.809
G0 X15.022 Y35.059
G0 X13.534 Y34.653
;TIME_ELAPSED:2291.370847
;LAYER:29
G0 X13.534 Y34.653 Z10.45
;TYPE:FILL
G1 F1500 E1396.455
G1 F1200 X11.585 Y36.601 E1396.61539
G1 X11.515 Y36.671
G0 F1800 X11.526 Y36.671
G0 X11.585 Y41.622
G1 F1200 X17.424 Y35.783 E1397.09602
G1 X17.494 Y35.713
G0 F1800 X17.487 Y35.739
G0 X21.653 Y36.575
G1 F1200 X11.995 Y46.233 E1397.89102
G1 X11.925 Y46.303
G0 F1800 X11.925 Y46.294
G0 X17.015 Y46.233
G1 F1200 X26.297 Y36.951 E1398.65506
G1 X26.367 Y36.881
G0 F1800 X26.367 Y36.895
G0 X31.469 Y36.799
G1 F1200 X22.036 Y46.233 E1399.43158
G1 X21.966 Y46.303
G0 F1800 X21.966 Y46.294
G0 X27.056 Y46.233
G1 F1200 X37.599 Y35.69 E1400.29942
G1 X37.669 Y35.62
G0 F1800 X43.065 Y35.245
G1 F1200 X32.077 Y46.233 E1401.2039
G1 X32.007 Y46.303
G0 F1800 X32.007 Y46.294
G0 X37.097 Y46.233
G1 F1200 X43.065 Y40.265 E1401.69515
G1 X43.135 Y40.195
G0 F1800 X43.126 Y40.195
G0 X43.065 Y45.285
G1 F1200 X42.118 Y46.233 E1401.77314
G1 X42.048 Y46.303
G0 F1800 X42.048 Y46.294
G0 X27.326 Y36.944
G0 X27.326 Y36.844
;TYPE:WALL-INNER
G1 F1200 X31.477 Y36.641 E1402.01504
G1 X35.588 Y36.031 E1402.25694
G1 X39.62 Y35.021 E1402.49888
G1 X42.96 Y33.826 E1402.70535
G1 X43.226 Y33.731 E1402.72179
G1 X43.226 Y34.013 E1402.7315
G1 X43.226 Y34.014 E1402.73155
G1 X43.226 Y46.394 E1403.45214
G1 X11.426 Y46.394 E1405.30306
G1 X11.426 Y34.014 E1406.02364
G1 X11.426 Y34.013 E1406.0237
G1 X11.426 Y33.731 E1406.04012
G1 X11.692 Y33.826 E1406.04984
G1 X15.033 Y35.021 E1406.25637
G1 X19.064 Y36.031 E1406.49824
G1 X23.141 Y36.636 E1406.73814
G1 X27.326 Y36.844 E1406.98203
G0 F1800 X27.326 Y36.944
G0 X23.138 Y36.675
G0 X19.057 Y36.07
G0 X15.426 Y35.161
G0 X11.483 Y33.812
G0 X11.272 Y33.251
;TYPE:WALL-OUTER
G1 F600 X11.374 Y33.287 E1406.98833
G1 X15.149 Y34.638 E1407.2217
G1 X19.142 Y35.638 E1407.46129
G1 X23.18 Y36.237 E1407.6989
G1 X27.326 Y36.444 E1407.94052
G1 X31.438 Y36.242 E1408.18015
G1 X35.51 Y35.638 E1408.41975
G1 X39.504 Y34.638 E1408.6594
G1 X43.278 Y33.287 E1408.89272
G1 X43.38 Y33.251 E1408.89901
G1 X43.626 Y33.135 E1408.91484
G1 X43.626 Y33.251
G1 X43.626 Y33.36 E1408.92019
G1 X43.626 Y46.794 E1409.70212
G1 X11.026 Y46.794 E1411.59961
G1 X11.026 Y33.36 E1412.38154
G1 X11.026 Y33.251 E1412.3869
G1 X11.026 Y33.135 E1412.39365
G1 X11.272 Y33.251 E1412.39711
G0 F1800 X11.374 Y33.287
G0 X12.213 Y33.587
G0 X11.943 Y34.34
G1 F1500 E1405.89711
G0 F1800 X11.437 Y33.747
G0 X9.693 Y32.432
G0 X9.565 Y33.601
;TYPE:FILL
G1 F1500 E1412.39711
G1 F1200 X8.085 Y35.081 E1412.51894
G1 X8.015 Y35.151
G0 F1800 X8.026 Y35.151
G0 X9.565 Y38.622
G1 F1200 X8.085 Y40.102 E1412.64076
G1 X8.015 Y40.172
G0 F1800 X8.026 Y40.172
G0 X9.565 Y43.642
G1 F1200 X8.085 Y45.122 E1412.76259
G1 X8.015 Y45.192
G0 F1800 X8.026 Y45.192
G0 X9.565 Y48.663
G1 F1200 X8.085 Y50.143 E1412.88441
G1 X8.015 Y50.213
G0 F1800 X8.026 Y50.213
G0 X13.015 Y50.233
G1 F1200 X14.496 Y48.752 E1413.00632
G1 X14.566 Y48.682
G0 F1800 X14.566 Y48.694
G0 X18.036 Y50.233
G1 F1200 X19.516 Y48.752 E1413.12819
G1 X19.586 Y48.682
G0 F1800 X19.586 Y48.694
G0 X23.056 Y50.233
G1 F1200 X24.537 Y48.752 E1413.2501
G1 X24.607 Y48.682
G0 F1800 X24.607 Y48.694
G0 X28.077 Y50.233
G1 F1200 X29.557 Y48.752 E1413.37196
G1 X29.627 Y48.682
G0 F1800 X29.627 Y48.694
G0 X33.097 Y50.233
G1 F1200 X34.578 Y48.752 E1413.49387
G1 X34.648 Y48.682
G0 F1800 X34.648 Y48.694
G0 X38.118 Y50.233
G1 F1200 X39.598 Y48.752 E1413.61574
G1 X39.668 Y48.682
G0 F1800 X39.668 Y48.694
G0 X43.138 Y50.233
G1 F1200 X44.619 Y48.752 E1413.73765
G1 X44.689 Y48.682
G0 F1800 X45.085 Y48.286
G1 F1200 X46.565 Y46.806 E1413.85947
G1 X46.635 Y46.736
G0 F1800 X46.626 Y46.736
G0 X45.085 Y43.265
G1 F1200 X46.565 Y41.786 E1413.98126
G1 X46.635 Y41.716
G0 F1800 X46.626 Y41.716
G0 X45.085 Y38.245
G1 F1200 X46.565 Y36.766 E1414.10304
G1 X46.635 Y36.696
G0 F1800 X46.626 Y36.696
G0 X45.085 Y33.224
G1 F1200 X46.436 Y31.874 E1414.21421
G1 X46.506 Y31.804
G0 F1800 X44.954 Y48.622
G0 X9.656 Y48.664
G0 X9.726 Y48.594
;TYPE:WALL-INNER
G1 F1200 X44.926 Y48.594 E1416.26303
G1 X44.926 Y32.411 E1417.20497
G1 X46.42 Y31.704 E1417.30117
G1 X46.653 Y31.594 E1417.31617
G1 X46.726 Y31.594 E1417.32042
G1 X46.726 Y31.852 E1417.33026
G1 X46.726 Y50.394 E1418.4095
G1 X7.926 Y50.394 E1420.66786
G1 X7.926 Y31.852 E1421.7471
G1 X7.926 Y31.594 E1421.76212
G1 X7.999 Y31.594 E1421.76637
G1 X8.232 Y31.704 E1421.77618
G1 X9.726 Y32.411 E1421.87238
G1 X9.726 Y48.594 E1422.81432
G0 F1800 X10.126 Y48.194
;TYPE:WALL-OUTER
G1 F600 X44.526 Y48.194 E1424.81658
G1 X44.526 Y32.157 E1425.75002
G1 X46.562 Y31.194 E1425.88111
G1 X47.126 Y31.194 E1425.91394
G1 X47.126 Y50.794 E1427.05476
G1 X7.526 Y50.794 E1429.35969
G1 X7.526 Y31.194 E1430.50051
G1 X8.09 Y31.194 E1430.53334
G1 X10.126 Y32.157 E1430.66443
G1 X10.126 Y48.194 E1431.59787
G0 F1800 X11.126 Y48.194
G0 X11.126 Y48.994
G1 F1500 E1425.09787
G0 F1800 X10.397 Y50.354
G0 X10.397 Y51.659
G0 X6.673 Y51.647
G0 X6.673 Y30.341
G0 X8.284 Y30.33
G0 X10.984 Y31.613
G0 X11.85 Y32.54
G0 X11.449 Y33.763
G0 X11.585 Y35.244
;TIME_ELAPSED:2342.283746
;LAYER:30
G0 X11.585 Y35.244 Z10.8
;TYPE:FILL
G1 F1500 E1431.59787
G1 F1200 X22.574 Y46.232 E1432.50238
G1 X22.644 Y46.302
G0 F1800 X22.644 Y46.294
G0 X27.594 Y46.232
G1 F1200 X17.053 Y35.691 E1433.37006
G1 X16.983 Y35.621
G0 F1800 X18.158 Y35.875
G0 X23.179 Y36.797
G1 F1200 X32.615 Y46.232 E1434.14674
G1 X32.685 Y46.302
G0 F1800 X32.685 Y46.294
G0 X37.635 Y46.232
G1 F1200 X28.356 Y36.953 E1434.91054
G1 X28.286 Y36.883
G0 F1800 X28.286 Y36.897
G0 X32.999 Y36.575
G1 F1200 X42.656 Y46.232 E1435.70545
G1 X42.726 Y46.302
G0 F1800 X42.726 Y46.294
G0 X43.065 Y41.621
G1 F1200 X37.228 Y35.784 E1436.18592
G1 X37.158 Y35.714
G0 F1800 X37.164 Y35.74
G0 X41.118 Y34.654
G1 F1200 X43.065 Y36.601 E1436.34619
G1 X43.135 Y36.671
G0 F1800 X43.126 Y36.671
G0 X17.553 Y46.232
G1 F1200 X11.585 Y40.264 E1436.83744
G1 X11.515 Y40.194
G0 F1800 X11.526 Y40.194
G0 X11.585 Y45.285
G1 F1200 X12.533 Y46.232 E1436.91543
G1 X12.603 Y46.302
G0 F1800 X12.603 Y46.294
G0 X27.326 Y36.944
G0 X27.326 Y36.844
;TYPE:WALL-INNER
G1 F1200 X31.477 Y36.641 E1437.15733
G1 X35.588 Y36.031 E1437.39923
G1 X39.62 Y35.021 E1437.64117
G1 X42.96 Y33.826 E1437.84764
G1 X43.226 Y33.731 E1437.86408
G1 X43.226 Y34.013 E1437.87379
G1 X43.226 Y34.014 E1437.87385
G1 X43.226 Y46.394 E1438.59443
G1 X11.426 Y46.394 E1440.44535
G1 X11.426 Y34.014 E1441.16594
G1 X11.426 Y34.013 E1441.16599
G1 X11.426 Y33.731 E1441.18241
G1 X11.692 Y33.826 E1441.19213
G1 X15.033 Y35.021 E1441.39866
G1 X19.064 Y36.031 E1441.64054
G1 X23.142 Y36.636 E1441.88049
G1 X27.326 Y36.844 E1442.12433
G0 F1800 X27.326 Y36.944
G0 X23.139 Y36.675
G0 X19.057 Y36.07
G0 X15.426 Y35.161
G0 X11.483 Y33.812
G0 X11.272 Y33.251
;TYPE:WALL-OUTER
G1 F600 X11.374 Y33.287 E1442.13062
G1 X15.149 Y34.638 E1442.36399
G1 X19.142 Y35.638 E1442.60359
G1 X23.181 Y36.237 E1442.84125
G1 X27.326 Y36.444 E1443.08281
G1 X31.438 Y36.242 E1443.32244
G1 X35.51 Y35.638 E1443.56204
G1 X39.504 Y34.638 E1443.80169
G1 X43.278 Y33.287 E1444.03501
G1 X43.38 Y33.251 E1444.0413
G1 X43.626 Y33.135 E1444.05713
G1 X43.626 Y33.251
G1 X43.626 Y33.36 E1444.06249
G1 X43.626 Y46.794 E1444.84442
G1 X11.026 Y46.794 E1446.74191
G1 X11.026 Y33.36 E1447.52384
G1 X11.026 Y33.251 E1447.52919
G1 X11.026 Y33.135 E1447.53594
G1 X11.272 Y33.251 E1447.5394
G0 F1800 X11.374 Y33.287
G0 X12.213 Y33.587
G0 X11.943 Y34.34
G1 F1500 E1441.0394
G0 F1800 X11.437 Y33.747
G0 X9.693 Y32.432
G0 X9.566 Y33.224
;TYPE:FILL
G1 F1500 E1447.5394
G1 F1200 X8.215 Y31.873 E1447.65061
G1 X8.145 Y31.803
G0 F1800 X8.085 Y36.764
G1 F1200 X9.566 Y38.245 E1447.77252
G1 X9.636 Y38.315
G0 F1800 X9.626 Y38.315
G0 X8.085 Y41.785
G1 F1200 X9.566 Y43.265 E1447.89438
G1 X9.636 Y43.335
G0 F1800 X9.626 Y43.335
G0 X8.085 Y46.805
G1 F1200 X9.566 Y48.286 E1448.01629
G1 X9.636 Y48.356
G0 F1800 X10.033 Y48.753
G1 F1200 X11.513 Y50.232 E1448.13808
G1 X11.583 Y50.302
G0 F1800 X11.583 Y50.294
G0 X15.054 Y48.753
G1 F1200 X16.533 Y50.232 E1448.25982
G1 X16.603 Y50.302
G0 F1800 X16.603 Y50.294
G0 X20.074 Y48.753
G1 F1200 X21.554 Y50.232 E1448.3816
G1 X21.624 Y50.302
G0 F1800 X21.624 Y50.294
G0 X25.095 Y48.753
G1 F1200 X26.574 Y50.232 E1448.50335
G1 X26.644 Y50.302
G0 F1800 X26.644 Y50.294
G0 X30.115 Y48.753
G1 F1200 X31.594 Y50.232 E1448.62509
G1 X31.664 Y50.302
G0 F1800 X31.664 Y50.294
G0 X35.136 Y48.753
G1 F1200 X36.615 Y50.232 E1448.74683
G1 X36.685 Y50.302
G0 F1800 X36.685 Y50.294
G0 X40.156 Y48.753
G1 F1200 X41.635 Y50.232 E1448.86858
G1 X41.705 Y50.302
G0 F1800 X41.705 Y50.294
G0 X45.085 Y48.661
G1 F1200 X46.565 Y50.142 E1448.99044
G1 X46.635 Y50.212
G0 F1800 X46.626 Y50.212
G0 X46.565 Y45.121
G1 F1200 X45.085 Y43.641 E1449.11227
G1 X45.015 Y43.571
G0 F1800 X45.026 Y43.571
G0 X46.565 Y40.101
G1 F1200 X45.085 Y38.62 E1449.23414
G1 X45.015 Y38.55
G0 F1800 X45.026 Y38.55
G0 X46.565 Y35.08
G1 F1200 X45.085 Y33.6 E1449.35596
G1 X45.015 Y33.53
G0 F1800 X45.026 Y33.53
G0 X44.954 Y48.622
G0 X9.656 Y48.664
G0 X9.726 Y48.594
;TYPE:WALL-INNER
G1 F1200 X44.926 Y48.594 E1451.40479
G1 X44.926 Y32.411 E1452.34672
G1 X46.42 Y31.704 E1452.44293
G1 X46.653 Y31.594 E1452.45792
G1 X46.726 Y31.594 E1452.46217
G1 X46.726 Y31.852 E1452.47201
G1 X46.726 Y50.394 E1453.55126
G1 X7.926 Y50.394 E1455.80962
G1 X7.926 Y31.852 E1456.88886
G1 X7.926 Y31.594 E1456.90388
G1 X7.999 Y31.594 E1456.90813
G1 X8.232 Y31.704 E1456.91794
G1 X9.726 Y32.411 E1457.01414
G1 X9.726 Y48.594 E1457.95608
G0 F1800 X10.126 Y48.194
;TYPE:WALL-OUTER
G1 F600 X44.526 Y48.194 E1459.95834
G1 X44.526 Y32.157 E1460.89177
G1 X46.562 Y31.194 E1461.02287
G1 X47.126 Y31.194 E1461.05569
G1 X47.126 Y50.794 E1462.19652
G1 X7.526 Y50.794 E1464.50144
G1 X7.526 Y31.194 E1465.64227
G1 X8.09 Y31.194 E1465.67509
G1 X10.126 Y32.157 E1465.80619
G1 X10.126 Y48.194 E1466.73962
G0 F1800 X11.126 Y48.194
G0 X11.126 Y48.994
G1 F1500 E1460.23962
G0 F1800 X12.534 Y50.354
G0 X12.534 Y51.659
G0 X6.673 Y51.647
G0 X6.673 Y30.341
G0 X8.284 Y30.33
G0 X10.3 Y31.315
G0 X15.399 Y33.809
G0 X15.022 Y35.059
G0 X13.534 Y34.653
;TIME_ELAPSED:2394.108396
;LAYER:31
G0 X13.534 Y34.653 Z11.15
;TYPE:FILL
G1 F1500 E1466.73962
G1 F1200 X11.585 Y36.601 E1466.90001
G1 X11.515 Y36.671
G0 F1800 X11.526 Y36.671
G0 X11.585 Y41.622
G1 F1200 X17.424 Y35.783 E1467.38065
G1 X17.494 Y35.713
G0 F1800 X17.487 Y35.739
G0 X21.653 Y36.575
G1 F1200 X11.995 Y46.233 E1468.17564
G1 X11.925 Y46.303
G0 F1800 X11.925 Y46.294
G0 X17.015 Y46.233
G1 F1200 X26.297 Y36.951 E1468.93969
G1 X26.367 Y36.881
G0 F1800 X26.367 Y36.895
G0 X31.469 Y36.799
G1 F1200 X22.036 Y46.233 E1469.7162
G1 X21.966 Y46.303
G0 F1800 X21.966 Y46.294
G0 X27.056 Y46.233
G1 F1200 X37.598 Y35.691 E1470.58396
G1 X37.668 Y35.621
G0 F1800 X43.065 Y35.245
G1 F1200 X32.077 Y46.233 E1471.48844
G1 X32.007 Y46.303
G0 F1800 X32.007 Y46.294
G0 X37.097 Y46.233
G1 F1200 X43.065 Y40.265 E1471.97969
G1 X43.135 Y40.195
G0 F1800 X43.126 Y40.195
G0 X43.065 Y45.285
G1 F1200 X42.118 Y46.233 E1472.05769
G1 X42.048 Y46.303
G0 F1800 X42.048 Y46.294
G0 X31.486 Y36.74
G0 X31.477 Y36.641
;TYPE:WALL-INNER
G1 F1200 X35.648 Y36.017 E1472.30316
G1 X39.62 Y35.021 E1472.54151
G1 X42.96 Y33.826 E1472.74798
G1 X43.226 Y33.731 E1472.76442
G1 X43.226 Y34.013 E1472.77413
G1 X43.226 Y34.014 E1472.77419
G1 X43.226 Y46.394 E1473.49477
G1 X11.426 Y46.394 E1475.3457
G1 X11.426 Y34.014 E1476.06628
G1 X11.426 Y34.013 E1476.06633
G1 X11.426 Y33.731 E1476.08275
G1 X11.692 Y33.826 E1476.09247
G1 X15.033 Y35.021 E1476.299
G1 X19.064 Y36.031 E1476.54088
G1 X23.143 Y36.636 E1476.78089
G1 X27.326 Y36.844 E1477.02467
G1 X31.477 Y36.641 E1477.26656
G0 F1800 X31.486 Y36.74
G0 X27.326 Y36.884
G0 X23.14 Y36.675
G0 X19.057 Y36.07
G0 X15.426 Y35.161
G0 X11.483 Y33.812
G0 X11.272 Y33.251
;TYPE:WALL-OUTER
G1 F600 X11.374 Y33.287 E1477.27286
G1 X15.149 Y34.638 E1477.50623
G1 X19.142 Y35.638 E1477.74582
G1 X23.182 Y36.237 E1477.98354
G1 X27.326 Y36.444 E1478.22505
G1 X31.438 Y36.242 E1478.46468
G1 X35.57 Y35.624 E1478.70785
G1 X39.504 Y34.638 E1478.94392
G1 X43.278 Y33.287 E1479.17723
G1 X43.38 Y33.251 E1479.18353
G1 X43.626 Y33.135 E1479.19936
G1 X43.626 Y33.251
G1 X43.626 Y33.36 E1479.20471
G1 X43.626 Y46.794 E1479.98664
G1 X11.026 Y46.794 E1481.88413
G1 X11.026 Y33.36 E1482.66606
G1 X11.026 Y33.251 E1482.67141
G1 X11.026 Y33.135 E1482.67817
G1 X11.272 Y33.251 E1482.68163
G0 F1800 X11.374 Y33.287
G0 X12.213 Y33.587
G0 X11.943 Y34.34
G1 F1500 E1476.18163
G0 F1800 X11.437 Y33.747
G0 X9.693 Y32.432
G0 X9.565 Y33.601
;TYPE:FILL
G1 F1500 E1482.68163
G1 F1200 X8.085 Y35.081 E1482.80345
G1 X8.015 Y35.151
G0 F1800 X8.026 Y35.151
G0 X9.565 Y38.622
G1 F1200 X8.085 Y40.102 E1482.92528
G1 X8.015 Y40.172
G0 F1800 X8.026 Y40.172
G0 X9.565 Y43.642
G1 F1200 X8.085 Y45.122 E1483.04711
G1 X8.015 Y45.192
G0 F1800 X8.026 Y45.192
G0 X9.565 Y48.663
G1 F1200 X8.085 Y50.143 E1483.16893
G1 X8.015 Y50.213
G0 F1800 X8.026 Y50.213
G0 X13.015 Y50.233
G1 F1200 X14.496 Y48.752 E1483.29084
G1 X14.566 Y48.682
G0 F1800 X14.566 Y48.694
G0 X18.036 Y50.233
G1 F1200 X19.516 Y48.752 E1483.41271
G1 X19.586 Y48.682
G0 F1800 X19.586 Y48.694
G0 X23.056 Y50.233
G1 F1200 X24.537 Y48.752 E1483.53461
G1 X24.607 Y48.682
G0 F1800 X24.607 Y48.694
G0 X28.077 Y50.233
G1 F1200 X29.557 Y48.752 E1483.65648
G1 X29.627 Y48.682
G0 F1800 X29.627 Y48.694
G0 X33.097 Y50.233
G1 F1200 X34.578 Y48.752 E1483.77839
G1 X34.648 Y48.682
G0 F1800 X34.648 Y48.694
G0 X38.118 Y50.233
G1 F1200 X39.598 Y48.752 E1483.90026
G1 X39.668 Y48.682
G0 F1800 X39.668 Y48.694
G0 X43.138 Y50.233
G1 F1200 X44.619 Y48.752 E1484.02216
G1 X44.689 Y48.682
G0 F1800 X45.085 Y48.286
G1 F1200 X46.565 Y46.806 E1484.14399
G1 X46.635 Y46.736
G0 F1800 X46.626 Y46.736
G0 X45.085 Y43.265
G1 F1200 X46.565 Y41.786 E1484.26577
G1 X46.635 Y41.716
G0 F1800 X46.626 Y41.716
G0 X45.085 Y38.245
G1 F1200 X46.565 Y36.766 E1484.38756
G1 X46.635 Y36.696
G0 F1800 X46.626 Y36.696
G0 X45.085 Y33.224
G1 F1200 X46.436 Y31.874 E1484.49872
G1 X46.506 Y31.804
G0 F1800 X44.954 Y48.622
G0 X9.656 Y48.664
G0 X9.726 Y48.594
;TYPE:WALL-INNER
G1 F1200 X44.926 Y48.594 E1486.54755
G1 X44.926 Y32.411 E1487.48948
G1 X46.42 Y31.704 E1487.58569
G1 X46.653 Y31.594 E1487.60068
G1 X46.726 Y31.594 E1487.60493
G1 X46.726 Y31.852 E1487.61478
G1 X46.726 Y50.394 E1488.69402
G1 X7.926 Y50.394 E1490.95238
G1 X7.926 Y31.852 E1492.03162
G1 X7.926 Y31.594 E1492.04664
G1 X7.999 Y31.594 E1492.05089
G1 X8.232 Y31.704 E1492.0607
G1 X9.726 Y32.411 E1492.1569
G1 X9.726 Y48.594 E1493.09884
G0 F1800 X10.126 Y48.194
;TYPE:WALL-OUTER
G1 F600 X44.526 Y48.194 E1495.1011
G1 X44.526 Y32.157 E1496.03453
G1 X46.562 Y31.194 E1496.16563
G1 X47.126 Y31.194 E1496.19846
G1 X47.126 Y50.794 E1497.33928
G1 X7.526 Y50.794 E1499.64421
G1 X7.526 Y31.194 E1500.78503
G1 X8.09 Y31.194 E1500.81786
G1 X10.126 Y32.157 E1500.94895
G1 X10.126 Y48.194 E1501.88239
G0 F1800 X11.126 Y48.194
G0 X11.126 Y48.994
G1 F1500 E1495.38239
G0 F1800 X10.397 Y50.354
G0 X10.397 Y51.659
G0 X6.673 Y51.647
G0 X6.673 Y30.341
G0 X8.284 Y30.33
G0 X10.984 Y31.613
G0 X11.85 Y32.54
G0 X11.449 Y33.763
G0 X11.585 Y35.244
;TIME_ELAPSED:2445.052657
;LAYER:32
G0 X11.585 Y35.244 Z11.5
;TYPE:FILL
G1 F1500 E1501.88239
G1 F1200 X22.574 Y46.232 E1502.7869
G1 X22.644 Y46.302
G0 F1800 X22.644 Y46.294
G0 X27.594 Y46.232
G1 F1200 X17.053 Y35.691 E1503.65458
G1 X16.983 Y35.621
G0 F1800 X18.158 Y35.875
G0 X23.181 Y36.798
G1 F1200 X32.615 Y46.232 E1504.43114
G1 X32.685 Y46.302
G0 F1800 X32.685 Y46.294
G0 X37.635 Y46.232
G1 F1200 X28.356 Y36.953 E1505.19493
G1 X28.286 Y36.883
G0 F1800 X28.286 Y36.897
G0 X32.999 Y36.575
G1 F1200 X42.656 Y46.232 E1505.98985
G1 X42.726 Y46.302
G0 F1800 X42.726 Y46.294
G0 X43.065 Y41.621
G1 F1200 X37.228 Y35.784 E1506.47032
G1 X37.158 Y35.714
G0 F1800 X37.164 Y35.74
G0 X41.118 Y34.654
G1 F1200 X43.065 Y36.601 E1506.63058
G1 X43.135 Y36.671
G0 F1800 X43.126 Y36.671
G0 X17.553 Y46.232
G1 F1200 X11.585 Y40.264 E1507.12184
G1 X11.515 Y40.194
G0 F1800 X11.526 Y40.194
G0 X11.585 Y45.285
G1 F1200 X12.533 Y46.232 E1507.19983
G1 X12.603 Y46.302
G0 F1800 X12.603 Y46.294
G0 X31.486 Y36.74
G0 X31.477 Y36.641
;TYPE:WALL-INNER
G1 F1200 X35.588 Y36.031 E1507.44173
G1 X39.62 Y35.021 E1507.68367
G1 X42.96 Y33.826 E1507.89014
G1 X43.226 Y33.731 E1507.90658
G1 X43.226 Y34.013 E1507.91629
G1 X43.226 Y34.014 E1507.91634
G1 X43.226 Y46.394 E1508.63692
G1 X11.426 Y46.394 E1510.48785
G1 X11.426 Y34.014 E1511.20843
G1 X11.426 Y34.013 E1511.20849
G1 X11.426 Y33.731 E1511.2249
G1 X11.692 Y33.826 E1511.23462
G1 X15.033 Y35.021 E1511.44115
G1 X19.064 Y36.031 E1511.68303
G1 X23.144 Y36.637 E1511.92311
G1 X27.326 Y36.844 E1512.16683
G1 X31.477 Y36.641 E1512.40873
G0 F1800 X31.486 Y36.74
G0 X27.326 Y36.884
G0 X23.141 Y36.676
G0 X19.057 Y36.07
G0 X15.426 Y35.161
G0 X11.483 Y33.812
G0 X11.272 Y33.251
;TYPE:WALL-OUTER
G1 F600 X11.374 Y33.287 E1512.41502
G1 X15.149 Y34.638 E1512.64839
G1 X19.142 Y35.638 E1512.88798
G1 X23.183 Y36.238 E1513.12577
G1 X27.326 Y36.444 E1513.36721
G1 X31.438 Y36.242 E1513.60684
G1 X35.51 Y35.638 E1513.84645
G1 X39.504 Y34.638 E1514.08609
G1 X43.278 Y33.287 E1514.31941
G1 X43.38 Y33.251 E1514.32571
G1 X43.626 Y33.135 E1514.34154
G1 X43.626 Y33.251
G1 X43.626 Y33.36 E1514.34689
G1 X43.626 Y46.794 E1515.12882
G1 X11.026 Y46.794 E1517.02631
G1 X11.026 Y33.36 E1517.80824
G1 X11.026 Y33.251 E1517.81359
G1 X11.026 Y33.135 E1517.82034
G1 X11.272 Y33.251 E1517.82381
G0 F1800 X11.374 Y33.287
G0 X12.213 Y33.587
G0 X11.943 Y34.34
G1 F1500 E1511.32381
G0 F1800 X11.437 Y33.747
G0 X9.693 Y32.432
G0 X9.566 Y33.224
;TYPE:FILL
G1 F1500 E1517.82381
G1 F1200 X8.215 Y31.873 E1517.93501
G1 X8.145 Y31.803
G0 F1800 X8.085 Y36.764
G1 F1200 X9.566 Y38.245 E1518.05692
G1 X9.636 Y38.315
G0 F1800 X9.626 Y38.315
G0 X8.085 Y41.785
G1 F1200 X9.566 Y43.265 E1518.17879
G1 X9.636 Y43.335
G0 F1800 X9.626 Y43.335
G0 X8.085 Y46.805
G1 F1200 X9.566 Y48.286 E1518.3007
G1 X9.636 Y48.356
G0 F1800 X10.033 Y48.753
G1 F1200 X11.513 Y50.232 E1518.42248
G1 X11.583 Y50.302
G0 F1800 X11.583 Y50.294
G0 X15.054 Y48.753
G1 F1200 X16.533 Y50.232 E1518.54422
G1 X16.603 Y50.302
G0 F1800 X16.603 Y50.294
G0 X20.074 Y48.753
G1 F1200 X21.554 Y50.232 E1518.66601
G1 X21.624 Y50.302
G0 F1800 X21.624 Y50.294
G0 X25.095 Y48.753
G1 F1200 X26.574 Y50.232 E1518.78775
G1 X26.644 Y50.302
G0 F1800 X26.644 Y50.294
G0 X30.115 Y48.753
G1 F1200 X31.594 Y50.232 E1518.90949
G1 X31.664 Y50.302
G0 F1800 X31.664 Y50.294
G0 X35.136 Y48.753
G1 F1200 X36.615 Y50.232 E1519.03124
G1 X36.685 Y50.302
G0 F1800 X36.685 Y50.294
G0 X40.156 Y48.753
G1 F1200 X41.635 Y50.232 E1519.15298
G1 X41.705 Y50.302
G0 F1800 X41.705 Y50.294
G0 X45.085 Y48.661
G1 F1200 X46.565 Y50.142 E1519.27485
G1 X46.635 Y50.212
G0 F1800 X46.626 Y50.212
G0 X46.565 Y45.121
G1 F1200 X45.085 Y43.641 E1519.39667
G1 X45.015 Y43.571
G0 F1800 X45.026 Y43.571
G0 X46.565 Y40.101
G1 F1200 X45.085 Y38.62 E1519.51854
G1 X45.015 Y38.55
G0 F1800 X45.026 Y38.55
G0 X46.565 Y35.08
G1 F1200 X45.085 Y33.6 E1519.64037
G1 X45.015 Y33.53
G0 F1800 X45.026 Y33.53
G0 X44.954 Y48.622
G0 X9.656 Y48.664
G0 X9.726 Y48.594
;TYPE:WALL-INNER
G1 F1200 X44.926 Y48.594 E1521.68919
G1 X44.926 Y32.411 E1522.63113
G1 X46.42 Y31.704 E1522.72733
G1 X46.653 Y31.594 E1522.74233
G1 X46.726 Y31.594 E1522.74658
G1 X46.726 Y31.852 E1522.75642
G1 X46.726 Y50.394 E1523.83566
G1 X7.926 Y50.394 E1526.09402
G1 X7.926 Y31.852 E1527.17326
G1 X7.926 Y31.594 E1527.18828
G1 X7.999 Y31.594 E1527.19253
G1 X8.232 Y31.704 E1527.20234
G1 X9.726 Y32.411 E1527.29854
G1 X9.726 Y48.594 E1528.24048
G0 F1800 X10.126 Y48.194
;TYPE:WALL-OUTER
G1 F600 X44.526 Y48.194 E1530.24274
G1 X44.526 Y32.157 E1531.17618
G1 X46.562 Y31.194 E1531.30727
G1 X47.126 Y31.194 E1531.3401
G1 X47.126 Y50.794 E1532.48092
G1 X7.526 Y50.794 E1534.78585
G1 X7.526 Y31.194 E1535.92667
G1 X8.09 Y31.194 E1535.9595
G1 X10.126 Y32.157 E1536.09059
G1 X10.126 Y48.194 E1537.02403
G0 F1800 X11.126 Y48.194
G0 X11.126 Y48.994
G1 F1500 E1530.52403
G0 F1800 X12.534 Y50.354
G0 X12.534 Y51.659
G0 X6.673 Y51.647
G0 X6.673 Y30.341
G0 X8.284 Y30.33
G0 X10.3 Y31.315
G0 X15.399 Y33.809
G0 X15.022 Y35.059
G0 X13.534 Y34.653
;TIME_ELAPSED:2497.140352
;LAYER:33
G0 X13.534 Y34.653 Z11.85
;TYPE:FILL
G1 F1500 E1537.02403
G1 F1200 X11.585 Y36.601 E1537.18442
G1 X11.515 Y36.671
G0 F1800 X11.526 Y36.671
G0 X11.585 Y41.622
G1 F1200 X17.424 Y35.783 E1537.66505
G1 X17.494 Y35.713
G0 F1800 X17.487 Y35.739
G0 X21.653 Y36.575
G1 F1200 X11.995 Y46.233 E1538.46005
G1 X11.925 Y46.303
G0 F1800 X11.925 Y46.294
G0 X17.015 Y46.233
G1 F1200 X26.297 Y36.951 E1539.22409
G1 X26.367 Y36.881
G0 F1800 X26.367 Y36.895
G0 X31.469 Y36.799
G1 F1200 X22.036 Y46.233 E1540.00061
G1 X21.966 Y46.303
G0 F1800 X21.966 Y46.294
G0 X27.056 Y46.233
G1 F1200 X37.598 Y35.691 E1540.86837
G1 X37.668 Y35.621
G0 F1800 X43.065 Y35.245
G1 F1200 X32.077 Y46.233 E1541.77284
G1 X32.007 Y46.303
G0 F1800 X32.007 Y46.294
G0 X37.097 Y46.233
G1 F1200 X43.065 Y40.265 E1542.2641
G1 X43.135 Y40.195
G0 F1800 X43.126 Y40.195
G0 X43.065 Y45.285
G1 F1200 X42.118 Y46.233 E1542.34209
G1 X42.048 Y46.303
G0 F1800 X42.048 Y46.294
G0 X31.486 Y36.74
G0 X31.477 Y36.641
;TYPE:WALL-INNER
G1 F1200 X35.644 Y36.018 E1542.58733
G1 X39.62 Y35.021 E1542.82591
G1 X42.96 Y33.826 E1543.03239
G1 X43.226 Y33.731 E1543.04883
G1 X43.226 Y34.013 E1543.05853
G1 X43.226 Y34.014 E1543.05859
G1 X43.226 Y46.394 E1543.77917
G1 X11.426 Y46.394 E1545.6301
G1 X11.426 Y34.014 E1546.35068
G1 X11.426 Y34.013 E1546.35074
G1 X11.426 Y33.731 E1546.36715
G1 X11.692 Y33.826 E1546.37687
G1 X15.033 Y35.021 E1546.5834
G1 X19.064 Y36.031 E1546.82528
G1 X23.146 Y36.637 E1547.06548
G1 X27.326 Y36.844 E1547.30907
G1 X31.477 Y36.641 E1547.55097
G0 F1800 X31.486 Y36.74
G0 X27.326 Y36.884
G0 X23.143 Y36.676
G0 X19.057 Y36.07
G0 X15.426 Y35.161
G0 X11.483 Y33.812
G0 X11.272 Y33.251
;TYPE:WALL-OUTER
G1 F600 X11.374 Y33.287 E1547.55727
G1 X15.149 Y34.638 E1547.79064
G1 X19.142 Y35.638 E1548.03023
G1 X23.185 Y36.238 E1548.26813
G1 X27.326 Y36.444 E1548.50946
G1 X31.438 Y36.242 E1548.74909
G1 X35.566 Y35.625 E1548.99203
G1 X39.504 Y34.638 E1549.22833
G1 X43.278 Y33.287 E1549.46165
G1 X43.38 Y33.251 E1549.46794
G1 X43.626 Y33.135 E1549.48377
G1 X43.626 Y33.251
G1 X43.626 Y33.36 E1549.48913
G1 X43.626 Y46.794 E1550.27106
G1 X11.026 Y46.794 E1552.16855
G1 X11.026 Y33.36 E1552.95048
G1 X11.026 Y33.251 E1552.95583
G1 X11.026 Y33.135 E1552.96258
G1 X11.272 Y33.251 E1552.96604
G0 F1800 X11.374 Y33.287
G0 X12.213 Y33.587
G0 X11.943 Y34.34
G1 F1500 E1546.46604
G0 F1800 X11.437 Y33.747
G0 X9.693 Y32.432
G0 X9.565 Y33.601
;TYPE:FILL
G1 F1500 E1552.96604
G1 F1200 X8.085 Y35.081 E1553.08787
G1 X8.015 Y35.151
G0 F1800 X8.026 Y35.151
G0 X9.565 Y38.622
G1 F1200 X8.085 Y40.102 E1553.20969
G1 X8.015 Y40.172
G0 F1800 X8.026 Y40.172
G0 X9.565 Y43.642
G1 F1200 X8.085 Y45.122 E1553.33152
G1 X8.015 Y45.192
G0 F1800 X8.026 Y45.192
G0 X9.565 Y48.663
G1 F1200 X8.085 Y50.143 E1553.45334
G1 X8.015 Y50.213
G0 F1800 X8.026 Y50.213
G0 X13.015 Y50.233
G1 F1200 X14.496 Y48.752 E1553.57525
G1 X14.566 Y48.682
G0 F1800 X14.566 Y48.694
G0 X18.036 Y50.233
G1 F1200 X19.516 Y48.752 E1553.69712
G1 X19.586 Y48.682
G0 F1800 X19.586 Y48.694
G0 X23.056 Y50.233
G1 F1200 X24.537 Y48.752 E1553.81903
G1 X24.607 Y48.682
G0 F1800 X24.607 Y48.694
G0 X28.077 Y50.233
G1 F1200 X29.557 Y48.752 E1553.94089
G1 X29.627 Y48.682
G0 F1800 X29.627 Y48.694
G0 X33.097 Y50.233
G1 F1200 X34.578 Y48.752 E1554.0628
G1 X34.648 Y48.682
G0 F1800 X34.648 Y48.694
G0 X38.118 Y50.233
G1 F1200 X39.598 Y48.752 E1554.18467
G1 X39.668 Y48.682
G0 F1800 X39.668 Y48.694
G0 X43.138 Y50.233
G1 F1200 X44.619 Y48.752 E1554.30658
G1 X44.689 Y48.682
G0 F1800 X45.085 Y48.286
G1 F1200 X46.565 Y46.806 E1554.4284
G1 X46.635 Y46.736
G0 F1800 X46.626 Y46.736
G0 X45.085 Y43.265
G1 F1200 X46.565 Y41.786 E1554.55019
G1 X46.635 Y41.716
G0 F1800 X46.626 Y41.716
G0 X45.085 Y38.245
G1 F1200 X46.565 Y36.766 E1554.67197
G1 X46.635 Y36.696
G0 F1800 X46.626 Y36.696
G0 X45.085 Y33.224
G1 F1200 X46.436 Y31.874 E1554.78314
G1 X46.506 Y31.804
G0 F1800 X44.954 Y48.622
G0 X9.656 Y48.664
G0 X9.726 Y48.594
;TYPE:WALL-INNER
G1 F1200 X44.926 Y48.594 E1556.83196
G1 X44.926 Y32.411 E1557.7739
G1 X46.42 Y31.704 E1557.8701
G1 X46.653 Y31.594 E1557.8851
G1 X46.726 Y31.594 E1557.88935
G1 X46.726 Y31.852 E1557.89919
G1 X46.726 Y50.394 E1558.97843
G1 X7.926 Y50.394 E1561.23679
G1 X7.926 Y31.852 E1562.31604
G1 X7.926 Y31.594 E1562.33105
G1 X7.999 Y31.594 E1562.3353
G1 X8.232 Y31.704 E1562.34511
G1 X9.726 Y32.411 E1562.44132
G1 X9.726 Y48.594 E1563.38325
G0 F1800 X10.126 Y48.194
;TYPE:WALL-OUTER
G1 F600 X44.526 Y48.194 E1565.38551
G1 X44.526 Y32.157 E1566.31895
G1 X46.562 Y31.194 E1566.45004
G1 X47.126 Y31.194 E1566.48287
G1 X47.126 Y50.794 E1567.62369
G1 X7.526 Y50.794 E1569.92862
G1 X7.526 Y31.194 E1571.06944
G1 X8.09 Y31.194 E1571.10227
G1 X10.126 Y32.157 E1571.23336
G1 X10.126 Y48.194 E1572.1668
G0 F1800 X11.126 Y48.194
G0 X11.126 Y48.994
G1 F1500 E1565.6668
G0 F1800 X10.397 Y50.354
G0 X10.397 Y51.659
G0 X6.673 Y51.647
G0 X6.673 Y30.341
G0 X8.284 Y30.33
G0 X10.984 Y31.613
G0 X11.85 Y32.54
G0 X11.449 Y33.763
G0 X11.585 Y35.244
;TIME_ELAPSED:2548.084628
;LAYER:34
G0 X11.585 Y35.244 Z12.2
;TYPE:FILL
G1 F1500 E1572.1668
G1 F1200 X22.574 Y46.232 E1573.07131
G1 X22.644 Y46.302
G0 F1800 X22.644 Y46.294
G0 X27.594 Y46.232
G1 F1200 X17.053 Y35.691 E1573.93899
G1 X16.983 Y35.621
G0 F1800 X18.158 Y35.875
G0 X23.18 Y36.797
G1 F1200 X32.615 Y46.232 E1574.71563
G1 X32.685 Y46.302
G0 F1800 X32.685 Y46.294
G0 X37.635 Y46.232
G1 F1200 X28.356 Y36.953 E1575.47943
G1 X28.286 Y36.883
G0 F1800 X28.286 Y36.897
G0 X32.997 Y36.574
G1 F1200 X42.656 Y46.232 E1576.27446
G1 X42.726 Y46.302
G0 F1800 X42.726 Y46.294
G0 X43.065 Y41.621
G1 F1200 X37.228 Y35.784 E1576.75494
G1 X37.158 Y35.714
G0 F1800 X37.163 Y35.74
G0 X41.118 Y34.654
G1 F1200 X43.065 Y36.601 E1576.9152
G1 X43.135 Y36.671
G0 F1800 X43.126 Y36.671
G0 X17.553 Y46.232
G1 F1200 X11.585 Y40.264 E1577.40646
G1 X11.515 Y40.194
G0 F1800 X11.526 Y40.194
G0 X11.585 Y45.285
G1 F1200 X12.533 Y46.232 E1577.48445
G1 X12.603 Y46.302
G0 F1800 X12.603 Y46.294
G0 X31.486 Y36.74
G0 X31.477 Y36.641
;TYPE:WALL-INNER
G1 F1200 X35.642 Y36.018 E1577.72957
G1 X39.62 Y35.021 E1577.96827
G1 X42.96 Y33.826 E1578.17475
G1 X43.226 Y33.731 E1578.19119
G1 X43.226 Y34.013 E1578.20089
G1 X43.226 Y34.014 E1578.20095
G1 X43.226 Y46.394 E1578.92153
G1 X11.426 Y46.394 E1580.77246
G1 X11.426 Y34.014 E1581.49304
G1 X11.426 Y34.013 E1581.4931
G1 X11.426 Y33.731 E1581.50951
G1 X11.692 Y33.826 E1581.51923
G1 X15.033 Y35.021 E1581.72576
G1 X19.064 Y36.031 E1581.96764
G1 X23.147 Y36.637 E1582.20789
G1 X27.326 Y36.844 E1582.45143
G1 X31.477 Y36.641 E1582.69333
G0 F1800 X31.486 Y36.74
G0 X27.326 Y36.884
G0 X23.144 Y36.676
G0 X19.057 Y36.07
G0 X15.426 Y35.161
G0 X11.483 Y33.812
G0 X11.272 Y33.251
;TYPE:WALL-OUTER
G1 F600 X11.374 Y33.287 E1582.69963
G1 X15.149 Y34.638 E1582.933
G1 X19.142 Y35.638 E1583.17259
G1 X23.186 Y36.238 E1583.41055
G1 X27.326 Y36.444 E1583.65182
G1 X31.438 Y36.242 E1583.89144
G1 X35.564 Y35.625 E1584.13427
G1 X39.504 Y34.638 E1584.37068
G1 X43.278 Y33.287 E1584.604
G1 X43.38 Y33.251 E1584.6103
G1 X43.626 Y33.135 E1584.62613
G1 X43.626 Y33.251
G1 X43.626 Y33.36 E1584.63148
G1 X43.626 Y46.794 E1585.41341
G1 X11.026 Y46.794 E1587.3109
G1 X11.026 Y33.36 E1588.09283
G1 X11.026 Y33.251 E1588.09818
G1 X11.026 Y33.135 E1588.10493
G1 X11.272 Y33.251 E1588.1084
G0 F1800 X11.374 Y33.287
G0 X12.213 Y33.587
G0 X11.943 Y34.34
G1 F1500 E1581.6084
G0 F1800 X11.437 Y33.747
G0 X9.693 Y32.432
G0 X9.566 Y33.224
;TYPE:FILL
G1 F1500 E1588.1084
G1 F1200 X8.215 Y31.873 E1588.2196
G1 X8.145 Y31.803
G0 F1800 X8.085 Y36.764
G1 F1200 X9.566 Y38.245 E1588.34151
G1 X9.636 Y38.315
G0 F1800 X9.626 Y38.315
G0 X8.085 Y41.785
G1 F1200 X9.566 Y43.265 E1588.46338
G1 X9.636 Y43.335
G0 F1800 X9.626 Y43.335
G0 X8.085 Y46.805
G1 F1200 X9.566 Y48.286 E1588.58529
G1 X9.636 Y48.356
G0 F1800 X10.033 Y48.753
G1 F1200 X11.513 Y50.232 E1588.70707
G1 X11.583 Y50.302
G0 F1800 X11.583 Y50.294
G0 X15.054 Y48.753
G1 F1200 X16.533 Y50.232 E1588.82881
G1 X16.603 Y50.302
G0 F1800 X16.603 Y50.294
G0 X20.074 Y48.753
G1 F1200 X21.554 Y50.232 E1588.9506
G1 X21.624 Y50.302
G0 F1800 X21.624 Y50.294
G0 X25.095 Y48.753
G1 F1200 X26.574 Y50.232 E1589.07234
G1 X26.644 Y50.302
G0 F1800 X26.644 Y50.294
G0 X30.115 Y48.753
G1 F1200 X31.594 Y50.232 E1589.19409
G1 X31.664 Y50.302
G0 F1800 X31.664 Y50.294
G0 X35.136 Y48.753
G1 F1200 X36.615 Y50.232 E1589.31583
G1 X36.685 Y50.302
G0 F1800 X36.685 Y50.294
G0 X40.156 Y48.753
G1 F1200 X41.635 Y50.232 E1589.43757
G1 X41.705 Y50.302
G0 F1800 X41.705 Y50.294
G0 X45.085 Y48.661
G1 F1200 X46.565 Y50.142 E1589.55944
G1 X46.635 Y50.212
G0 F1800 X46.626 Y50.212
G0 X46.565 Y45.121
G1 F1200 X45.085 Y43.641 E1589.68126
G1 X45.015 Y43.571
G0 F1800 X45.026 Y43.571
G0 X46.565 Y40.101
G1 F1200 X45.085 Y38.62 E1589.80313
G1 X45.015 Y38.55
G0 F1800 X45.026 Y38.55
G0 X46.565 Y35.08
G1 F1200 X45.085 Y33.6 E1589.92496
G1 X45.015 Y33.53
G0 F1800 X45.026 Y33.53
G0 X44.954 Y48.622
G0 X9.656 Y48.664
G0 X9.726 Y48.594
;TYPE:WALL-INNER
G1 F1200 X44.926 Y48.594 E1591.97378
G1 X44.926 Y32.411 E1592.91572
G1 X46.42 Y31.704 E1593.01192
G1 X46.653 Y31.594 E1593.02692
G1 X46.726 Y31.594 E1593.03117
G1 X46.726 Y31.852 E1593.04101
G1 X46.726 Y50.394 E1594.12025
G1 X7.926 Y50.394 E1596.37861
G1 X7.926 Y31.852 E1597.45786
G1 X7.926 Y31.594 E1597.47287
G1 X7.999 Y31.594 E1597.47712
G1 X8.232 Y31.704 E1597.48693
G1 X9.726 Y32.411 E1597.58313
G1 X9.726 Y48.594 E1598.52507
G0 F1800 X10.126 Y48.194
;TYPE:WALL-OUTER
G1 F600 X44.526 Y48.194 E1600.52733
G1 X44.526 Y32.157 E1601.46077
G1 X46.562 Y31.194 E1601.59186
G1 X47.126 Y31.194 E1601.62469
G1 X47.126 Y50.794 E1602.76551
G1 X7.526 Y50.794 E1605.07044
G1 X7.526 Y31.194 E1606.21126
G1 X8.09 Y31.194 E1606.24409
G1 X10.126 Y32.157 E1606.37518
G1 X10.126 Y48.194 E1607.30862
G0 F1800 X11.126 Y48.194
G0 X11.126 Y48.994
G1 F1500 E1600.80862
G0 F1800 X12.534 Y50.354
G0 X12.534 Y51.659
G0 X6.673 Y51.647
G0 X6.673 Y30.341
G0 X8.284 Y30.33
G0 X10.3 Y31.315
G0 X15.399 Y33.809
G0 X15.022 Y35.059
G0 X13.534 Y34.653
;TIME_ELAPSED:2600.172410
;LAYER:35
G0 X13.534 Y34.653 Z12.55
;TYPE:FILL
G1 F1500 E1607.30862
G1 F1200 X11.585 Y36.601 E1607.46901
G1 X11.515 Y36.671
G0 F1800 X11.526 Y36.671
G0 X11.585 Y41.622
G1 F1200 X17.424 Y35.783 E1607.94964
G1 X17.494 Y35.713
G0 F1800 X17.487 Y35.739
G0 X21.653 Y36.575
G1 F1200 X11.995 Y46.233 E1608.74464
G1 X11.925 Y46.303
G0 F1800 X11.925 Y46.294
G0 X17.015 Y46.233
G1 F1200 X26.297 Y36.951 E1609.50868
G1 X26.367 Y36.881
G0 F1800 X26.367 Y36.895
G0 X31.469 Y36.799
G1 F1200 X22.036 Y46.233 E1610.2852
G1 X21.966 Y46.303
G0 F1800 X21.966 Y46.294
G0 X27.056 Y46.233
G1 F1200 X37.598 Y35.691 E1611.15296
G1 X37.668 Y35.621
G0 F1800 X43.065 Y35.245
G1 F1200 X32.077 Y46.233 E1612.05743
G1 X32.007 Y46.303
G0 F1800 X32.007 Y46.294
G0 X37.097 Y46.233
G1 F1200 X43.065 Y40.265 E1612.54869
G1 X43.135 Y40.195
G0 F1800 X43.126 Y40.195
G0 X43.065 Y45.285
G1 F1200 X42.118 Y46.233 E1612.62668
G1 X42.048 Y46.303
G0 F1800 X42.048 Y46.294
G0 X31.486 Y36.74
G0 X31.477 Y36.641
;TYPE:WALL-INNER
G1 F1200 X35.64 Y36.019 E1612.87168
G1 X39.62 Y35.021 E1613.11051
G1 X42.96 Y33.826 E1613.31698
G1 X43.226 Y33.731 E1613.33342
G1 X43.226 Y34.013 E1613.34313
G1 X43.226 Y34.014 E1613.34318
G1 X43.226 Y46.394 E1614.06377
G1 X11.426 Y46.394 E1615.91469
G1 X11.426 Y34.014 E1616.63527
G1 X11.426 Y34.013 E1616.63533
G1 X11.426 Y33.731 E1616.65175
G1 X11.692 Y33.826 E1616.66147
G1 X15.033 Y35.021 E1616.868
G1 X19.064 Y36.031 E1617.10987
G1 X23.148 Y36.637 E1617.35019
G1 X27.326 Y36.844 E1617.59367
G1 X31.477 Y36.641 E1617.83556
G0 F1800 X31.486 Y36.74
G0 X27.326 Y36.884
G0 X23.145 Y36.676
G0 X19.057 Y36.07
G0 X15.426 Y35.161
G0 X11.483 Y33.812
G0 X11.272 Y33.251
;TYPE:WALL-OUTER
G1 F600 X11.374 Y33.287 E1617.84186
G1 X15.149 Y34.638 E1618.07523
G1 X19.142 Y35.638 E1618.31482
G1 X23.187 Y36.238 E1618.55284
G1 X27.326 Y36.444 E1618.79405
G1 X31.438 Y36.242 E1619.03368
G1 X35.562 Y35.626 E1619.27638
G1 X39.504 Y34.638 E1619.51292
G1 X43.278 Y33.287 E1619.74624
G1 X43.38 Y33.251 E1619.75253
G1 X43.626 Y33.135 E1619.76836
G1 X43.626 Y33.251
G1 X43.626 Y33.36 E1619.77372
G1 X43.626 Y46.794 E1620.55565
G1 X11.026 Y46.794 E1622.45314
G1 X11.026 Y33.36 E1623.23507
G1 X11.026 Y33.251 E1623.24042
G1 X11.026 Y33.135 E1623.24717
G1 X11.272 Y33.251 E1623.25063
G0 F1800 X11.374 Y33.287
G0 X12.213 Y33.587
G0 X11.943 Y34.34
G1 F1500 E1616.75063
G0 F1800 X11.437 Y33.747
G0 X9.693 Y32.432
G0 X9.565 Y33.601
;TYPE:FILL
G1 F1500 E1623.25063
G1 F1200 X8.085 Y35.081 E1623.37246
G1 X8.015 Y35.151
G0 F1800 X8.026 Y35.151
G0 X9.565 Y38.622
G1 F1200 X8.085 Y40.102 E1623.49428
G1 X8.015 Y40.172
G0 F1800 X8.026 Y40.172
G0 X9.565 Y43.642
G1 F1200 X8.085 Y45.122 E1623.61611
G1 X8.015 Y45.192
G0 F1800 X8.026 Y45.192
G0 X9.565 Y48.663
G1 F1200 X8.085 Y50.143 E1623.73794
G1 X8.015 Y50.213
G0 F1800 X8.026 Y50.213
G0 X13.015 Y50.233
G1 F1200 X14.496 Y48.752 E1623.85984
G1 X14.566 Y48.682
G0 F1800 X14.566 Y48.694
G0 X18.036 Y50.233
G1 F1200 X19.516 Y48.752 E1623.98171
G1 X19.586 Y48.682
G0 F1800 X19.586 Y48.694
G0 X23.056 Y50.233
G1 F1200 X24.537 Y48.752 E1624.10362
G1 X24.607 Y48.682
G0 F1800 X24.607 Y48.694
G0 X28.077 Y50.233
G1 F1200 X29.557 Y48.752 E1624.22549
G1 X29.627 Y48.682
G0 F1800 X29.627 Y48.694
G0 X33.097 Y50.233
G1 F1200 X34.578 Y48.752 E1624.34739
G1 X34.648 Y48.682
G0 F1800 X34.648 Y48.694
G0 X38.118 Y50.233
G1 F1200 X39.598 Y48.752 E1624.46926
G1 X39.668 Y48.682
G0 F1800 X39.668 Y48.694
G0 X43.138 Y50.233
G1 F1200 X44.619 Y48.752 E1624.59117
G1 X44.689 Y48.682
G0 F1800 X45.085 Y48.286
G1 F1200 X46.565 Y46.806 E1624.71299
G1 X46.635 Y46.736
G0 F1800 X46.626 Y46.736
G0 X45.085 Y43.265
G1 F1200 X46.565 Y41.786 E1624.83478
G1 X46.635 Y41.716
G0 F1800 X46.626 Y41.716
G0 X45.085 Y38.245
G1 F1200 X46.565 Y36.766 E1624.95656
G1 X46.635 Y36.696
G0 F1800 X46.626 Y36.696
G0 X45.085 Y33.224
G1 F1200 X46.436 Y31.874 E1625.06773
G1 X46.506 Y31.804
G0 F1800 X44.954 Y48.622
G0 X9.656 Y48.664
G0 X9.726 Y48.594
;TYPE:WALL-INNER
G1 F1200 X44.926 Y48.594 E1627.11655
G1 X44.926 Y32.411 E1628.05849
G1 X46.42 Y31.704 E1628.15469
G1 X46.653 Y31.594 E1628.16969
G1 X46.726 Y31.594 E1628.17394
G1 X46.726 Y31.852 E1628.18378
G1 X46.726 Y50.394 E1629.26302
G1 X7.926 Y50.394 E1631.52139
G1 X7.926 Y31.852 E1632.60063
G1 X7.926 Y31.594 E1632.61564
G1 X7.999 Y31.594 E1632.61989
G1 X8.232 Y31.704 E1632.6297
G1 X9.726 Y32.411 E1632.72591
G1 X9.726 Y48.594 E1633.66784
G0 F1800 X10.126 Y48.194
;TYPE:WALL-OUTER
G1 F600 X44.526 Y48.194 E1635.6701
G1 X44.526 Y32.157 E1636.60354
G1 X46.562 Y31.194 E1636.73463
G1 X47.126 Y31.194 E1636.76746
G1 X47.126 Y50.794 E1637.90828
G1 X7.526 Y50.794 E1640.21321
G1 X7.526 Y31.194 E1641.35403
G1 X8.09 Y31.194 E1641.38686
G1 X10.126 Y32.157 E1641.51795
G1 X10.126 Y48.194 E1642.45139
G0 F1800 X11.126 Y48.194
G0 X11.126 Y48.994
G1 F1500 E1635.95139
G0 F1800 X10.397 Y50.354
G0 X10.397 Y51.659
G0 X6.673 Y51.647
G0 X6.673 Y30.341
G0 X8.284 Y30.33
G0 X10.984 Y31.613
G0 X11.85 Y32.54
G0 X11.449 Y33.763
G0 X11.585 Y35.244
;TIME_ELAPSED:2651.116686
;LAYER:36
G0 X11.585 Y35.244 Z12.9
;TYPE:FILL
G1 F1500 E1642.45139
G1 F1200 X22.574 Y46.232 E1643.35591
G1 X22.644 Y46.302
G0 F1800 X22.644 Y46.294
G0 X27.594 Y46.232
G1 F1200 X17.053 Y35.691 E1644.22358
G1 X16.983 Y35.621
G0 F1800 X18.158 Y35.875
G0 X23.18 Y36.797
G1 F1200 X32.615 Y46.232 E1645.00022
G1 X32.685 Y46.302
G0 F1800 X32.685 Y46.294
G0 X37.635 Y46.232
G1 F1200 X28.356 Y36.953 E1645.76402
G1 X28.286 Y36.883
G0 F1800 X28.286 Y36.897
G0 X32.997 Y36.574
G1 F1200 X42.656 Y46.232 E1646.55906
G1 X42.726 Y46.302
G0 F1800 X42.726 Y46.294
G0 X43.065 Y41.621
G1 F1200 X37.228 Y35.784 E1647.03953
G1 X37.158 Y35.714
G0 F1800 X37.163 Y35.74
G0 X41.118 Y34.654
G1 F1200 X43.065 Y36.601 E1647.19979
G1 X43.135 Y36.671
G0 F1800 X43.126 Y36.671
G0 X17.553 Y46.232
G1 F1200 X11.585 Y40.264 E1647.69105
G1 X11.515 Y40.194
G0 F1800 X11.526 Y40.194
G0 X11.585 Y45.285
G1 F1200 X12.533 Y46.232 E1647.76904
G1 X12.603 Y46.302
G0 F1800 X12.603 Y46.294
G0 X31.486 Y36.74
G0 X31.477 Y36.641
;TYPE:WALL-INNER
G1 F1200 X35.638 Y36.019 E1648.01392
G1 X39.62 Y35.021 E1648.25286
G1 X42.96 Y33.826 E1648.45934
G1 X43.226 Y33.731 E1648.47578
G1 X43.226 Y34.013 E1648.48548
G1 X43.226 Y34.014 E1648.48554
G1 X43.226 Y46.394 E1649.20612
G1 X11.426 Y46.394 E1651.05705
G1 X11.426 Y34.014 E1651.77763
G1 X11.426 Y34.013 E1651.77769
G1 X11.426 Y33.731 E1651.7941
G1 X11.692 Y33.826 E1651.80382
G1 X15.033 Y35.021 E1652.01035
G1 X19.064 Y36.031 E1652.25223
G1 X23.149 Y36.637 E1652.4926
G1 X27.326 Y36.844 E1652.73602
G1 X31.477 Y36.641 E1652.97792
G0 F1800 X31.486 Y36.74
G0 X27.326 Y36.884
G0 X23.146 Y36.676
G0 X19.057 Y36.07
G0 X15.426 Y35.161
G0 X11.483 Y33.812
G0 X11.272 Y33.251
;TYPE:WALL-OUTER
G1 F600 X11.374 Y33.287 E1652.98422
G1 X15.149 Y34.638 E1653.21759
G1 X19.142 Y35.638 E1653.45718
G1 X23.188 Y36.238 E1653.69525
G1 X27.326 Y36.444 E1653.93641
G1 X31.438 Y36.242 E1654.17603
G1 X35.56 Y35.626 E1654.41862
G1 X39.504 Y34.638 E1654.65528
G1 X43.278 Y33.287 E1654.88859
G1 X43.38 Y33.251 E1654.89489
G1 X43.626 Y33.135 E1654.91072
G1 X43.626 Y33.251
G1 X43.626 Y33.36 E1654.91607
G1 X43.626 Y46.794 E1655.698
G1 X11.026 Y46.794 E1657.59549
G1 X11.026 Y33.36 E1658.37742
G1 X11.026 Y33.251 E1658.38277
G1 X11.026 Y33.135 E1658.38953
G1 X11.272 Y33.251 E1658.39299
G0 F1800 X11.374 Y33.287
G0 X12.213 Y33.587
G0 X11.943 Y34.34
G1 F1500 E1651.89299
G0 F1800 X11.437 Y33.747
G0 X9.693 Y32.432
G0 X9.566 Y33.224
;TYPE:FILL
G1 F1500 E1658.39299
G1 F1200 X8.215 Y31.873 E1658.50419
G1 X8.145 Y31.803
G0 F1800 X8.085 Y36.764
G1 F1200 X9.566 Y38.245 E1658.6261
G1 X9.636 Y38.315
G0 F1800 X9.626 Y38.315
G0 X8.085 Y41.785
G1 F1200 X9.566 Y43.265 E1658.74797
G1 X9.636 Y43.335
G0 F1800 X9.626 Y43.335
G0 X8.085 Y46.805
G1 F1200 X9.566 Y48.286 E1658.86988
G1 X9.636 Y48.356
G0 F1800 X10.033 Y48.753
G1 F1200 X11.513 Y50.232 E1658.99166
G1 X11.583 Y50.302
G0 F1800 X11.583 Y50.294
G0 X15.054 Y48.753
G1 F1200 X16.533 Y50.232 E1659.11341
G1 X16.603 Y50.302
G0 F1800 X16.603 Y50.294
G0 X20.074 Y48.753
G1 F1200 X21.554 Y50.232 E1659.23519
G1 X21.624 Y50.302
G0 F1800 X21.624 Y50.294
G0 X25.095 Y48.753
G1 F1200 X26.574 Y50.232 E1659.35693
G1 X26.644 Y50.302
G0 F1800 X26.644 Y50.294
G0 X30.115 Y48.753
G1 F1200 X31.594 Y50.232 E1659.47868
G1 X31.664 Y50.302
G0 F1800 X31.664 Y50.294
G0 X35.136 Y48.753
G1 F1200 X36.615 Y50.232 E1659.60042
G1 X36.685 Y50.302
G0 F1800 X36.685 Y50.294
G0 X40.156 Y48.753
G1 F1200 X41.635 Y50.232 E1659.72216
G1 X41.705 Y50.302
G0 F1800 X41.705 Y50.294
G0 X45.085 Y48.661
G1 F1200 X46.565 Y50.142 E1659.84403
G1 X46.635 Y50.212
G0 F1800 X46.626 Y50.212
G0 X46.565 Y45.121
G1 F1200 X45.085 Y43.641 E1659.96586
G1 X45.015 Y43.571
G0 F1800 X45.026 Y43.571
G0 X46.565 Y40.101
G1 F1200 X45.085 Y38.62 E1660.08772
G1 X45.015 Y38.55
G0 F1800 X45.026 Y38.55
G0 X46.565 Y35.08
G1 F1200 X45.085 Y33.6 E1660.20955
G1 X45.015 Y33.53
G0 F1800 X45.026 Y33.53
G0 X44.954 Y48.622
G0 X9.656 Y48.664
G0 X9.726 Y48.594
;TYPE:WALL-INNER
G1 F1200 X44.926 Y48.594 E1662.25837
G1 X44.926 Y32.411 E1663.20031
G1 X46.42 Y31.704 E1663.29651
G1 X46.653 Y31.594 E1663.31151
G1 X46.726 Y31.594 E1663.31576
G1 X46.726 Y31.852 E1663.3256
G1 X46.726 Y50.394 E1664.40484
G1 X7.926 Y50.394 E1666.6632
G1 X7.926 Y31.852 E1667.74245
G1 X7.926 Y31.594 E1667.75746
G1 X7.999 Y31.594 E1667.76171
G1 X8.232 Y31.704 E1667.77152
G1 X9.726 Y32.411 E1667.86773
G1 X9.726 Y48.594 E1668.80966
G0 F1800 X10.126 Y48.194
;TYPE:WALL-OUTER
G1 F600 X44.526 Y48.194 E1670.81192
G1 X44.526 Y32.157 E1671.74536
G1 X46.562 Y31.194 E1671.87645
G1 X47.126 Y31.194 E1671.90928
G1 X47.126 Y50.794 E1673.0501
G1 X7.526 Y50.794 E1675.35503
G1 X7.526 Y31.194 E1676.49585
G1 X8.09 Y31.194 E1676.52868
G1 X10.126 Y32.157 E1676.65977
G1 X10.126 Y48.194 E1677.59321
G0 F1800 X11.126 Y48.194
G0 X11.126 Y48.994
G1 F1500 E1671.09321
G0 F1800 X12.534 Y50.354
G0 X12.534 Y51.659
G0 X6.673 Y51.647
G0 X6.673 Y30.341
G0 X8.284 Y30.33
G0 X10.3 Y31.315
G0 X15.399 Y33.809
G0 X15.022 Y35.059
G0 X13.534 Y34.653
;TIME_ELAPSED:2703.204467
;LAYER:37
G0 X13.534 Y34.653 Z13.25
;TYPE:FILL
G1 F1500 E1677.59321
G1 F1200 X11.585 Y36.601 E1677.7536
G1 X11.515 Y36.671
G0 F1800 X11.526 Y36.671
G0 X11.585 Y41.622
G1 F1200 X17.424 Y35.783 E1678.23424
G1 X17.494 Y35.713
G0 F1800 X17.487 Y35.739
G0 X21.653 Y36.575
G1 F1200 X11.995 Y46.233 E1679.02923
G1 X11.925 Y46.303
G0 F1800 X11.925 Y46.294
G0 X17.015 Y46.233
G1 F1200 X26.297 Y36.951 E1679.79327
G1 X26.367 Y36.881
G0 F1800 X26.367 Y36.895
G0 X31.469 Y36.799
G1 F1200 X22.036 Y46.233 E1680.56979
G1 X21.966 Y46.303
G0 F1800 X21.966 Y46.294
G0 X27.056 Y46.233
G1 F1200 X37.598 Y35.691 E1681.43755
G1 X37.668 Y35.621
G0 F1800 X43.065 Y35.245
G1 F1200 X32.077 Y46.233 E1682.34202
G1 X32.007 Y46.303
G0 F1800 X32.007 Y46.294
G0 X37.097 Y46.233
G1 F1200 X43.065 Y40.265 E1682.83328
G1 X43.135 Y40.195
G0 F1800 X43.126 Y40.195
G0 X43.065 Y45.285
G1 F1200 X42.118 Y46.233 E1682.91127
G1 X42.048 Y46.303
G0 F1800 X42.048 Y46.294
G0 X31.486 Y36.74
G0 X31.477 Y36.641
;TYPE:WALL-INNER
G1 F1200 X35.635 Y36.02 E1683.15597
G1 X39.62 Y35.021 E1683.3951
G1 X42.96 Y33.826 E1683.60157
G1 X43.226 Y33.731 E1683.61801
G1 X43.226 Y34.013 E1683.62772
G1 X43.226 Y34.014 E1683.62778
G1 X43.226 Y46.394 E1684.34836
G1 X11.426 Y46.394 E1686.19928
G1 X11.426 Y34.014 E1686.91986
G1 X11.426 Y34.013 E1686.91992
G1 X11.426 Y33.731 E1686.93634
G1 X11.692 Y33.826 E1686.94606
G1 X15.033 Y35.021 E1687.15259
G1 X19.064 Y36.031 E1687.39446
G1 X23.15 Y36.637 E1687.63489
G1 X27.326 Y36.844 E1687.87826
G1 X31.477 Y36.641 E1688.12015
G0 F1800 X31.486 Y36.74
G0 X27.326 Y36.884
G0 X23.147 Y36.676
G0 X19.057 Y36.07
G0 X15.426 Y35.161
G0 X11.483 Y33.812
G0 X11.272 Y33.251
;TYPE:WALL-OUTER
G1 F600 X11.374 Y33.287 E1688.12645
G1 X15.149 Y34.638 E1688.35982
G1 X19.142 Y35.638 E1688.59941
G1 X23.189 Y36.238 E1688.83754
G1 X27.326 Y36.444 E1689.07864
G1 X31.438 Y36.242 E1689.31827
G1 X35.557 Y35.627 E1689.56067
G1 X39.504 Y34.638 E1689.79751
G1 X43.278 Y33.287 E1690.03083
G1 X43.38 Y33.251 E1690.03712
G1 X43.626 Y33.135 E1690.05295
G1 X43.626 Y33.251
G1 X43.626 Y33.36 E1690.05831
G1 X43.626 Y46.794 E1690.84024
G1 X11.026 Y46.794 E1692.73773
G1 X11.026 Y33.36 E1693.51966
G1 X11.026 Y33.251 E1693.52501
G1 X11.026 Y33.135 E1693.53176
G1 X11.272 Y33.251 E1693.53522
G0 F1800 X11.374 Y33.287
G0 X12.213 Y33.587
G0 X11.943 Y34.34
G1 F1500 E1687.03522
G0 F1800 X11.437 Y33.747
G0 X9.693 Y32.432
G0 X9.565 Y33.601
;TYPE:FILL
G1 F1500 E1693.53522
G1 F1200 X8.085 Y35.081 E1693.65705
G1 X8.015 Y35.151
G0 F1800 X8.026 Y35.151
G0 X9.565 Y38.622
G1 F1200 X8.085 Y40.102 E1693.77887
G1 X8.015 Y40.172
G0 F1800 X8.026 Y40.172
G0 X9.565 Y43.642
G1 F1200 X8.085 Y45.122 E1693.9007
G1 X8.015 Y45.192
G0 F1800 X8.026 Y45.192
G0 X9.565 Y48.663
G1 F1200 X8.085 Y50.143 E1694.02252
G1 X8.015 Y50.213
G0 F1800 X8.026 Y50.213
G0 X13.015 Y50.233
G1 F1200 X14.496 Y48.752 E1694.14443
G1 X14.566 Y48.682
G0 F1800 X14.566 Y48.694
G0 X18.036 Y50.233
G1 F1200 X19.516 Y48.752 E1694.2663
G1 X19.586 Y48.682
G0 F1800 X19.586 Y48.694
G0 X23.056 Y50.233
G1 F1200 X24.537 Y48.752 E1694.38821
G1 X24.607 Y48.682
G0 F1800 X24.607 Y48.694
G0 X28.077 Y50.233
G1 F1200 X29.557 Y48.752 E1694.51007
G1 X29.627 Y48.682
G0 F1800 X29.627 Y48.694
G0 X33.097 Y50.233
G1 F1200 X34.578 Y48.752 E1694.63198
G1 X34.648 Y48.682
G0 F1800 X34.648 Y48.694
G0 X38.118 Y50.233
G1 F1200 X39.598 Y48.752 E1694.75385
G1 X39.668 Y48.682
G0 F1800 X39.668 Y48.694
G0 X43.138 Y50.233
G1 F1200 X44.619 Y48.752 E1694.87576
G1 X44.689 Y48.682
G0 F1800 X45.085 Y48.286
G1 F1200 X46.565 Y46.806 E1694.99758
G1 X46.635 Y46.736
G0 F1800 X46.626 Y46.736
G0 X45.085 Y43.265
G1 F1200 X46.565 Y41.786 E1695.11937
G1 X46.635 Y41.716
G0 F1800 X46.626 Y41.716
G0 X45.085 Y38.245
G1 F1200 X46.565 Y36.766 E1695.24115
G1 X46.635 Y36.696
G0 F1800 X46.626 Y36.696
G0 X45.085 Y33.224
G1 F1200 X46.436 Y31.874 E1695.35232
G1 X46.506 Y31.804
G0 F1800 X44.954 Y48.622
G0 X9.656 Y48.664
G0 X9.726 Y48.594
;TYPE:WALL-INNER
G1 F1200 X44.926 Y48.594 E1697.40114
G1 X44.926 Y32.411 E1698.34308
G1 X46.42 Y31.704 E1698.43928
G1 X46.653 Y31.594 E1698.45428
G1 X46.726 Y31.594 E1698.45853
G1 X46.726 Y31.852 E1698.46837
G1 X46.726 Y50.394 E1699.54761
G1 X7.926 Y50.394 E1701.80597
G1 X7.926 Y31.852 E1702.88522
G1 X7.926 Y31.594 E1702.90023
G1 X7.999 Y31.594 E1702.90448
G1 X8.232 Y31.704 E1702.91429
G1 X9.726 Y32.411 E1703.0105
G1 X9.726 Y48.594 E1703.95243
G0 F1800 X10.126 Y48.194
;TYPE:WALL-OUTER
G1 F600 X44.526 Y48.194 E1705.95469
G1 X44.526 Y32.157 E1706.88813
G1 X46.562 Y31.194 E1707.01922
G1 X47.126 Y31.194 E1707.05205
G1 X47.126 Y50.794 E1708.19287
G1 X7.526 Y50.794 E1710.4978
G1 X7.526 Y31.194 E1711.63862
G1 X8.09 Y31.194 E1711.67145
G1 X10.126 Y32.157 E1711.80254
G1 X10.126 Y48.194 E1712.73598
G0 F1800 X11.126 Y48.194
G0 X11.126 Y48.994
G1 F1500 E1706.23598
G0 F1800 X10.397 Y50.354
G0 X10.397 Y51.659
G0 X6.673 Y51.647
G0 X6.673 Y30.341
G0 X8.284 Y30.33
G0 X10.984 Y31.613
G0 X11.85 Y32.54
G0 X11.449 Y33.763
G0 X11.585 Y35.244
;TIME_ELAPSED:2754.148739
;LAYER:38
G0 X11.585 Y35.244 Z13.6
;TYPE:FILL
G1 F1500 E1712.73598
G1 F1200 X22.574 Y46.232 E1713.64049
G1 X22.644 Y46.302
G0 F1800 X22.644 Y46.294
G0 X27.594 Y46.232
G1 F1200 X17.053 Y35.691 E1714.50817
G1 X16.983 Y35.621
G0 F1800 X18.158 Y35.875
G0 X23.181 Y36.799
G1 F1200 X32.615 Y46.232 E1715.28469
G1 X32.685 Y46.302
G0 F1800 X32.685 Y46.294
G0 X37.635 Y46.232
G1 F1200 X28.356 Y36.953 E1716.04849
G1 X28.286 Y36.883
G0 F1800 X28.286 Y36.897
G0 X32.997 Y36.574
G1 F1200 X42.656 Y46.232 E1716.84352
G1 X42.726 Y46.302
G0 F1800 X42.726 Y46.294
G0 X43.065 Y41.621
G1 F1200 X37.228 Y35.784 E1717.32399
G1 X37.158 Y35.714
G0 F1800 X37.163 Y35.74
G0 X41.118 Y34.654
G1 F1200 X43.065 Y36.601 E1717.48426
G1 X43.135 Y36.671
G0 F1800 X43.126 Y36.671
G0 X17.553 Y46.232
G1 F1200 X11.585 Y40.264 E1717.97551
G1 X11.515 Y40.194
G0 F1800 X11.526 Y40.194
G0 X11.585 Y45.285
G1 F1200 X12.533 Y46.232 E1718.05351
G1 X12.603 Y46.302
G0 F1800 X12.603 Y46.294
G0 X31.486 Y36.74
G0 X31.477 Y36.641
;TYPE:WALL-INNER
G1 F1200 X35.633 Y36.02 E1718.29809
G1 X39.62 Y35.021 E1718.53733
G1 X42.96 Y33.826 E1718.7438
G1 X43.226 Y33.731 E1718.76024
G1 X43.226 Y34.013 E1718.76995
G1 X43.226 Y34.014 E1718.77001
G1 X43.226 Y46.394 E1719.49059
G1 X11.426 Y46.394 E1721.34152
G1 X11.426 Y34.014 E1722.0621
G1 X11.426 Y34.013 E1722.06215
G1 X11.426 Y33.731 E1722.07857
G1 X11.692 Y33.826 E1722.08829
G1 X15.033 Y35.021 E1722.29482
G1 X19.064 Y36.031 E1722.5367
G1 X23.151 Y36.638 E1722.77719
G1 X27.326 Y36.844 E1723.02049
G1 X31.477 Y36.641 E1723.26239
G0 F1800 X31.486 Y36.74
G0 X27.326 Y36.884
G0 X23.148 Y36.677
G0 X19.057 Y36.07
G0 X15.426 Y35.161
G0 X11.483 Y33.812
G0 X11.272 Y33.251
;TYPE:WALL-OUTER
G1 F600 X11.374 Y33.287 E1723.26869
G1 X15.149 Y34.638 E1723.50206
G1 X19.142 Y35.638 E1723.74165
G1 X23.19 Y36.239 E1723.97985
G1 X27.326 Y36.444 E1724.22088
G1 X31.438 Y36.242 E1724.46051
G1 X35.555 Y35.627 E1724.7028
G1 X39.504 Y34.638 E1724.93975
G1 X43.278 Y33.287 E1725.17307
G1 X43.38 Y33.251 E1725.17936
G1 X43.626 Y33.135 E1725.19519
G1 X43.626 Y33.251
G1 X43.626 Y33.36 E1725.20055
G1 X43.626 Y46.794 E1725.98248
G1 X11.026 Y46.794 E1727.87997
G1 X11.026 Y33.36 E1728.6619
G1 X11.026 Y33.251 E1728.66725
G1 X11.026 Y33.135 E1728.674
G1 X11.272 Y33.251 E1728.67746
G0 F1800 X11.374 Y33.287
G0 X12.213 Y33.587
G0 X11.943 Y34.34
G1 F1500 E1722.17746
G0 F1800 X11.437 Y33.747
G0 X9.693 Y32.432
G0 X9.566 Y33.224
;TYPE:FILL
G1 F1500 E1728.67746
G1 F1200 X8.215 Y31.873 E1728.78867
G1 X8.145 Y31.803
G0 F1800 X8.085 Y36.764
G1 F1200 X9.566 Y38.245 E1728.91058
G1 X9.636 Y38.315
G0 F1800 X9.626 Y38.315
G0 X8.085 Y41.785
G1 F1200 X9.566 Y43.265 E1729.03244
G1 X9.636 Y43.335
G0 F1800 X9.626 Y43.335
G0 X8.085 Y46.805
G1 F1200 X9.566 Y48.286 E1729.15435
G1 X9.636 Y48.356
G0 F1800 X10.033 Y48.753
G1 F1200 X11.513 Y50.232 E1729.27614
G1 X11.583 Y50.302
G0 F1800 X11.583 Y50.294
G0 X15.054 Y48.753
G1 F1200 X16.533 Y50.232 E1729.39788
G1 X16.603 Y50.302
G0 F1800 X16.603 Y50.294
G0 X20.074 Y48.753
G1 F1200 X21.554 Y50.232 E1729.51966
G1 X21.624 Y50.302
G0 F1800 X21.624 Y50.294
G0 X25.095 Y48.753
G1 F1200 X26.574 Y50.232 E1729.64141
G1 X26.644 Y50.302
G0 F1800 X26.644 Y50.294
G0 X30.115 Y48.753
G1 F1200 X31.594 Y50.232 E1729.76315
G1 X31.664 Y50.302
G0 F1800 X31.664 Y50.294
G0 X35.136 Y48.753
G1 F1200 X36.615 Y50.232 E1729.88489
G1 X36.685 Y50.302
G0 F1800 X36.685 Y50.294
G0 X40.156 Y48.753
G1 F1200 X41.635 Y50.232 E1730.00664
G1 X41.705 Y50.302
G0 F1800 X41.705 Y50.294
G0 X45.085 Y48.661
G1 F1200 X46.565 Y50.142 E1730.1285
G1 X46.635 Y50.212
G0 F1800 X46.626 Y50.212
G0 X46.565 Y45.121
G1 F1200 X45.085 Y43.641 E1730.25033
G1 X45.015 Y43.571
G0 F1800 X45.026 Y43.571
G0 X46.565 Y40.101
G1 F1200 X45.085 Y38.62 E1730.3722
G1 X45.015 Y38.55
G0 F1800 X45.026 Y38.55
G0 X46.565 Y35.08
G1 F1200 X45.085 Y33.6 E1730.49402
G1 X45.015 Y33.53
G0 F1800 X45.026 Y33.53
G0 X44.954 Y48.622
G0 X9.656 Y48.664
G0 X9.726 Y48.594
;TYPE:WALL-INNER
G1 F1200 X44.926 Y48.594 E1732.54285
G1 X44.926 Y32.411 E1733.48478
G1 X46.42 Y31.704 E1733.58099
G1 X46.653 Y31.594 E1733.59598
G1 X46.726 Y31.594 E1733.60023
G1 X46.726 Y31.852 E1733.61007
G1 X46.726 Y50.394 E1734.68932
G1 X7.926 Y50.394 E1736.94768
G1 X7.926 Y31.852 E1738.02692
G1 X7.926 Y31.594 E1738.04194
G1 X7.999 Y31.594 E1738.04619
G1 X8.232 Y31.704 E1738.056
G1 X9.726 Y32.411 E1738.1522
G1 X9.726 Y48.594 E1739.09414
G0 F1800 X10.126 Y48.194
;TYPE:WALL-OUTER
G1 F600 X44.526 Y48.194 E1741.0964
G1 X44.526 Y32.157 E1742.02983
G1 X46.562 Y31.194 E1742.16093
G1 X47.126 Y31.194 E1742.19375
G1 X47.126 Y50.794 E1743.33458
G1 X7.526 Y50.794 E1745.6395
G1 X7.526 Y31.194 E1746.78033
G1 X8.09 Y31.194 E1746.81315
G1 X10.126 Y32.157 E1746.94425
G1 X10.126 Y48.194 E1747.87769
G0 F1800 X11.126 Y48.194
G0 X11.126 Y48.994
G1 F1500 E1741.37769
G0 F1800 X12.534 Y50.354
G0 X12.534 Y51.659
G0 X6.673 Y51.647
G0 X6.673 Y30.341
G0 X8.284 Y30.33
G0 X10.3 Y31.315
G0 X15.399 Y33.809
G0 X15.022 Y35.059
G0 X13.534 Y34.653
;TIME_ELAPSED:2806.236474
;LAYER:39
G0 X13.534 Y34.653 Z13.95
;TYPE:FILL
G1 F1500 E1747.87769
G1 F1200 X11.585 Y36.601 E1748.03808
G1 X11.515 Y36.671
G0 F1800 X11.526 Y36.671
G0 X11.585 Y41.622
G1 F1200 X17.424 Y35.783 E1748.51871
G1 X17.494 Y35.713
G0 F1800 X17.487 Y35.739
G0 X21.653 Y36.575
G1 F1200 X11.995 Y46.233 E1749.31371
G1 X11.925 Y46.303
G0 F1800 X11.925 Y46.294
G0 X17.015 Y46.233
G1 F1200 X26.297 Y36.951 E1750.07775
G1 X26.367 Y36.881
G0 F1800 X26.367 Y36.895
G0 X31.469 Y36.799
G1 F1200 X22.036 Y46.233 E1750.85426
G1 X21.966 Y46.303
G0 F1800 X21.966 Y46.294
G0 X27.056 Y46.233
G1 F1200 X37.598 Y35.691 E1751.72203
G1 X37.668 Y35.621
G0 F1800 X43.065 Y35.245
G1 F1200 X32.077 Y46.233 E1752.6265
G1 X32.007 Y46.303
G0 F1800 X32.007 Y46.294
G0 X37.097 Y46.233
G1 F1200 X43.065 Y40.265 E1753.11775
G1 X43.135 Y40.195
G0 F1800 X43.126 Y40.195
G0 X43.065 Y45.285
G1 F1200 X42.118 Y46.233 E1753.19575
G1 X42.048 Y46.303
G0 F1800 X42.048 Y46.294
G0 X31.486 Y36.74
G0 X31.477 Y36.641
;TYPE:WALL-INNER
G1 F1200 X35.631 Y36.021 E1753.44021
G1 X39.62 Y35.021 E1753.67957
G1 X42.96 Y33.826 E1753.88605
G1 X43.226 Y33.731 E1753.90249
G1 X43.226 Y34.013 E1753.91219
G1 X43.226 Y34.014 E1753.91225
G1 X43.226 Y46.394 E1754.63283
G1 X11.426 Y46.394 E1756.48376
G1 X11.426 Y34.014 E1757.20434
G1 X11.426 Y34.013 E1757.2044
G1 X11.426 Y33.731 E1757.22081
G1 X11.692 Y33.826 E1757.23053
G1 X15.033 Y35.021 E1757.43706
G1 X19.064 Y36.031 E1757.67894
G1 X23.152 Y36.638 E1757.91949
G1 X27.326 Y36.844 E1758.16274
G1 X31.477 Y36.641 E1758.40463
G0 F1800 X31.486 Y36.74
G0 X27.326 Y36.884
G0 X23.149 Y36.677
G0 X19.057 Y36.07
G0 X15.426 Y35.161
G0 X11.483 Y33.812
G0 X11.272 Y33.251
;TYPE:WALL-OUTER
G1 F600 X11.374 Y33.287 E1758.41093
G1 X15.149 Y34.638 E1758.6443
G1 X19.142 Y35.638 E1758.88389
G1 X23.191 Y36.239 E1759.12215
G1 X27.326 Y36.444 E1759.36312
G1 X31.438 Y36.242 E1759.60275
G1 X35.553 Y35.628 E1759.84492
G1 X39.504 Y34.638 E1760.082
G1 X43.278 Y33.287 E1760.31531
G1 X43.38 Y33.251 E1760.32161
G1 X43.626 Y33.135 E1760.33744
G1 X43.626 Y33.251
G1 X43.626 Y33.36 E1760.34279
G1 X43.626 Y46.794 E1761.12472
G1 X11.026 Y46.794 E1763.02221
G1 X11.026 Y33.36 E1763.80414
G1 X11.026 Y33.251 E1763.80949
G1 X11.026 Y33.135 E1763.81625
G1 X11.272 Y33.251 E1763.81971
G0 F1800 X11.374 Y33.287
G0 X12.213 Y33.587
G0 X11.943 Y34.34
G1 F1500 E1757.31971
G0 F1800 X11.437 Y33.747
G0 X9.693 Y32.432
G0 X9.565 Y33.601
;TYPE:FILL
G1 F1500 E1763.81971
G1 F1200 X8.085 Y35.081 E1763.94153
G1 X8.015 Y35.151
G0 F1800 X8.026 Y35.151
G0 X9.565 Y38.622
G1 F1200 X8.085 Y40.102 E1764.06336
G1 X8.015 Y40.172
G0 F1800 X8.026 Y40.172
G0 X9.565 Y43.642
G1 F1200 X8.085 Y45.122 E1764.18518
G1 X8.015 Y45.192
G0 F1800 X8.026 Y45.192
G0 X9.565 Y48.663
G1 F1200 X8.085 Y50.143 E1764.30701
G1 X8.015 Y50.213
G0 F1800 X8.026 Y50.213
G0 X13.015 Y50.233
G1 F1200 X14.496 Y48.752 E1764.42892
G1 X14.566 Y48.682
G0 F1800 X14.566 Y48.694
G0 X18.036 Y50.233
G1 F1200 X19.516 Y48.752 E1764.55079
G1 X19.586 Y48.682
G0 F1800 X19.586 Y48.694
G0 X23.056 Y50.233
G1 F1200 X24.537 Y48.752 E1764.67269
G1 X24.607 Y48.682
G0 F1800 X24.607 Y48.694
G0 X28.077 Y50.233
G1 F1200 X29.557 Y48.752 E1764.79456
G1 X29.627 Y48.682
G0 F1800 X29.627 Y48.694
G0 X33.097 Y50.233
G1 F1200 X34.578 Y48.752 E1764.91647
G1 X34.648 Y48.682
G0 F1800 X34.648 Y48.694
G0 X38.118 Y50.233
G1 F1200 X39.598 Y48.752 E1765.03833
G1 X39.668 Y48.682
G0 F1800 X39.668 Y48.694
G0 X43.138 Y50.233
G1 F1200 X44.619 Y48.752 E1765.16024
G1 X44.689 Y48.682
G0 F1800 X45.085 Y48.286
G1 F1200 X46.565 Y46.806 E1765.28207
G1 X46.635 Y46.736
G0 F1800 X46.626 Y46.736
G0 X45.085 Y43.265
G1 F1200 X46.565 Y41.786 E1765.40385
G1 X46.635 Y41.716
G0 F1800 X46.626 Y41.716
G0 X45.085 Y38.245
G1 F1200 X46.565 Y36.766 E1765.52564
G1 X46.635 Y36.696
G0 F1800 X46.626 Y36.696
G0 X45.085 Y33.224
G1 F1200 X46.436 Y31.874 E1765.6368
G1 X46.506 Y31.804
G0 F1800 X44.954 Y48.622
G0 X9.656 Y48.664
G0 X9.726 Y48.594
;TYPE:WALL-INNER
G1 F1200 X44.926 Y48.594 E1767.68563
G1 X44.926 Y32.411 E1768.62756
G1 X46.42 Y31.704 E1768.72377
G1 X46.653 Y31.594 E1768.73876
G1 X46.726 Y31.594 E1768.74301
G1 X46.726 Y31.852 E1768.75286
G1 X46.726 Y50.394 E1769.8321
G1 X7.926 Y50.394 E1772.09046
G1 X7.926 Y31.852 E1773.1697
G1 X7.926 Y31.594 E1773.18472
G1 X7.999 Y31.594 E1773.18897
G1 X8.232 Y31.704 E1773.19878
G1 X9.726 Y32.411 E1773.29498
G1 X9.726 Y48.594 E1774.23692
G0 F1800 X10.126 Y48.194
;TYPE:WALL-OUTER
G1 F600 X44.526 Y48.194 E1776.23918
G1 X44.526 Y32.157 E1777.17261
G1 X46.562 Y31.194 E1777.30371
G1 X47.126 Y31.194 E1777.33653
G1 X47.126 Y50.794 E1778.47736
G1 X7.526 Y50.794 E1780.78228
G1 X7.526 Y31.194 E1781.92311
G1 X8.09 Y31.194 E1781.95594
G1 X10.126 Y32.157 E1782.08703
G1 X10.126 Y48.194 E1783.02047
G0 F1800 X11.126 Y48.194
G0 X11.126 Y48.994
G1 F1500 E1776.52047
G0 F1800 X10.397 Y50.354
G0 X10.397 Y51.659
G0 X6.673 Y51.647
G0 X6.673 Y30.341
G0 X8.284 Y30.33
G0 X10.984 Y31.613
G0 X11.85 Y32.54
G0 X11.449 Y33.763
G0 X11.585 Y35.244
;TIME_ELAPSED:2857.180764
;LAYER:40
G0 X11.585 Y35.244 Z14.3
;TYPE:FILL
G1 F1500 E1783.02047
G1 F1200 X22.574 Y46.232 E1783.92498
G1 X22.644 Y46.302
G0 F1800 X22.644 Y46.294
G0 X27.594 Y46.232
G1 F1200 X17.053 Y35.691 E1784.79266
G1 X16.983 Y35.621
G0 F1800 X18.158 Y35.875
G0 X23.181 Y36.799
G1 F1200 X32.615 Y46.232 E1785.56917
G1 X32.685 Y46.302
G0 F1800 X32.685 Y46.294
G0 X37.635 Y46.232
G1 F1200 X28.356 Y36.953 E1786.33297
G1 X28.286 Y36.883
G0 F1800 X28.286 Y36.897
G0 X32.997 Y36.574
G1 F1200 X42.656 Y46.232 E1787.12801
G1 X42.726 Y46.302
G0 F1800 X42.726 Y46.294
G0 X43.065 Y41.621
G1 F1200 X37.228 Y35.784 E1787.60848
G1 X37.158 Y35.714
G0 F1800 X37.163 Y35.74
G0 X41.118 Y34.654
G1 F1200 X43.065 Y36.601 E1787.76874
G1 X43.135 Y36.671
G0 F1800 X43.126 Y36.671
G0 X17.553 Y46.232
G1 F1200 X11.585 Y40.264 E1788.26
G1 X11.515 Y40.194
G0 F1800 X11.526 Y40.194
G0 X11.585 Y45.285
G1 F1200 X12.533 Y46.232 E1788.33799
G1 X12.603 Y46.302
G0 F1800 X12.603 Y46.294
G0 X31.486 Y36.74
G0 X31.477 Y36.641
;TYPE:WALL-INNER
G1 F1200 X35.629 Y36.021 E1788.58234
G1 X39.62 Y35.021 E1788.82182
G1 X42.96 Y33.826 E1789.02829
G1 X43.226 Y33.731 E1789.04473
G1 X43.226 Y34.013 E1789.05444
G1 X43.226 Y34.014 E1789.0545
G1 X43.226 Y46.394 E1789.77508
G1 X11.426 Y46.394 E1791.626
G1 X11.426 Y34.014 E1792.34658
G1 X11.426 Y34.013 E1792.34664
G1 X11.426 Y33.731 E1792.36306
G1 X11.692 Y33.826 E1792.37278
G1 X15.033 Y35.021 E1792.57931
G1 X19.064 Y36.031 E1792.82118
G1 X23.153 Y36.638 E1793.06179
G1 X27.326 Y36.844 E1793.30498
G1 X31.477 Y36.641 E1793.54688
G0 F1800 X31.486 Y36.74
G0 X27.326 Y36.884
G0 X23.15 Y36.677
G0 X19.057 Y36.07
G0 X15.426 Y35.161
G0 X11.483 Y33.812
G0 X11.272 Y33.251
;TYPE:WALL-OUTER
G1 F600 X11.374 Y33.287 E1793.55317
G1 X15.149 Y34.638 E1793.78655
G1 X19.142 Y35.638 E1794.02614
G1 X23.192 Y36.239 E1794.26445
G1 X27.326 Y36.444 E1794.50537
G1 X31.438 Y36.242 E1794.74499
G1 X35.551 Y35.628 E1794.98704
G1 X39.504 Y34.638 E1795.22424
G1 X43.278 Y33.287 E1795.45755
G1 X43.38 Y33.251 E1795.46385
G1 X43.626 Y33.135 E1795.47968
G1 X43.626 Y33.251
G1 X43.626 Y33.36 E1795.48503
G1 X43.626 Y46.794 E1796.26696
G1 X11.026 Y46.794 E1798.16445
G1 X11.026 Y33.36 E1798.94638
G1 X11.026 Y33.251 E1798.95173
G1 X11.026 Y33.135 E1798.95849
G1 X11.272 Y33.251 E1798.96195
G0 F1800 X11.374 Y33.287
G0 X12.213 Y33.587
G0 X11.943 Y34.34
G1 F1500 E1792.46195
G0 F1800 X11.437 Y33.747
G0 X9.693 Y32.432
G0 X9.566 Y33.224
;TYPE:FILL
G1 F1500 E1798.96195
G1 F1200 X8.215 Y31.873 E1799.07316
G1 X8.145 Y31.803
G0 F1800 X8.085 Y36.764
G1 F1200 X9.566 Y38.245 E1799.19506
G1 X9.636 Y38.315
G0 F1800 X9.626 Y38.315
G0 X8.085 Y41.785
G1 F1200 X9.566 Y43.265 E1799.31693
G1 X9.636 Y43.335
G0 F1800 X9.626 Y43.335
G0 X8.085 Y46.805
G1 F1200 X9.566 Y48.286 E1799.43884
G1 X9.636 Y48.356
G0 F1800 X10.033 Y48.753
G1 F1200 X11.513 Y50.232 E1799.56062
G1 X11.583 Y50.302
G0 F1800 X11.583 Y50.294
G0 X15.054 Y48.753
G1 F1200 X16.533 Y50.232 E1799.68237
G1 X16.603 Y50.302
G0 F1800 X16.603 Y50.294
G0 X20.074 Y48.753
G1 F1200 X21.554 Y50.232 E1799.80415
G1 X21.624 Y50.302
G0 F1800 X21.624 Y50.294
G0 X25.095 Y48.753
G1 F1200 X26.574 Y50.232 E1799.92589
G1 X26.644 Y50.302
G0 F1800 X26.644 Y50.294
G0 X30.115 Y48.753
G1 F1200 X31.594 Y50.232 E1800.04764
G1 X31.664 Y50.302
G0 F1800 X31.664 Y50.294
G0 X35.136 Y48.753
G1 F1200 X36.615 Y50.232 E1800.16938
G1 X36.685 Y50.302
G0 F1800 X36.685 Y50.294
G0 X40.156 Y48.753
G1 F1200 X41.635 Y50.232 E1800.29112
G1 X41.705 Y50.302
G0 F1800 X41.705 Y50.294
G0 X45.085 Y48.661
G1 F1200 X46.565 Y50.142 E1800.41299
G1 X46.635 Y50.212
G0 F1800 X46.626 Y50.212
G0 X46.565 Y45.121
G1 F1200 X45.085 Y43.641 E1800.53482
G1 X45.015 Y43.571
G0 F1800 X45.026 Y43.571
G0 X46.565 Y40.101
G1 F1200 X45.085 Y38.62 E1800.65668
G1 X45.015 Y38.55
G0 F1800 X45.026 Y38.55
G0 X46.565 Y35.08
G1 F1200 X45.085 Y33.6 E1800.77851
G1 X45.015 Y33.53
G0 F1800 X45.026 Y33.53
G0 X44.954 Y48.622
G0 X9.656 Y48.664
G0 X9.726 Y48.594
;TYPE:WALL-INNER
G1 F1200 X44.926 Y48.594 E1802.82733
G1 X44.926 Y32.411 E1803.76927
G1 X46.42 Y31.704 E1803.86547
G1 X46.653 Y31.594 E1803.88047
G1 X46.726 Y31.594 E1803.88472
G1 X46.726 Y31.852 E1803.89456
G1 X46.726 Y50.394 E1804.9738
G1 X7.926 Y50.394 E1807.23217
G1 X7.926 Y31.852 E1808.31141
G1 X7.926 Y31.594 E1808.32642
G1 X7.999 Y31.594 E1808.33067
G1 X8.232 Y31.704 E1808.34048
G1 X9.726 Y32.411 E1808.43669
G1 X9.726 Y48.594 E1809.37862
G0 F1800 X10.126 Y48.194
;TYPE:WALL-OUTER
G1 F600 X44.526 Y48.194 E1811.38088
G1 X44.526 Y32.157 E1812.31432
G1 X46.562 Y31.194 E1812.44541
G1 X47.126 Y31.194 E1812.47824
G1 X47.126 Y50.794 E1813.61906
G1 X7.526 Y50.794 E1815.92399
G1 X7.526 Y31.194 E1817.06481
G1 X8.09 Y31.194 E1817.09764
G1 X10.126 Y32.157 E1817.22873
G1 X10.126 Y48.194 E1818.16217
G0 F1800 X11.126 Y48.194
G0 X11.126 Y48.994
G1 F1500 E1811.66217
G0 F1800 X12.534 Y50.354
G0 X12.534 Y51.659
G0 X6.673 Y51.647
G0 X6.673 Y30.341
G0 X8.284 Y30.33
G0 X10.3 Y31.315
G0 X15.399 Y33.809
G0 X15.022 Y35.059
G0 X13.534 Y34.653
;TIME_ELAPSED:2909.268497
;LAYER:41
G0 X13.534 Y34.653 Z14.65
;TYPE:FILL
G1 F1500 E1818.16217
G1 F1200 X11.585 Y36.601 E1818.32256
G1 X11.515 Y36.671
G0 F1800 X11.526 Y36.671
G0 X11.585 Y41.622
G1 F1200 X17.425 Y35.783 E1818.80324
G1 X17.495 Y35.713
G0 F1800 X17.488 Y35.739
G0 X21.655 Y36.573
G1 F1200 X11.995 Y46.233 E1819.5984
G1 X11.925 Y46.303
G0 F1800 X11.925 Y46.294
G0 X17.015 Y46.233
G1 F1200 X26.296 Y36.952 E1820.36236
G1 X26.366 Y36.882
G0 F1800 X26.366 Y36.896
G0 X31.469 Y36.799
G1 F1200 X22.036 Y46.233 E1821.13887
G1 X21.966 Y46.303
G0 F1800 X21.966 Y46.294
G0 X27.056 Y46.233
G1 F1200 X37.598 Y35.691 E1822.00663
G1 X37.668 Y35.621
G0 F1800 X43.065 Y35.245
G1 F1200 X32.077 Y46.233 E1822.91111
G1 X32.007 Y46.303
G0 F1800 X32.007 Y46.294
G0 X37.097 Y46.233
G1 F1200 X43.065 Y40.265 E1823.40236
G1 X43.135 Y40.195
G0 F1800 X43.126 Y40.195
G0 X43.065 Y45.285
G1 F1200 X42.118 Y46.233 E1823.48036
G1 X42.048 Y46.303
G0 F1800 X42.048 Y46.294
G0 X23.166 Y36.74
G0 X23.175 Y36.641
;TYPE:WALL-INNER
G1 F1200 X27.326 Y36.844 E1823.72225
G1 X31.477 Y36.641 E1823.96415
G1 X35.627 Y36.022 E1824.20838
G1 X39.62 Y35.021 E1824.44798
G1 X42.96 Y33.826 E1824.65446
G1 X43.226 Y33.731 E1824.6709
G1 X43.226 Y34.013 E1824.6806
G1 X43.226 Y34.014 E1824.68066
G1 X43.226 Y46.394 E1825.40124
G1 X11.426 Y46.394 E1827.25217
G1 X11.426 Y34.014 E1827.97275
G1 X11.426 Y34.013 E1827.97281
G1 X11.426 Y33.731 E1827.98922
G1 X11.692 Y33.826 E1827.99894
G1 X15.033 Y35.021 E1828.20547
G1 X19.024 Y36.021 E1828.44495
G1 X23.175 Y36.641 E1828.68924
G0 F1800 X23.166 Y36.74
G0 X19.017 Y36.06
G0 X15.422 Y35.16
G0 X11.483 Y33.812
G0 X11.272 Y33.251
;TYPE:WALL-OUTER
G1 F600 X11.374 Y33.287 E1828.69553
G1 X15.149 Y34.638 E1828.92891
G1 X19.102 Y35.628 E1829.1661
G1 X23.214 Y36.242 E1829.40809
G1 X27.326 Y36.444 E1829.64772
G1 X31.438 Y36.242 E1829.88735
G1 X35.549 Y35.629 E1830.12927
G1 X39.504 Y34.638 E1830.36659
G1 X43.278 Y33.287 E1830.59991
G1 X43.38 Y33.251 E1830.60621
G1 X43.626 Y33.135 E1830.62204
G1 X43.626 Y33.251
G1 X43.626 Y33.36 E1830.62739
G1 X43.626 Y46.794 E1831.40932
G1 X11.026 Y46.794 E1833.30681
G1 X11.026 Y33.36 E1834.08874
G1 X11.026 Y33.251 E1834.09409
G1 X11.026 Y33.135 E1834.10084
G1 X11.272 Y33.251 E1834.10431
G0 F1800 X11.374 Y33.287
G0 X12.213 Y33.587
G0 X11.943 Y34.34
G1 F1500 E1827.60431
G0 F1800 X11.437 Y33.747
G0 X9.693 Y32.432
G0 X9.565 Y33.601
;TYPE:FILL
G1 F1500 E1834.10431
G1 F1200 X8.085 Y35.081 E1834.22613
G1 X8.015 Y35.151
G0 F1800 X8.026 Y35.151
G0 X9.565 Y38.622
G1 F1200 X8.085 Y40.102 E1834.34796
G1 X8.015 Y40.172
G0 F1800 X8.026 Y40.172
G0 X9.565 Y43.642
G1 F1200 X8.085 Y45.122 E1834.46978
G1 X8.015 Y45.192
G0 F1800 X8.026 Y45.192
G0 X9.565 Y48.663
G1 F1200 X8.085 Y50.143 E1834.59161
G1 X8.015 Y50.213
G0 F1800 X8.026 Y50.213
G0 X13.015 Y50.233
G1 F1200 X14.496 Y48.752 E1834.71352
G1 X14.566 Y48.682
G0 F1800 X14.566 Y48.694
G0 X18.036 Y50.233
G1 F1200 X19.516 Y48.752 E1834.83538
G1 X19.586 Y48.682
G0 F1800 X19.586 Y48.694
G0 X23.056 Y50.233
G1 F1200 X24.537 Y48.752 E1834.95729
G1 X24.607 Y48.682
G0 F1800 X24.607 Y48.694
G0 X28.077 Y50.233
G1 F1200 X29.557 Y48.752 E1835.07916
G1 X29.627 Y48.682
G0 F1800 X29.627 Y48.694
G0 X33.097 Y50.233
G1 F1200 X34.578 Y48.752 E1835.20107
G1 X34.648 Y48.682
G0 F1800 X34.648 Y48.694
G0 X38.118 Y50.233
G1 F1200 X39.598 Y48.752 E1835.32293
G1 X39.668 Y48.682
G0 F1800 X39.668 Y48.694
G0 X43.138 Y50.233
G1 F1200 X44.619 Y48.752 E1835.44484
G1 X44.689 Y48.682
G0 F1800 X45.085 Y48.286
G1 F1200 X46.565 Y46.806 E1835.56667
G1 X46.635 Y46.736
G0 F1800 X46.626 Y46.736
G0 X45.085 Y43.265
G1 F1200 X46.565 Y41.786 E1835.68845
G1 X46.635 Y41.716
G0 F1800 X46.626 Y41.716
G0 X45.085 Y38.245
G1 F1200 X46.565 Y36.766 E1835.81023
G1 X46.635 Y36.696
G0 F1800 X46.626 Y36.696
G0 X45.085 Y33.224
G1 F1200 X46.436 Y31.874 E1835.9214
G1 X46.506 Y31.804
G0 F1800 X44.954 Y48.622
G0 X9.656 Y48.664
G0 X9.726 Y48.594
;TYPE:WALL-INNER
G1 F1200 X44.926 Y48.594 E1837.97023
G1 X44.926 Y32.411 E1838.91216
G1 X46.42 Y31.704 E1839.00836
G1 X46.653 Y31.594 E1839.02336
G1 X46.726 Y31.594 E1839.02761
G1 X46.726 Y31.852 E1839.03745
G1 X46.726 Y50.394 E1840.11669
G1 X7.926 Y50.394 E1842.37506
G1 X7.926 Y31.852 E1843.4543
G1 X7.926 Y31.594 E1843.46932
G1 X7.999 Y31.594 E1843.47357
G1 X8.232 Y31.704 E1843.48337
G1 X9.726 Y32.411 E1843.57958
G1 X9.726 Y48.594 E1844.52151
G0 F1800 X10.126 Y48.194
;TYPE:WALL-OUTER
G1 F600 X44.526 Y48.194 E1846.52377
G1 X44.526 Y32.157 E1847.45721
G1 X46.562 Y31.194 E1847.5883
G1 X47.126 Y31.194 E1847.62113
G1 X47.126 Y50.794 E1848.76195
G1 X7.526 Y50.794 E1851.06688
G1 X7.526 Y31.194 E1852.2077
G1 X8.09 Y31.194 E1852.24053
G1 X10.126 Y32.157 E1852.37163
G1 X10.126 Y48.194 E1853.30506
G0 F1800 X11.126 Y48.194
G0 X11.126 Y48.994
G1 F1500 E1846.80506
G0 F1800 X10.397 Y50.354
G0 X10.397 Y51.659
G0 X6.673 Y51.647
G0 X6.673 Y30.341
G0 X8.284 Y30.33
G0 X10.984 Y31.613
G0 X11.85 Y32.54
G0 X11.449 Y33.763
G0 X11.585 Y35.244
;TIME_ELAPSED:2960.167318
;LAYER:42
G0 X11.585 Y35.244 Z15
;TYPE:FILL
G1 F1500 E1853.30506
G1 F1200 X22.574 Y46.232 E1854.20958
G1 X22.644 Y46.302
G0 F1800 X22.644 Y46.294
G0 X27.594 Y46.232
G1 F1200 X17.053 Y35.691 E1855.07726
G1 X16.983 Y35.621
G0 F1800 X18.158 Y35.875
G0 X23.181 Y36.798
G1 F1200 X32.615 Y46.232 E1855.85381
G1 X32.685 Y46.302
G0 F1800 X32.685 Y46.294
G0 X37.635 Y46.232
G1 F1200 X28.356 Y36.953 E1856.61761
G1 X28.286 Y36.883
G0 F1800 X28.286 Y36.897
G0 X32.997 Y36.574
G1 F1200 X42.656 Y46.232 E1857.41265
G1 X42.726 Y46.302
G0 F1800 X42.726 Y46.294
G0 X43.065 Y41.621
G1 F1200 X37.228 Y35.784 E1857.89312
G1 X37.158 Y35.714
G0 F1800 X37.164 Y35.74
G0 X41.118 Y34.654
G1 F1200 X43.065 Y36.601 E1858.05338
G1 X43.135 Y36.671
G0 F1800 X43.126 Y36.671
G0 X17.553 Y46.232
G1 F1200 X11.585 Y40.264 E1858.54464
G1 X11.515 Y40.194
G0 F1800 X11.526 Y40.194
G0 X11.585 Y45.285
G1 F1200 X12.533 Y46.232 E1858.62263
G1 X12.603 Y46.302
G0 F1800 X12.603 Y46.294
G0 X31.486 Y36.74
G0 X31.477 Y36.641
;TYPE:WALL-INNER
G1 F1200 X35.625 Y36.022 E1858.86674
G1 X39.62 Y35.021 E1859.10646
G1 X42.96 Y33.826 E1859.31293
G1 X43.226 Y33.731 E1859.32937
G1 X43.226 Y34.013 E1859.33908
G1 X43.226 Y34.014 E1859.33913
G1 X43.226 Y46.394 E1860.05972
G1 X11.426 Y46.394 E1861.91064
G1 X11.426 Y34.014 E1862.63122
G1 X11.426 Y34.013 E1862.63128
G1 X11.426 Y33.731 E1862.6477
G1 X11.692 Y33.826 E1862.65742
G1 X15.033 Y35.021 E1862.86395
G1 X19.064 Y36.031 E1863.10582
G1 X23.156 Y36.638 E1863.34661
G1 X27.326 Y36.844 E1863.58962
G1 X31.477 Y36.641 E1863.83152
G0 F1800 X31.486 Y36.74
G0 X27.326 Y36.884
G0 X23.153 Y36.677
G0 X19.057 Y36.07
G0 X15.426 Y35.161
G0 X11.483 Y33.812
G0 X11.272 Y33.251
;TYPE:WALL-OUTER
G1 F600 X11.374 Y33.287 E1863.83781
G1 X15.149 Y34.638 E1864.07118
G1 X19.142 Y35.638 E1864.31077
G1 X23.195 Y36.239 E1864.54926
G1 X27.326 Y36.444 E1864.79
G1 X31.438 Y36.242 E1865.02963
G1 X35.547 Y35.629 E1865.27144
G1 X39.504 Y34.638 E1865.50887
G1 X43.278 Y33.287 E1865.74219
G1 X43.38 Y33.251 E1865.74849
G1 X43.626 Y33.135 E1865.76432
G1 X43.626 Y33.251
G1 X43.626 Y33.36 E1865.76967
G1 X43.626 Y46.794 E1866.5516
G1 X11.026 Y46.794 E1868.44909
G1 X11.026 Y33.36 E1869.23102
G1 X11.026 Y33.251 E1869.23637
G1 X11.026 Y33.135 E1869.24312
G1 X11.272 Y33.251 E1869.24659
G0 F1800 X11.374 Y33.287
G0 X12.213 Y33.587
G0 X11.943 Y34.34
G1 F1500 E1862.74659
G0 F1800 X11.437 Y33.747
G0 X9.693 Y32.432
G0 X9.566 Y33.224
;TYPE:FILL
G1 F1500 E1869.24659
G1 F1200 X8.215 Y31.873 E1869.35779
G1 X8.145 Y31.803
G0 F1800 X8.085 Y36.764
G1 F1200 X9.566 Y38.245 E1869.4797
G1 X9.636 Y38.315
G0 F1800 X9.626 Y38.315
G0 X8.085 Y41.785
G1 F1200 X9.566 Y43.265 E1869.60157
G1 X9.636 Y43.335
G0 F1800 X9.626 Y43.335
G0 X8.085 Y46.805
G1 F1200 X9.566 Y48.286 E1869.72348
G1 X9.636 Y48.356
G0 F1800 X10.033 Y48.753
G1 F1200 X11.513 Y50.232 E1869.84526
G1 X11.583 Y50.302
G0 F1800 X11.583 Y50.294
G0 X15.054 Y48.753
G1 F1200 X16.533 Y50.232 E1869.967
G1 X16.603 Y50.302
G0 F1800 X16.603 Y50.294
G0 X20.074 Y48.753
G1 F1200 X21.554 Y50.232 E1870.08879
G1 X21.624 Y50.302
G0 F1800 X21.624 Y50.294
G0 X25.095 Y48.753
G1 F1200 X26.574 Y50.232 E1870.21053
G1 X26.644 Y50.302
G0 F1800 X26.644 Y50.294
G0 X30.115 Y48.753
G1 F1200 X31.594 Y50.232 E1870.33227
G1 X31.664 Y50.302
G0 F1800 X31.664 Y50.294
G0 X35.136 Y48.753
G1 F1200 X36.615 Y50.232 E1870.45402
G1 X36.685 Y50.302
G0 F1800 X36.685 Y50.294
G0 X40.156 Y48.753
G1 F1200 X41.635 Y50.232 E1870.57576
G1 X41.705 Y50.302
G0 F1800 X41.705 Y50.294
G0 X45.085 Y48.661
G1 F1200 X46.565 Y50.142 E1870.69763
G1 X46.635 Y50.212
G0 F1800 X46.626 Y50.212
G0 X46.565 Y45.121
G1 F1200 X45.085 Y43.641 E1870.81945
G1 X45.015 Y43.571
G0 F1800 X45.026 Y43.571
G0 X46.565 Y40.101
G1 F1200 X45.085 Y38.62 E1870.94132
G1 X45.015 Y38.55
G0 F1800 X45.026 Y38.55
G0 X46.565 Y35.08
G1 F1200 X45.085 Y33.6 E1871.06315
G1 X45.015 Y33.53
G0 F1800 X45.026 Y33.53
G0 X44.954 Y48.622
G0 X9.656 Y48.664
G0 X9.726 Y48.594
;TYPE:WALL-INNER
G1 F1200 X44.926 Y48.594 E1873.11197
G1 X44.926 Y32.411 E1874.05391
G1 X46.42 Y31.704 E1874.15011
G1 X46.653 Y31.594 E1874.16511
G1 X46.726 Y31.594 E1874.16936
G1 X46.726 Y31.852 E1874.1792
G1 X46.726 Y50.394 E1875.25844
G1 X7.926 Y50.394 E1877.5168
G1 X7.926 Y31.852 E1878.59604
G1 X7.926 Y31.594 E1878.61106
G1 X7.999 Y31.594 E1878.61531
G1 X8.232 Y31.704 E1878.62512
G1 X9.726 Y32.411 E1878.72132
G1 X9.726 Y48.594 E1879.66326
G0 F1800 X10.126 Y48.194
;TYPE:WALL-OUTER
G1 F600 X44.526 Y48.194 E1881.66552
G1 X44.526 Y32.157 E1882.59896
G1 X46.562 Y31.194 E1882.73005
G1 X47.126 Y31.194 E1882.76288
G1 X47.126 Y50.794 E1883.9037
G1 X7.526 Y50.794 E1886.20863
G1 X7.526 Y31.194 E1887.34945
G1 X8.09 Y31.194 E1887.38228
G1 X10.126 Y32.157 E1887.51337
G1 X10.126 Y48.194 E1888.44681
G0 F1800 X11.126 Y48.194
G0 X11.126 Y48.994
G1 F1500 E1881.94681
G0 F1800 X12.534 Y50.354
G0 X12.534 Y51.659
G0 X6.673 Y51.647
G0 X6.673 Y30.341
G0 X8.284 Y30.33
G0 X10.3 Y31.315
G0 X15.399 Y33.809
G0 X15.022 Y35.059
G0 X13.534 Y34.653
;TIME_ELAPSED:3012.255027
;LAYER:43
G0 X13.534 Y34.653 Z15.35
;TYPE:FILL
G1 F1500 E1888.44681
G1 F1200 X11.585 Y36.601 E1888.6072
G1 X11.515 Y36.671
G0 F1800 X11.526 Y36.671
G0 X11.585 Y41.622
G1 F1200 X17.425 Y35.783 E1889.08787
G1 X17.495 Y35.713
G0 F1800 X17.488 Y35.739
G0 X21.655 Y36.573
G1 F1200 X11.995 Y46.233 E1889.88303
G1 X11.925 Y46.303
G0 F1800 X11.925 Y46.294
G0 X17.015 Y46.233
G1 F1200 X26.296 Y36.952 E1890.647
G1 X26.366 Y36.882
G0 F1800 X26.366 Y36.896
G0 X31.469 Y36.799
G1 F1200 X22.036 Y46.233 E1891.42351
G1 X21.966 Y46.303
G0 F1800 X21.966 Y46.294
G0 X27.056 Y46.233
G1 F1200 X37.598 Y35.691 E1892.29127
G1 X37.668 Y35.621
G0 F1800 X43.065 Y35.245
G1 F1200 X32.077 Y46.233 E1893.19575
G1 X32.007 Y46.303
G0 F1800 X32.007 Y46.294
G0 X37.097 Y46.233
G1 F1200 X43.065 Y40.265 E1893.687
G1 X43.135 Y40.195
G0 F1800 X43.126 Y40.195
G0 X43.065 Y45.285
G1 F1200 X42.118 Y46.233 E1893.76499
G1 X42.048 Y46.303
G0 F1800 X42.048 Y46.294
G0 X23.166 Y36.74
G0 X23.175 Y36.641
;TYPE:WALL-INNER
G1 F1200 X27.326 Y36.844 E1894.00689
G1 X31.477 Y36.641 E1894.24879
G1 X35.623 Y36.023 E1894.49277
G1 X39.62 Y35.021 E1894.73262
G1 X42.96 Y33.826 E1894.93909
G1 X43.226 Y33.731 E1894.95553
G1 X43.226 Y34.013 E1894.96524
G1 X43.226 Y34.014 E1894.9653
G1 X43.226 Y46.394 E1895.68588
G1 X11.426 Y46.394 E1897.53681
G1 X11.426 Y34.014 E1898.25739
G1 X11.426 Y34.013 E1898.25744
G1 X11.426 Y33.731 E1898.27386
G1 X11.692 Y33.826 E1898.28358
G1 X15.033 Y35.021 E1898.49011
G1 X19.028 Y36.022 E1898.72983
G1 X23.175 Y36.641 E1898.97388
G0 F1800 X23.166 Y36.74
G0 X19.021 Y36.061
G0 X15.422 Y35.16
G0 X11.483 Y33.812
G0 X11.272 Y33.251
;TYPE:WALL-OUTER
G1 F600 X11.374 Y33.287 E1898.98017
G1 X15.149 Y34.638 E1899.21355
G1 X19.106 Y35.629 E1899.45098
G1 X23.214 Y36.242 E1899.69273
G1 X27.326 Y36.444 E1899.93236
G1 X31.438 Y36.242 E1900.17199
G1 X35.545 Y35.63 E1900.41368
G1 X39.504 Y34.638 E1900.65124
G1 X43.278 Y33.287 E1900.88455
G1 X43.38 Y33.251 E1900.89085
G1 X43.626 Y33.135 E1900.90668
G1 X43.626 Y33.251
G1 X43.626 Y33.36 E1900.91203
G1 X43.626 Y46.794 E1901.69396
G1 X11.026 Y46.794 E1903.59145
G1 X11.026 Y33.36 E1904.37338
G1 X11.026 Y33.251 E1904.37873
G1 X11.026 Y33.135 E1904.38549
G1 X11.272 Y33.251 E1904.38895
G0 F1800 X11.374 Y33.287
G0 X12.213 Y33.587
G0 X11.943 Y34.34
G1 F1500 E1897.88895
G0 F1800 X11.437 Y33.747
G0 X9.693 Y32.432
G0 X9.565 Y33.601
;TYPE:FILL
G1 F1500 E1904.38895
G1 F1200 X8.085 Y35.081 E1904.51077
G1 X8.015 Y35.151
G0 F1800 X8.026 Y35.151
G0 X9.565 Y38.622
G1 F1200 X8.085 Y40.102 E1904.6326
G1 X8.015 Y40.172
G0 F1800 X8.026 Y40.172
G0 X9.565 Y43.642
G1 F1200 X8.085 Y45.122 E1904.75442
G1 X8.015 Y45.192
G0 F1800 X8.026 Y45.192
G0 X9.565 Y48.663
G1 F1200 X8.085 Y50.143 E1904.87625
G1 X8.015 Y50.213
G0 F1800 X8.026 Y50.213
G0 X13.015 Y50.233
G1 F1200 X14.496 Y48.752 E1904.99816
G1 X14.566 Y48.682
G0 F1800 X14.566 Y48.694
G0 X18.036 Y50.233
G1 F1200 X19.516 Y48.752 E1905.12002
G1 X19.586 Y48.682
G0 F1800 X19.586 Y48.694
G0 X23.056 Y50.233
G1 F1200 X24.537 Y48.752 E1905.24193
G1 X24.607 Y48.682
G0 F1800 X24.607 Y48.694
G0 X28.077 Y50.233
G1 F1200 X29.557 Y48.752 E1905.3638
G1 X29.627 Y48.682
G0 F1800 X29.627 Y48.694
G0 X33.097 Y50.233
G1 F1200 X34.578 Y48.752 E1905.48571
G1 X34.648 Y48.682
G0 F1800 X34.648 Y48.694
G0 X38.118 Y50.233
G1 F1200 X39.598 Y48.752 E1905.60757
G1 X39.668 Y48.682
G0 F1800 X39.668 Y48.694
G0 X43.138 Y50.233
G1 F1200 X44.619 Y48.752 E1905.72948
G1 X44.689 Y48.682
G0 F1800 X45.085 Y48.286
G1 F1200 X46.565 Y46.806 E1905.85131
G1 X46.635 Y46.736
G0 F1800 X46.626 Y46.736
G0 X45.085 Y43.265
G1 F1200 X46.565 Y41.786 E1905.97309
G1 X46.635 Y41.716
G0 F1800 X46.626 Y41.716
G0 X45.085 Y38.245
G1 F1200 X46.565 Y36.766 E1906.09488
G1 X46.635 Y36.696
G0 F1800 X46.626 Y36.696
G0 X45.085 Y33.224
G1 F1200 X46.436 Y31.874 E1906.20604
G1 X46.506 Y31.804
G0 F1800 X44.954 Y48.622
G0 X9.656 Y48.664
G0 X9.726 Y48.594
;TYPE:WALL-INNER
G1 F1200 X44.926 Y48.594 E1908.25487
G1 X44.926 Y32.411 E1909.1968
G1 X46.42 Y31.704 E1909.29301
G1 X46.653 Y31.594 E1909.308
G1 X46.726 Y31.594 E1909.31225
G1 X46.726 Y31.852 E1909.3221
G1 X46.726 Y50.394 E1910.40134
G1 X7.926 Y50.394 E1912.6597
G1 X7.926 Y31.852 E1913.73894
G1 X7.926 Y31.594 E1913.75396
G1 X7.999 Y31.594 E1913.75821
G1 X8.232 Y31.704 E1913.76802
G1 X9.726 Y32.411 E1913.86422
G1 X9.726 Y48.594 E1914.80616
G0 F1800 X10.126 Y48.194
;TYPE:WALL-OUTER
G1 F600 X44.526 Y48.194 E1916.80842
G1 X44.526 Y32.157 E1917.74185
G1 X46.562 Y31.194 E1917.87295
G1 X47.126 Y31.194 E1917.90577
G1 X47.126 Y50.794 E1919.0466
G1 X7.526 Y50.794 E1921.35152
G1 X7.526 Y31.194 E1922.49235
G1 X8.09 Y31.194 E1922.52517
G1 X10.126 Y32.157 E1922.65627
G1 X10.126 Y48.194 E1923.58971
G0 F1800 X11.126 Y48.194
G0 X11.126 Y48.994
G1 F1500 E1917.08971
G0 F1800 X10.397 Y50.354
G0 X10.397 Y51.659
G0 X6.673 Y51.647
G0 X6.673 Y30.341
G0 X8.284 Y30.33
G0 X10.984 Y31.613
G0 X11.85 Y32.54
G0 X11.449 Y33.763
G0 X11.585 Y35.244
;TIME_ELAPSED:3063.153855
;LAYER:44
G0 X11.585 Y35.244 Z15.7
;TYPE:FILL
G1 F1500 E1923.58971
G1 F1200 X22.574 Y46.232 E1924.49422
G1 X22.644 Y46.302
G0 F1800 X22.644 Y46.294
G0 X27.594 Y46.232
G1 F1200 X17.053 Y35.691 E1925.3619
G1 X16.983 Y35.621
G0 F1800 X18.139 Y35.87
G0 X23.183 Y36.8
G1 F1200 X32.615 Y46.232 E1926.13829
G1 X32.685 Y46.302
G0 F1800 X32.685 Y46.294
G0 X37.635 Y46.232
G1 F1200 X28.356 Y36.953 E1926.90209
G1 X28.286 Y36.883
G0 F1800 X28.286 Y36.897
G0 X32.998 Y36.575
G1 F1200 X42.656 Y46.232 E1927.69704
G1 X42.726 Y46.302
G0 F1800 X42.726 Y46.294
G0 X43.065 Y41.621
G1 F1200 X37.228 Y35.784 E1928.17751
G1 X37.158 Y35.714
G0 F1800 X37.164 Y35.74
G0 X41.118 Y34.654
G1 F1200 X43.065 Y36.601 E1928.33778
G1 X43.135 Y36.671
G0 F1800 X43.126 Y36.671
G0 X17.553 Y46.232
G1 F1200 X11.585 Y40.264 E1928.82903
G1 X11.515 Y40.194
G0 F1800 X11.526 Y40.194
G0 X11.585 Y45.285
G1 F1200 X12.533 Y46.232 E1928.90702
G1 X12.603 Y46.302
G0 F1800 X12.603 Y46.294
G0 X23.166 Y36.74
G0 X23.175 Y36.641
;TYPE:WALL-INNER
G1 F1200 X27.326 Y36.844 E1929.14892
G1 X31.477 Y36.641 E1929.39082
G1 X35.62 Y36.024 E1929.63463
G1 X39.62 Y35.021 E1929.87465
G1 X42.96 Y33.826 E1930.08113
G1 X43.226 Y33.731 E1930.09757
G1 X43.226 Y34.013 E1930.10727
G1 X43.226 Y34.014 E1930.10733
G1 X43.226 Y46.394 E1930.82791
G1 X11.426 Y46.394 E1932.67884
G1 X11.426 Y34.014 E1933.39942
G1 X11.426 Y34.013 E1933.39948
G1 X11.426 Y33.731 E1933.41589
G1 X11.692 Y33.826 E1933.42561
G1 X15.033 Y35.021 E1933.63214
G1 X19.031 Y36.023 E1933.87204
G1 X23.175 Y36.641 E1934.11591
G0 F1800 X23.166 Y36.74
G0 X19.024 Y36.062
G0 X15.423 Y35.16
G0 X11.483 Y33.812
G0 X11.272 Y33.251
;TYPE:WALL-OUTER
G1 F600 X11.374 Y33.287 E1934.12221
G1 X15.149 Y34.638 E1934.35558
G1 X19.109 Y35.63 E1934.5932
G1 X23.214 Y36.242 E1934.83477
G1 X27.326 Y36.444 E1935.0744
G1 X31.438 Y36.242 E1935.31403
G1 X35.542 Y35.631 E1935.55553
G1 X39.504 Y34.638 E1935.79328
G1 X43.278 Y33.287 E1936.02659
G1 X43.38 Y33.251 E1936.03289
G1 X43.626 Y33.135 E1936.04872
G1 X43.626 Y33.251
G1 X43.626 Y33.36 E1936.05407
G1 X43.626 Y46.794 E1936.836
G1 X11.026 Y46.794 E1938.73349
G1 X11.026 Y33.36 E1939.51542
G1 X11.026 Y33.251 E1939.52077
G1 X11.026 Y33.135 E1939.52753
G1 X11.272 Y33.251 E1939.53099
G0 F1800 X11.374 Y33.287
G0 X12.213 Y33.587
G0 X11.943 Y34.34
G1 F1500 E1933.03099
G0 F1800 X11.437 Y33.747
G0 X9.693 Y32.432
G0 X9.566 Y33.224
;TYPE:FILL
G1 F1500 E1939.53099
G1 F1200 X8.215 Y31.873 E1939.6422
G1 X8.145 Y31.803
G0 F1800 X8.085 Y36.764
G1 F1200 X9.566 Y38.245 E1939.7641
G1 X9.636 Y38.315
G0 F1800 X9.626 Y38.315
G0 X8.085 Y41.785
G1 F1200 X9.566 Y43.265 E1939.88597
G1 X9.636 Y43.335
G0 F1800 X9.626 Y43.335
G0 X8.085 Y46.805
G1 F1200 X9.566 Y48.286 E1940.00788
G1 X9.636 Y48.356
G0 F1800 X10.033 Y48.753
G1 F1200 X11.513 Y50.232 E1940.12966
G1 X11.583 Y50.302
G0 F1800 X11.583 Y50.294
G0 X15.054 Y48.753
G1 F1200 X16.533 Y50.232 E1940.25141
G1 X16.603 Y50.302
G0 F1800 X16.603 Y50.294
G0 X20.074 Y48.753
G1 F1200 X21.554 Y50.232 E1940.37319
G1 X21.624 Y50.302
G0 F1800 X21.624 Y50.294
G0 X25.095 Y48.753
G1 F1200 X26.574 Y50.232 E1940.49493
G1 X26.644 Y50.302
G0 F1800 X26.644 Y50.294
G0 X30.115 Y48.753
G1 F1200 X31.594 Y50.232 E1940.61668
G1 X31.664 Y50.302
G0 F1800 X31.664 Y50.294
G0 X35.136 Y48.753
G1 F1200 X36.615 Y50.232 E1940.73842
G1 X36.685 Y50.302
G0 F1800 X36.685 Y50.294
G0 X40.156 Y48.753
G1 F1200 X41.635 Y50.232 E1940.86016
G1 X41.705 Y50.302
G0 F1800 X41.705 Y50.294
G0 X45.085 Y48.661
G1 F1200 X46.565 Y50.142 E1940.98203
G1 X46.635 Y50.212
G0 F1800 X46.626 Y50.212
G0 X46.565 Y45.121
G1 F1200 X45.085 Y43.641 E1941.10386
G1 X45.015 Y43.571
G0 F1800 X45.026 Y43.571
G0 X46.565 Y40.101
G1 F1200 X45.085 Y38.62 E1941.22572
G1 X45.015 Y38.55
G0 F1800 X45.026 Y38.55
G0 X46.565 Y35.08
G1 F1200 X45.085 Y33.6 E1941.34755
G1 X45.015 Y33.53
G0 F1800 X45.026 Y33.53
G0 X44.954 Y48.622
G0 X9.656 Y48.664
G0 X9.726 Y48.594
;TYPE:WALL-INNER
G1 F1200 X44.926 Y48.594 E1943.39637
G1 X44.926 Y32.411 E1944.33831
G1 X46.42 Y31.704 E1944.43451
G1 X46.653 Y31.594 E1944.44951
G1 X46.726 Y31.594 E1944.45376
G1 X46.726 Y31.852 E1944.4636
G1 X46.726 Y50.394 E1945.54284
G1 X7.926 Y50.394 E1947.80121
G1 X7.926 Y31.852 E1948.88045
G1 X7.926 Y31.594 E1948.89546
G1 X7.999 Y31.594 E1948.89971
G1 X8.232 Y31.704 E1948.90952
G1 X9.726 Y32.411 E1949.00573
G1 X9.726 Y48.594 E1949.94766
G0 F1800 X10.126 Y48.194
;TYPE:WALL-OUTER
G1 F600 X44.526 Y48.194 E1951.94992
G1 X44.526 Y32.157 E1952.88336
G1 X46.562 Y31.194 E1953.01445
G1 X47.126 Y31.194 E1953.04728
G1 X47.126 Y50.794 E1954.1881
G1 X7.526 Y50.794 E1956.49303
G1 X7.526 Y31.194 E1957.63385
G1 X8.09 Y31.194 E1957.66668
G1 X10.126 Y32.157 E1957.79777
G1 X10.126 Y48.194 E1958.73121
G0 F1800 X11.126 Y48.194
G0 X11.126 Y48.994
G1 F1500 E1952.23121
G0 F1800 X12.534 Y50.354
G0 X12.534 Y51.659
G0 X6.673 Y51.647
G0 X6.673 Y30.341
G0 X8.284 Y30.33
G0 X10.3 Y31.315
G0 X15.399 Y33.809
G0 X15.022 Y35.059
G0 X13.534 Y34.653
;TIME_ELAPSED:3114.732591
;LAYER:45
G0 X13.534 Y34.653 Z16.05
;TYPE:FILL
G1 F1500 E1958.73121
G1 F1200 X11.585 Y36.601 E1958.8916
G1 X11.515 Y36.671
G0 F1800 X11.526 Y36.671
G0 X11.585 Y41.622
G1 F1200 X17.425 Y35.783 E1959.37228
G1 X17.495 Y35.713
G0 F1800 X17.488 Y35.739
G0 X21.654 Y36.574
G1 F1200 X11.995 Y46.233 E1960.16735
G1 X11.925 Y46.303
G0 F1800 X11.925 Y46.294
G0 X17.015 Y46.233
G1 F1200 X26.296 Y36.952 E1960.93132
G1 X26.366 Y36.882
G0 F1800 X26.366 Y36.896
G0 X31.469 Y36.799
G1 F1200 X22.036 Y46.233 E1961.70783
G1 X21.966 Y46.303
G0 F1800 X21.966 Y46.294
G0 X27.056 Y46.233
G1 F1200 X37.598 Y35.691 E1962.57559
G1 X37.668 Y35.621
G0 F1800 X43.065 Y35.245
G1 F1200 X32.077 Y46.233 E1963.48007
G1 X32.007 Y46.303
G0 F1800 X32.007 Y46.294
G0 X37.097 Y46.233
G1 F1200 X43.065 Y40.265 E1963.97132
G1 X43.135 Y40.195
G0 F1800 X43.126 Y40.195
G0 X43.065 Y45.285
G1 F1200 X42.118 Y46.233 E1964.04931
G1 X42.048 Y46.303
G0 F1800 X42.048 Y46.294
G0 X23.166 Y36.74
G0 X23.175 Y36.641
;TYPE:WALL-INNER
G1 F1200 X27.326 Y36.844 E1964.29121
G1 X31.477 Y36.641 E1964.53311
G1 X35.618 Y36.024 E1964.7768
G1 X39.62 Y35.021 E1965.01694
G1 X42.96 Y33.826 E1965.22341
G1 X43.226 Y33.731 E1965.23985
G1 X43.226 Y34.013 E1965.24956
G1 X43.226 Y34.014 E1965.24962
G1 X43.226 Y46.394 E1965.9702
G1 X11.426 Y46.394 E1967.82113
G1 X11.426 Y34.014 E1968.54171
G1 X11.426 Y34.013 E1968.54177
G1 X11.426 Y33.731 E1968.55818
G1 X11.692 Y33.826 E1968.5679
G1 X15.033 Y35.021 E1968.77443
G1 X19.033 Y36.023 E1969.01444
G1 X23.175 Y36.641 E1969.2582
G0 F1800 X23.166 Y36.74
G0 X19.026 Y36.062
G0 X15.423 Y35.16
G0 X11.483 Y33.812
G0 X11.272 Y33.251
;TYPE:WALL-OUTER
G1 F600 X11.374 Y33.287 E1969.26449
G1 X15.149 Y34.638 E1969.49787
G1 X19.111 Y35.63 E1969.73559
G1 X23.214 Y36.242 E1969.97705
G1 X27.326 Y36.444 E1970.21668
G1 X31.438 Y36.242 E1970.45631
G1 X35.54 Y35.631 E1970.6977
G1 X39.504 Y34.638 E1970.93556
G1 X43.278 Y33.287 E1971.16887
G1 X43.38 Y33.251 E1971.17517
G1 X43.626 Y33.135 E1971.191
G1 X43.626 Y33.251
G1 X43.626 Y33.36 E1971.19635
G1 X43.626 Y46.794 E1971.97828
G1 X11.026 Y46.794 E1973.87577
G1 X11.026 Y33.36 E1974.6577
G1 X11.026 Y33.251 E1974.66305
G1 X11.026 Y33.135 E1974.66981
G1 X11.272 Y33.251 E1974.67327
G0 F1800 X11.374 Y33.287
G0 X12.213 Y33.587
G0 X11.943 Y34.34
G1 F1500 E1968.17327
G0 F1800 X11.437 Y33.747
G0 X9.693 Y32.432
G0 X9.565 Y33.601
;TYPE:FILL
G1 F1500 E1974.67327
G1 F1200 X8.085 Y35.081 E1974.79509
G1 X8.015 Y35.151
G0 F1800 X8.026 Y35.151
G0 X9.565 Y38.622
G1 F1200 X8.085 Y40.102 E1974.91692
G1 X8.015 Y40.172
G0 F1800 X8.026 Y40.172
G0 X9.565 Y43.642
G1 F1200 X8.085 Y45.122 E1975.03874
G1 X8.015 Y45.192
G0 F1800 X8.026 Y45.192
G0 X9.565 Y48.663
G1 F1200 X8.085 Y50.143 E1975.16057
G1 X8.015 Y50.213
G0 F1800 X8.026 Y50.213
G0 X13.015 Y50.233
G1 F1200 X14.496 Y48.752 E1975.28248
G1 X14.566 Y48.682
G0 F1800 X14.566 Y48.694
G0 X18.036 Y50.233
G1 F1200 X19.516 Y48.752 E1975.40435
G1 X19.586 Y48.682
G0 F1800 X19.586 Y48.694
G0 X23.056 Y50.233
G1 F1200 X24.537 Y48.752 E1975.52625
G1 X24.607 Y48.682
G0 F1800 X24.607 Y48.694
G0 X28.077 Y50.233
G1 F1200 X29.557 Y48.752 E1975.64812
G1 X29.627 Y48.682
G0 F1800 X29.627 Y48.694
G0 X33.097 Y50.233
G1 F1200 X34.578 Y48.752 E1975.77003
G1 X34.648 Y48.682
G0 F1800 X34.648 Y48.694
G0 X38.118 Y50.233
G1 F1200 X39.598 Y48.752 E1975.89189
G1 X39.668 Y48.682
G0 F1800 X39.668 Y48.694
G0 X43.138 Y50.233
G1 F1200 X44.619 Y48.752 E1976.0138
G1 X44.689 Y48.682
G0 F1800 X45.085 Y48.286
G1 F1200 X46.565 Y46.806 E1976.13563
G1 X46.635 Y46.736
G0 F1800 X46.626 Y46.736
G0 X45.085 Y43.265
G1 F1200 X46.565 Y41.786 E1976.25741
G1 X46.635 Y41.716
G0 F1800 X46.626 Y41.716
G0 X45.085 Y38.245
G1 F1200 X46.565 Y36.766 E1976.3792
G1 X46.635 Y36.696
G0 F1800 X46.626 Y36.696
G0 X45.085 Y33.224
G1 F1200 X46.436 Y31.874 E1976.49036
G1 X46.506 Y31.804
G0 F1800 X44.954 Y48.622
G0 X9.656 Y48.664
G0 X9.726 Y48.594
;TYPE:WALL-INNER
G1 F1200 X44.926 Y48.594 E1978.53919
G1 X44.926 Y32.411 E1979.48112
G1 X46.42 Y31.704 E1979.57733
G1 X46.653 Y31.594 E1979.59232
G1 X46.726 Y31.594 E1979.59657
G1 X46.726 Y31.852 E1979.60642
G1 X46.726 Y50.394 E1980.68566
G1 X7.926 Y50.394 E1982.94402
G1 X7.926 Y31.852 E1984.02326
G1 X7.926 Y31.594 E1984.03828
G1 X7.999 Y31.594 E1984.04253
G1 X8.232 Y31.704 E1984.05234
G1 X9.726 Y32.411 E1984.14854
G1 X9.726 Y48.594 E1985.09048
G0 F1800 X10.126 Y48.194
;TYPE:WALL-OUTER
G1 F600 X44.526 Y48.194 E1987.09274
G1 X44.526 Y32.157 E1988.02617
G1 X46.562 Y31.194 E1988.15727
G1 X47.126 Y31.194 E1988.19009
G1 X47.126 Y50.794 E1989.33092
G1 X7.526 Y50.794 E1991.63584
G1 X7.526 Y31.194 E1992.77667
G1 X8.09 Y31.194 E1992.8095
G1 X10.126 Y32.157 E1992.94059
G1 X10.126 Y48.194 E1993.87403
G0 F1800 X11.126 Y48.194
G0 X11.126 Y48.994
G1 F1500 E1987.37403
G0 F1800 X10.397 Y50.354
G0 X10.397 Y51.659
G0 X6.673 Y51.647
G0 X6.673 Y30.341
G0 X8.284 Y30.33
G0 X10.984 Y31.613
G0 X11.85 Y32.54
G0 X11.449 Y33.763
G0 X11.585 Y35.244
;TIME_ELAPSED:3165.631321
;LAYER:46
G0 X11.585 Y35.244 Z16.4
;TYPE:FILL
G1 F1500 E1993.87403
G1 F1200 X22.574 Y46.232 E1994.77854
G1 X22.644 Y46.302
G0 F1800 X22.644 Y46.294
G0 X27.594 Y46.232
G1 F1200 X17.052 Y35.69 E1995.6463
G1 X16.982 Y35.62
G0 F1800 X18.141 Y35.87
G0 X23.183 Y36.8
G1 F1200 X32.615 Y46.232 E1996.42269
G1 X32.685 Y46.302
G0 F1800 X32.685 Y46.294
G0 X37.635 Y46.232
G1 F1200 X28.356 Y36.953 E1997.18649
G1 X28.286 Y36.883
G0 F1800 X28.286 Y36.897
G0 X32.998 Y36.575
G1 F1200 X42.656 Y46.232 E1997.98144
G1 X42.726 Y46.302
G0 F1800 X42.726 Y46.294
G0 X43.065 Y41.621
G1 F1200 X37.229 Y35.785 E1998.46183
G1 X37.159 Y35.715
G0 F1800 X37.165 Y35.74
G0 X41.118 Y34.654
G1 F1200 X43.065 Y36.601 E1998.6221
G1 X43.135 Y36.671
G0 F1800 X43.126 Y36.671
G0 X17.553 Y46.232
G1 F1200 X11.585 Y40.264 E1999.11335
G1 X11.515 Y40.194
G0 F1800 X11.526 Y40.194
G0 X11.585 Y45.285
G1 F1200 X12.533 Y46.232 E1999.19135
G1 X12.603 Y46.302
G0 F1800 X12.603 Y46.294
G0 X23.166 Y36.74
G0 X23.175 Y36.641
;TYPE:WALL-INNER
G1 F1200 X27.326 Y36.844 E1999.43324
G1 X31.477 Y36.641 E1999.67514
G1 X35.616 Y36.025 E1999.91871
G1 X39.62 Y35.021 E2000.15898
G1 X42.96 Y33.826 E2000.36545
G1 X43.226 Y33.731 E2000.38189
G1 X43.226 Y34.013 E2000.3916
G1 X43.226 Y34.014 E2000.39165
G1 X43.226 Y46.394 E2001.11224
G1 X11.426 Y46.394 E2002.96316
G1 X11.426 Y34.014 E2003.68374
G1 X11.426 Y34.013 E2003.6838
G1 X11.426 Y33.731 E2003.70021
G1 X11.692 Y33.826 E2003.70994
G1 X15.033 Y35.021 E2003.91646
G1 X19.035 Y36.024 E2004.15661
G1 X23.175 Y36.641 E2004.40024
G0 F1800 X23.166 Y36.74
G0 X19.028 Y36.063
G0 X15.423 Y35.16
G0 X11.483 Y33.812
G0 X11.272 Y33.251
;TYPE:WALL-OUTER
G1 F600 X11.374 Y33.287 E2004.40653
G1 X15.149 Y34.638 E2004.63991
G1 X19.113 Y35.631 E2004.87776
G1 X23.214 Y36.242 E2005.11909
G1 X27.326 Y36.444 E2005.35872
G1 X31.438 Y36.242 E2005.59835
G1 X35.538 Y35.632 E2005.83962
G1 X39.504 Y34.638 E2006.0776
G1 X43.278 Y33.287 E2006.31092
G1 X43.38 Y33.251 E2006.31721
G1 X43.626 Y33.135 E2006.33305
G1 X43.626 Y33.251
G1 X43.626 Y33.36 E2006.3384
G1 X43.626 Y46.794 E2007.12033
G1 X11.026 Y46.794 E2009.01782
G1 X11.026 Y33.36 E2009.79975
G1 X11.026 Y33.251 E2009.8051
G1 X11.026 Y33.135 E2009.81185
G1 X11.272 Y33.251 E2009.81531
G0 F1800 X11.374 Y33.287
G0 X12.213 Y33.587
G0 X11.943 Y34.34
G1 F1500 E2003.31531
G0 F1800 X11.437 Y33.747
G0 X9.693 Y32.432
G0 X9.566 Y33.224
;TYPE:FILL
G1 F1500 E2009.81531
G1 F1200 X8.215 Y31.873 E2009.92652
G1 X8.145 Y31.803
G0 F1800 X8.085 Y36.764
G1 F1200 X9.566 Y38.245 E2010.04843
G1 X9.636 Y38.315
G0 F1800 X9.626 Y38.315
G0 X8.085 Y41.785
G1 F1200 X9.566 Y43.265 E2010.1703
G1 X9.636 Y43.335
G0 F1800 X9.626 Y43.335
G0 X8.085 Y46.805
G1 F1200 X9.566 Y48.286 E2010.2922
G1 X9.636 Y48.356
G0 F1800 X10.033 Y48.753
G1 F1200 X11.513 Y50.232 E2010.41399
G1 X11.583 Y50.302
G0 F1800 X11.583 Y50.294
G0 X15.054 Y48.753
G1 F1200 X16.533 Y50.232 E2010.53573
G1 X16.603 Y50.302
G0 F1800 X16.603 Y50.294
G0 X20.074 Y48.753
G1 F1200 X21.554 Y50.232 E2010.65752
G1 X21.624 Y50.302
G0 F1800 X21.624 Y50.294
G0 X25.095 Y48.753
G1 F1200 X26.574 Y50.232 E2010.77926
G1 X26.644 Y50.302
G0 F1800 X26.644 Y50.294
G0 X30.115 Y48.753
G1 F1200 X31.594 Y50.232 E2010.901
G1 X31.664 Y50.302
G0 F1800 X31.664 Y50.294
G0 X35.136 Y48.753
G1 F1200 X36.615 Y50.232 E2011.02275
G1 X36.685 Y50.302
G0 F1800 X36.685 Y50.294
G0 X40.156 Y48.753
G1 F1200 X41.635 Y50.232 E2011.14449
G1 X41.705 Y50.302
G0 F1800 X41.705 Y50.294
G0 X45.085 Y48.661
G1 F1200 X46.565 Y50.142 E2011.26636
G1 X46.635 Y50.212
G0 F1800 X46.626 Y50.212
G0 X46.565 Y45.121
G1 F1200 X45.085 Y43.641 E2011.38818
G1 X45.015 Y43.571
G0 F1800 X45.026 Y43.571
G0 X46.565 Y40.101
G1 F1200 X45.085 Y38.62 E2011.51005
G1 X45.015 Y38.55
G0 F1800 X45.026 Y38.55
G0 X46.565 Y35.08
G1 F1200 X45.085 Y33.6 E2011.63187
G1 X45.015 Y33.53
G0 F1800 X45.026 Y33.53
G0 X44.954 Y48.622
G0 X9.656 Y48.664
G0 X9.726 Y48.594
;TYPE:WALL-INNER
G1 F1200 X44.926 Y48.594 E2013.6807
G1 X44.926 Y32.411 E2014.62263
G1 X46.42 Y31.704 E2014.71884
G1 X46.653 Y31.594 E2014.73384
G1 X46.726 Y31.594 E2014.73808
G1 X46.726 Y31.852 E2014.74793
G1 X46.726 Y50.394 E2015.82717
G1 X7.926 Y50.394 E2018.08553
G1 X7.926 Y31.852 E2019.16477
G1 X7.926 Y31.594 E2019.17979
G1 X7.999 Y31.594 E2019.18404
G1 X8.232 Y31.704 E2019.19385
G1 X9.726 Y32.411 E2019.29005
G1 X9.726 Y48.594 E2020.23199
G0 F1800 X10.126 Y48.194
;TYPE:WALL-OUTER
G1 F600 X44.526 Y48.194 E2022.23425
G1 X44.526 Y32.157 E2023.16768
G1 X46.562 Y31.194 E2023.29878
G1 X47.126 Y31.194 E2023.33161
G1 X47.126 Y50.794 E2024.47243
G1 X7.526 Y50.794 E2026.77736
G1 X7.526 Y31.194 E2027.91818
G1 X8.09 Y31.194 E2027.95101
G1 X10.126 Y32.157 E2028.0821
G1 X10.126 Y48.194 E2029.01554
G0 F1800 X11.126 Y48.194
G0 X11.126 Y48.994
G0 X9.698 Y48.622
G0 X9.565 Y33.601
;TIME_ELAPSED:3216.241058
;LAYER:47
G0 X9.565 Y33.601 Z16.75
;TYPE:FILL
G1 F1200 X8.085 Y35.081 E2029.13736
G1 X8.015 Y35.151
G0 F1800 X8.026 Y35.151
G0 X9.565 Y38.622
G1 F1200 X8.085 Y40.102 E2029.25919
G1 X8.015 Y40.172
G0 F1800 X8.026 Y40.172
G0 X9.565 Y43.642
G1 F1200 X8.085 Y45.122 E2029.38101
G1 X8.015 Y45.192
G0 F1800 X8.026 Y45.192
G0 X9.565 Y48.663
G1 F1200 X8.085 Y50.143 E2029.50284
G1 X8.015 Y50.213
G0 F1800 X8.026 Y50.213
G0 X13.015 Y50.233
G1 F1200 X14.496 Y48.752 E2029.62475
G1 X14.566 Y48.682
G0 F1800 X14.566 Y48.694
G0 X18.036 Y50.233
G1 F1200 X19.516 Y48.752 E2029.74661
G1 X19.586 Y48.682
G0 F1800 X19.586 Y48.694
G0 X23.056 Y50.233
G1 F1200 X24.537 Y48.752 E2029.86852
G1 X24.607 Y48.682
G0 F1800 X24.607 Y48.694
G0 X28.077 Y50.233
G1 F1200 X29.557 Y48.752 E2029.99039
G1 X29.627 Y48.682
G0 F1800 X29.627 Y48.694
G0 X33.097 Y50.233
G1 F1200 X34.578 Y48.752 E2030.1123
G1 X34.648 Y48.682
G0 F1800 X34.648 Y48.694
G0 X38.118 Y50.233
G1 F1200 X39.598 Y48.752 E2030.23416
G1 X39.668 Y48.682
G0 F1800 X39.668 Y48.694
G0 X43.138 Y50.233
G1 F1200 X44.619 Y48.752 E2030.35607
G1 X44.689 Y48.682
G0 F1800 X45.085 Y48.286
G1 F1200 X46.565 Y46.806 E2030.4779
G1 X46.635 Y46.736
G0 F1800 X46.626 Y46.736
G0 X45.085 Y43.265
G1 F1200 X46.565 Y41.786 E2030.59968
G1 X46.635 Y41.716
G0 F1800 X46.626 Y41.716
G0 X45.085 Y38.245
G1 F1200 X46.565 Y36.766 E2030.72147
G1 X46.635 Y36.696
G0 F1800 X46.626 Y36.696
G0 X45.085 Y33.224
G1 F1200 X46.436 Y31.874 E2030.83263
G1 X46.506 Y31.804
G0 F1800 X44.954 Y48.622
G0 X9.656 Y48.664
G0 X9.726 Y48.594
;TYPE:WALL-INNER
G1 F1200 X44.926 Y48.594 E2032.88146
G1 X44.926 Y32.411 E2033.82339
G1 X46.42 Y31.704 E2033.9196
G1 X46.653 Y31.594 E2033.93459
G1 X46.726 Y31.594 E2033.93884
G1 X46.726 Y31.852 E2033.94868
G1 X46.726 Y50.394 E2035.02793
G1 X7.926 Y50.394 E2037.28629
G1 X7.926 Y31.852 E2038.36553
G1 X7.926 Y31.594 E2038.38055
G1 X7.999 Y31.594 E2038.3848
G1 X8.232 Y31.704 E2038.39461
G1 X9.726 Y32.411 E2038.49081
G1 X9.726 Y48.594 E2039.43275
G0 F1800 X10.126 Y48.194
;TYPE:WALL-OUTER
G1 F600 X44.526 Y48.194 E2041.43501
G1 X44.526 Y32.157 E2042.36844
G1 X46.562 Y31.194 E2042.49954
G1 X47.126 Y31.194 E2042.53236
G1 X47.126 Y50.794 E2043.67319
G1 X7.526 Y50.794 E2045.97811
G1 X7.526 Y31.194 E2047.11894
G1 X8.09 Y31.194 E2047.15176
G1 X10.126 Y32.157 E2047.28286
G1 X10.126 Y48.194 E2048.21629
G0 F1800 X11.126 Y48.194
G0 X11.126 Y48.994
G1 F1500 E2041.71629
G0 F1800 X10.397 Y50.354
G0 X10.397 Y51.659
G0 X6.673 Y51.647
G0 X6.673 Y30.341
G0 X8.284 Y30.33
G0 X9.049 Y30.693
G0 X15.355 Y33.794
G0 X14.983 Y35.045
G0 X11.995 Y46.233
;TYPE:FILL
G1 F1500 E2048.21629
G1 F1200 X21.653 Y36.575 E2049.01129
G1 X21.723 Y36.505
G0 F1800 X21.721 Y36.525
G0 X17.425 Y35.782
G1 F1200 X11.585 Y41.622 E2049.49201
G1 X11.515 Y41.692
G0 F1800 X11.526 Y41.692
G0 X11.585 Y36.601
G1 F1200 X13.534 Y34.653 E2049.6524
G1 X13.604 Y34.583
G0 F1800 X13.593 Y34.612
G0 X17.015 Y46.233
G1 F1200 X26.296 Y36.952 E2050.41636
G1 X26.366 Y36.882
G0 F1800 X26.366 Y36.895
G0 X31.469 Y36.799
G1 F1200 X22.036 Y46.233 E2051.19287
G1 X21.966 Y46.303
G0 F1800 X21.966 Y46.294
G0 X27.056 Y46.233
G1 F1200 X37.598 Y35.691 E2052.06064
G1 X37.668 Y35.621
G0 F1800 X43.065 Y35.245
G1 F1200 X32.077 Y46.233 E2052.96511
G1 X32.007 Y46.303
G0 F1800 X32.007 Y46.294
G0 X37.097 Y46.233
G1 F1200 X43.065 Y40.265 E2053.45636
G1 X43.135 Y40.195
G0 F1800 X43.126 Y40.195
G0 X43.065 Y45.285
G1 F1200 X42.118 Y46.233 E2053.53436
G1 X42.048 Y46.303
G0 F1800 X42.048 Y46.294
G0 X39.649 Y35.116
G0 X39.62 Y35.021
;TYPE:WALL-INNER
G1 F1200 X42.959 Y33.822 E2053.74085
G1 X43.226 Y33.727 E2053.75735
G1 X43.226 Y34.01 E2053.7671
G1 X43.226 Y34.011 E2053.76716
G1 X43.226 Y46.394 E2054.48791
G1 X11.426 Y46.394 E2056.33884
G1 X11.426 Y34.014 E2057.05942
G1 X11.426 Y34.013 E2057.05948
G1 X11.426 Y33.731 E2057.07589
G1 X11.692 Y33.826 E2057.08561
G1 X14.994 Y35.007 E2057.28973
G1 X19.064 Y36.031 E2057.53401
G1 X23.161 Y36.639 E2057.77509
G1 X27.326 Y36.844 E2058.0178
G1 X31.477 Y36.641 E2058.2597
G1 X35.614 Y36.025 E2058.50315
G1 X39.62 Y35.021 E2058.74353
G0 F1800 X39.649 Y35.116
G0 X35.621 Y36.064
G0 X31.48 Y36.68
G0 X27.326 Y36.884
G0 X23.158 Y36.678
G0 X19.057 Y36.07
G0 X15.391 Y35.148
G0 X11.483 Y33.812
G0 X11.272 Y33.251
;TYPE:WALL-OUTER
G1 F600 X11.374 Y33.287 E2058.74983
G1 X15.11 Y34.624 E2058.98079
G1 X19.142 Y35.638 E2059.22278
G1 X23.2 Y36.24 E2059.46156
G1 X27.326 Y36.444 E2059.70201
G1 X31.438 Y36.242 E2059.94164
G1 X35.536 Y35.632 E2060.18279
G1 X39.504 Y34.638 E2060.42089
G1 X43.294 Y33.277 E2060.65528
G1 X43.428 Y33.229 E2060.66356
G1 X43.626 Y33.135 E2060.67632
G1 X43.626 Y33.229
G1 X43.626 Y33.372 E2060.68293
G1 X43.626 Y46.794 E2061.46416
G1 X11.026 Y46.794 E2063.36165
G1 X11.026 Y33.36 E2064.14358
G1 X11.026 Y33.251 E2064.14893
G1 X11.026 Y33.135 E2064.15569
G1 X11.272 Y33.251 E2064.15915
G0 F1800 X11.374 Y33.287
G0 X12.213 Y33.587
G0 X11.942 Y34.339
G0 X11.585 Y35.244
;TIME_ELAPSED:3267.612712
;LAYER:48
G0 X11.585 Y35.244 Z17.1
;TYPE:FILL
G1 F1200 X22.574 Y46.232 E2065.06366
G1 X22.644 Y46.302
G0 F1800 X22.644 Y46.294
G0 X27.594 Y46.232
G1 F1200 X17.051 Y35.689 E2065.93151
G1 X16.981 Y35.619
G0 F1800 X18.157 Y35.873
G0 X23.181 Y36.799
G1 F1200 X32.615 Y46.232 E2066.70802
G1 X32.685 Y46.302
G0 F1800 X32.685 Y46.294
G0 X37.635 Y46.232
G1 F1200 X28.356 Y36.953 E2067.47182
G1 X28.286 Y36.883
G0 F1800 X28.286 Y36.897
G0 X32.998 Y36.575
G1 F1200 X42.656 Y46.232 E2068.26677
G1 X42.726 Y46.302
G0 F1800 X42.726 Y46.294
G0 X43.065 Y41.621
G1 F1200 X37.228 Y35.784 E2068.74724
G1 X37.158 Y35.714
G0 F1800 X37.163 Y35.739
G0 X41.118 Y34.654
G1 F1200 X43.065 Y36.601 E2068.90751
G1 X43.135 Y36.671
G0 F1800 X43.126 Y36.671
G0 X17.553 Y46.232
G1 F1200 X11.585 Y40.264 E2069.39876
G1 X11.515 Y40.194
G0 F1800 X11.526 Y40.194
G0 X11.585 Y45.285
G1 F1200 X12.533 Y46.232 E2069.47676
G1 X12.603 Y46.302
G0 F1800 X12.603 Y46.294
G0 X19.045 Y36.129
G0 X19.064 Y36.031
;TYPE:WALL-INNER
G1 F1200 X23.162 Y36.639 E2069.71789
G1 X27.326 Y36.844 E2069.96055
G1 X31.477 Y36.641 E2070.20245
G1 X35.612 Y36.026 E2070.44578
G1 X39.62 Y35.021 E2070.68629
G1 X42.96 Y33.826 E2070.89276
G1 X43.226 Y33.731 E2070.9092
G1 X43.226 Y34.013 E2070.91891
G1 X43.226 Y34.014 E2070.91896
G1 X43.226 Y46.394 E2071.63954
G1 X11.426 Y46.394 E2073.49047
G1 X11.426 Y34.014 E2074.21105
G1 X11.426 Y34.013 E2074.21111
G1 X11.426 Y33.731 E2074.22752
G1 X11.692 Y33.826 E2074.23724
G1 X14.997 Y35.008 E2074.44155
G1 X19.064 Y36.031 E2074.68564
G0 F1800 X19.045 Y36.129
G0 X15.392 Y35.155
G0 X11.483 Y33.812
G0 X11.272 Y33.251
;TYPE:WALL-OUTER
G1 F600 X11.374 Y33.287 E2074.69194
G1 X15.113 Y34.625 E2074.92308
G1 X19.142 Y35.638 E2075.16489
G1 X23.201 Y36.24 E2075.40373
G1 X27.326 Y36.444 E2075.64412
G1 X31.438 Y36.242 E2075.88375
G1 X35.534 Y35.633 E2076.12478
G1 X39.504 Y34.638 E2076.363
G1 X43.278 Y33.287 E2076.59631
G1 X43.38 Y33.251 E2076.60261
G1 X43.626 Y33.135 E2076.61844
G1 X43.626 Y33.251
G1 X43.626 Y33.36 E2076.62379
G1 X43.626 Y46.794 E2077.40572
G1 X11.026 Y46.794 E2079.30321
G1 X11.026 Y33.36 E2080.08514
G1 X11.026 Y33.251 E2080.0905
G1 X11.026 Y33.135 E2080.09725
G1 X11.272 Y33.251 E2080.10071
G0 F1800 X11.374 Y33.287
G0 X12.213 Y33.587
G0 X11.942 Y34.339
G1 F1500 E2073.60071
G0 F1800 X11.437 Y33.747
G0 X9.693 Y32.432
G0 X9.566 Y33.224
;TYPE:FILL
G1 F1500 E2080.10071
G1 F1200 X8.215 Y31.873 E2080.21192
G1 X8.145 Y31.803
G0 F1800 X8.085 Y36.764
G1 F1200 X9.566 Y38.245 E2080.33382
G1 X9.636 Y38.315
G0 F1800 X9.626 Y38.315
G0 X8.085 Y41.785
G1 F1200 X9.566 Y43.265 E2080.45569
G1 X9.636 Y43.335
G0 F1800 X9.626 Y43.335
G0 X8.085 Y46.805
G1 F1200 X9.566 Y48.286 E2080.5776
G1 X9.636 Y48.356
G0 F1800 X10.033 Y48.753
G1 F1200 X11.513 Y50.232 E2080.69938
G1 X11.583 Y50.302
G0 F1800 X11.583 Y50.294
G0 X15.054 Y48.753
G1 F1200 X16.533 Y50.232 E2080.82113
G1 X16.603 Y50.302
G0 F1800 X16.603 Y50.294
G0 X20.074 Y48.753
G1 F1200 X21.554 Y50.232 E2080.94291
G1 X21.624 Y50.302
G0 F1800 X21.624 Y50.294
G0 X25.095 Y48.753
G1 F1200 X26.574 Y50.232 E2081.06465
G1 X26.644 Y50.302
G0 F1800 X26.644 Y50.294
G0 X30.115 Y48.753
G1 F1200 X31.594 Y50.232 E2081.1864
G1 X31.664 Y50.302
G0 F1800 X31.664 Y50.294
G0 X35.136 Y48.753
G1 F1200 X36.615 Y50.232 E2081.30814
G1 X36.685 Y50.302
G0 F1800 X36.685 Y50.294
G0 X40.156 Y48.753
G1 F1200 X41.635 Y50.232 E2081.42988
G1 X41.705 Y50.302
G0 F1800 X41.705 Y50.294
G0 X45.085 Y48.661
G1 F1200 X46.565 Y50.142 E2081.55175
G1 X46.635 Y50.212
G0 F1800 X46.626 Y50.212
G0 X46.565 Y45.121
G1 F1200 X45.085 Y43.641 E2081.67358
G1 X45.015 Y43.571
G0 F1800 X45.026 Y43.571
G0 X46.565 Y40.101
G1 F1200 X45.085 Y38.62 E2081.79544
G1 X45.015 Y38.55
G0 F1800 X45.026 Y38.55
G0 X46.565 Y35.08
G1 F1200 X45.085 Y33.6 E2081.91727
G1 X45.015 Y33.53
G0 F1800 X45.026 Y33.53
G0 X44.954 Y48.622
G0 X9.656 Y48.664
G0 X9.726 Y48.594
;TYPE:WALL-INNER
G1 F1200 X44.926 Y48.594 E2083.96609
G1 X44.926 Y32.411 E2084.90803
G1 X46.42 Y31.704 E2085.00423
G1 X46.653 Y31.594 E2085.01923
G1 X46.726 Y31.594 E2085.02348
G1 X46.726 Y31.852 E2085.03332
G1 X46.726 Y50.394 E2086.11256
G1 X7.926 Y50.394 E2088.37093
G1 X7.926 Y31.852 E2089.45017
G1 X7.926 Y31.594 E2089.46518
G1 X7.999 Y31.594 E2089.46943
G1 X8.232 Y31.704 E2089.47924
G1 X9.726 Y32.411 E2089.57545
G1 X9.726 Y48.594 E2090.51738
G0 F1800 X10.126 Y48.194
;TYPE:WALL-OUTER
G1 F600 X44.526 Y48.194 E2092.51964
G1 X44.526 Y32.157 E2093.45308
G1 X46.562 Y31.194 E2093.58417
G1 X47.126 Y31.194 E2093.617
G1 X47.126 Y50.794 E2094.75782
G1 X7.526 Y50.794 E2097.06275
G1 X7.526 Y31.194 E2098.20357
G1 X8.09 Y31.194 E2098.2364
G1 X10.126 Y32.157 E2098.36749
G1 X10.126 Y48.194 E2099.30093
G0 F1800 X11.126 Y48.194
G0 X11.126 Y48.994
G0 X9.698 Y48.622
G0 X9.565 Y33.601
;TIME_ELAPSED:3317.748671
;LAYER:49
G0 X9.565 Y33.601 Z17.45
;TYPE:FILL
G1 F1200 X8.085 Y35.081 E2099.42276
G1 X8.015 Y35.151
G0 F1800 X8.026 Y35.151
G0 X9.565 Y38.622
G1 F1200 X8.085 Y40.102 E2099.54458
G1 X8.015 Y40.172
G0 F1800 X8.026 Y40.172
G0 X9.565 Y43.642
G1 F1200 X8.085 Y45.122 E2099.66641
G1 X8.015 Y45.192
G0 F1800 X8.026 Y45.192
G0 X9.565 Y48.663
G1 F1200 X8.085 Y50.143 E2099.78823
G1 X8.015 Y50.213
G0 F1800 X8.026 Y50.213
G0 X13.015 Y50.233
G1 F1200 X14.496 Y48.752 E2099.91014
G1 X14.566 Y48.682
G0 F1800 X14.566 Y48.694
G0 X18.036 Y50.233
G1 F1200 X19.516 Y48.752 E2100.03201
G1 X19.586 Y48.682
G0 F1800 X19.586 Y48.694
G0 X23.056 Y50.233
G1 F1200 X24.537 Y48.752 E2100.15392
G1 X24.607 Y48.682
G0 F1800 X24.607 Y48.694
G0 X28.077 Y50.233
G1 F1200 X29.557 Y48.752 E2100.27578
G1 X29.627 Y48.682
G0 F1800 X29.627 Y48.694
G0 X33.097 Y50.233
G1 F1200 X34.578 Y48.752 E2100.39769
G1 X34.648 Y48.682
G0 F1800 X34.648 Y48.694
G0 X38.118 Y50.233
G1 F1200 X39.598 Y48.752 E2100.51956
G1 X39.668 Y48.682
G0 F1800 X39.668 Y48.694
G0 X43.138 Y50.233
G1 F1200 X44.619 Y48.752 E2100.64147
G1 X44.689 Y48.682
G0 F1800 X45.085 Y48.286
G1 F1200 X46.565 Y46.806 E2100.76329
G1 X46.635 Y46.736
G0 F1800 X46.626 Y46.736
G0 X45.085 Y43.265
G1 F1200 X46.565 Y41.786 E2100.88508
G1 X46.635 Y41.716
G0 F1800 X46.626 Y41.716
G0 X45.085 Y38.245
G1 F1200 X46.565 Y36.766 E2101.00686
G1 X46.635 Y36.696
G0 F1800 X46.626 Y36.696
G0 X45.085 Y33.224
G1 F1200 X46.436 Y31.874 E2101.11803
G1 X46.506 Y31.804
G0 F1800 X44.954 Y48.622
G0 X9.656 Y48.664
G0 X9.726 Y48.594
;TYPE:WALL-INNER
G1 F1200 X44.926 Y48.594 E2103.16685
G1 X44.926 Y32.411 E2104.10879
G1 X46.42 Y31.704 E2104.20499
G1 X46.653 Y31.594 E2104.21999
G1 X46.726 Y31.594 E2104.22424
G1 X46.726 Y31.852 E2104.23408
G1 X46.726 Y50.394 E2105.31332
G1 X7.926 Y50.394 E2107.57168
G1 X7.926 Y31.852 E2108.65093
G1 X7.926 Y31.594 E2108.66594
G1 X7.999 Y31.594 E2108.67019
G1 X8.232 Y31.704 E2108.68
G1 X9.726 Y32.411 E2108.77621
G1 X9.726 Y48.594 E2109.71814
G0 F1800 X10.126 Y48.194
;TYPE:WALL-OUTER
G1 F600 X44.526 Y48.194 E2111.7204
G1 X44.526 Y32.157 E2112.65384
G1 X46.562 Y31.194 E2112.78493
G1 X47.126 Y31.194 E2112.81776
G1 X47.126 Y50.794 E2113.95858
G1 X7.526 Y50.794 E2116.26351
G1 X7.526 Y31.194 E2117.40433
G1 X8.09 Y31.194 E2117.43716
G1 X10.126 Y32.157 E2117.56825
G1 X10.126 Y48.194 E2118.50169
G0 F1800 X11.126 Y48.194
G0 X11.126 Y48.994
G1 F1500 E2112.00169
G0 F1800 X10.397 Y50.354
G0 X10.397 Y51.659
G0 X6.673 Y51.647
G0 X6.673 Y30.341
G0 X8.284 Y30.33
G0 X9.049 Y30.693
G0 X15.363 Y33.797
G0 X14.989 Y35.047
G0 X11.995 Y46.233
;TYPE:FILL
G1 F1500 E2118.50169
G1 F1200 X21.653 Y36.575 E2119.29668
G1 X21.723 Y36.505
G0 F1800 X21.721 Y36.525
G0 X17.425 Y35.782
G1 F1200 X11.585 Y41.622 E2119.7774
G1 X11.515 Y41.692
G0 F1800 X11.526 Y41.692
G0 X11.585 Y36.601
G1 F1200 X13.534 Y34.653 E2119.93779
G1 X13.604 Y34.583
G0 F1800 X13.594 Y34.612
G0 X17.015 Y46.233
G1 F1200 X26.296 Y36.952 E2120.70175
G1 X26.366 Y36.882
G0 F1800 X26.366 Y36.895
G0 X31.469 Y36.799
G1 F1200 X22.036 Y46.233 E2121.47827
G1 X21.966 Y46.303
G0 F1800 X21.966 Y46.294
G0 X27.056 Y46.233
G1 F1200 X37.598 Y35.691 E2122.34603
G1 X37.668 Y35.621
G0 F1800 X43.065 Y35.245
G1 F1200 X32.077 Y46.233 E2123.2505
G1 X32.007 Y46.303
G0 F1800 X32.007 Y46.294
G0 X37.097 Y46.233
G1 F1200 X43.065 Y40.265 E2123.74176
G1 X43.135 Y40.195
G0 F1800 X43.126 Y40.195
G0 X43.065 Y45.285
G1 F1200 X42.118 Y46.233 E2123.81975
G1 X42.048 Y46.303
G0 F1800 X42.048 Y46.294
G0 X39.649 Y35.116
G0 X39.62 Y35.021
;TYPE:WALL-INNER
G1 F1200 X42.959 Y33.822 E2124.02625
G1 X43.226 Y33.727 E2124.04274
G1 X43.226 Y34.01 E2124.05249
G1 X43.226 Y34.011 E2124.05255
G1 X43.226 Y46.394 E2124.77331
G1 X11.426 Y46.394 E2126.62423
G1 X11.426 Y34.014 E2127.34481
G1 X11.426 Y34.013 E2127.34487
G1 X11.426 Y33.731 E2127.36129
G1 X11.692 Y33.826 E2127.37101
G1 X15 Y35.009 E2127.57549
G1 X19.064 Y36.031 E2127.8194
G1 X23.163 Y36.639 E2128.0606
G1 X27.326 Y36.844 E2128.3032
G1 X31.477 Y36.641 E2128.5451
G1 X35.61 Y36.026 E2128.78831
G1 X39.62 Y35.021 E2129.02893
G0 F1800 X39.649 Y35.116
G0 X35.617 Y36.065
G0 X31.48 Y36.68
G0 X27.326 Y36.884
G0 X23.16 Y36.678
G0 X19.057 Y36.07
G0 X15.396 Y35.15
G0 X11.483 Y33.812
G0 X11.272 Y33.251
;TYPE:WALL-OUTER
G1 F600 X11.374 Y33.287 E2129.03523
G1 X15.116 Y34.626 E2129.26655
G1 X19.142 Y35.638 E2129.50818
G1 X23.202 Y36.24 E2129.74707
G1 X27.326 Y36.444 E2129.98741
G1 X31.438 Y36.242 E2130.22704
G1 X35.532 Y35.633 E2130.46795
G1 X39.504 Y34.638 E2130.70628
G1 X43.292 Y33.278 E2130.94055
G1 X43.421 Y33.232 E2130.94852
G1 X43.626 Y33.135 E2130.96172
G1 X43.626 Y33.232
G1 X43.626 Y33.37 E2130.96816
G1 X43.626 Y46.794 E2131.74951
G1 X11.026 Y46.794 E2133.647
G1 X11.026 Y33.36 E2134.42893
G1 X11.026 Y33.251 E2134.43428
G1 X11.026 Y33.135 E2134.44103
G1 X11.272 Y33.251 E2134.44449
G0 F1800 X11.374 Y33.287
G0 X12.213 Y33.587
G0 X11.942 Y34.339
G0 X11.585 Y35.244
;TIME_ELAPSED:3369.120560
;LAYER:50
G0 X11.585 Y35.244 Z17.8
;TYPE:FILL
G1 F1200 X22.574 Y46.232 E2135.34901
G1 X22.644 Y46.302
G0 F1800 X22.644 Y46.294
G0 X27.594 Y46.232
G1 F1200 X17.051 Y35.689 E2136.21685
G1 X16.981 Y35.619
G0 F1800 X18.157 Y35.873
G0 X23.181 Y36.799
G1 F1200 X32.615 Y46.232 E2136.99337
G1 X32.685 Y46.302
G0 F1800 X32.685 Y46.294
G0 X37.635 Y46.232
G1 F1200 X28.356 Y36.953 E2137.75716
G1 X28.286 Y36.883
G0 F1800 X28.286 Y36.897
G0 X32.999 Y36.575
G1 F1200 X42.656 Y46.232 E2138.55208
G1 X42.726 Y46.302
G0 F1800 X42.726 Y46.294
G0 X43.065 Y41.621
G1 F1200 X37.229 Y35.785 E2139.03246
G1 X37.159 Y35.715
G0 F1800 X37.164 Y35.74
G0 X41.118 Y34.653
G1 F1200 X43.065 Y36.601 E2139.19277
G1 X43.135 Y36.671
G0 F1800 X43.126 Y36.671
G0 X17.553 Y46.232
G1 F1200 X11.585 Y40.264 E2139.68403
G1 X11.515 Y40.194
G0 F1800 X11.526 Y40.194
G0 X11.585 Y45.285
G1 F1200 X12.533 Y46.232 E2139.76202
G1 X12.603 Y46.302
G0 F1800 X12.603 Y46.294
G0 X19.045 Y36.129
G0 X19.064 Y36.031
;TYPE:WALL-INNER
G1 F1200 X23.164 Y36.639 E2140.00327
G1 X27.326 Y36.844 E2140.24581
G1 X31.477 Y36.641 E2140.48771
G1 X35.608 Y36.027 E2140.7308
G1 X39.62 Y35.021 E2140.97155
G1 X42.959 Y33.823 E2141.17803
G1 X43.226 Y33.728 E2141.19452
G1 X43.226 Y34.011 E2141.20427
G1 X43.226 Y34.012 E2141.20433
G1 X43.226 Y46.394 E2141.92503
G1 X11.426 Y46.394 E2143.77595
G1 X11.426 Y34.014 E2144.49653
G1 X11.426 Y34.013 E2144.49659
G1 X11.426 Y33.731 E2144.51301
G1 X11.692 Y33.826 E2144.52273
G1 X15.003 Y35.01 E2144.7274
G1 X19.064 Y36.031 E2144.97112
G0 F1800 X19.045 Y36.129
G0 X32.739 Y41.932
G0 X43.169 Y33.809
G0 X43.417 Y33.234
;TYPE:WALL-OUTER
G1 F600 X43.626 Y33.135 E2144.98458
G1 X43.626 Y33.234
G1 X43.626 Y33.369 E2144.99244
G1 X43.626 Y46.794 E2145.77385
G1 X11.026 Y46.794 E2147.67134
G1 X11.026 Y33.36 E2148.45327
G1 X11.026 Y33.251 E2148.45961
G1 X11.026 Y33.135 E2148.46636
G1 X11.272 Y33.251 E2148.46983
G1 X11.374 Y33.287 E2148.47513
G1 X15.119 Y34.627 E2148.70664
G1 X19.142 Y35.638 E2148.94808
G1 X23.203 Y36.24 E2149.18704
G1 X27.326 Y36.444 E2149.42731
G1 X31.438 Y36.242 E2149.66694
G1 X35.53 Y35.634 E2149.90773
G1 X39.504 Y34.638 E2150.14619
G1 X43.29 Y33.279 E2150.38032
G1 X43.417 Y33.234 E2150.38532
G0 F1800 X43.626 Y33.135
G0 X43.626 Y33.234
G0 X43.626 Y33.369
G0 X43.626 Y33.904
G0 X42.951 Y34.251
G1 F1500 E2143.88532
G0 F1800 X43.215 Y33.744
G0 X44.959 Y32.432
G0 X45.085 Y33.6
;TYPE:FILL
G1 F1500 E2150.38532
G1 F1200 X46.565 Y35.08 E2150.50715
G1 X46.635 Y35.15
G0 F1800 X46.626 Y35.15
G0 X45.085 Y38.62
G1 F1200 X46.565 Y40.101 E2150.62902
G1 X46.635 Y40.171
G0 F1800 X46.626 Y40.171
G0 X45.085 Y43.641
G1 F1200 X46.565 Y45.121 E2150.75084
G1 X46.635 Y45.191
G0 F1800 X46.626 Y45.191
G0 X45.085 Y48.661
G1 F1200 X46.565 Y50.142 E2150.87271
G1 X46.635 Y50.212
G0 F1800 X46.626 Y50.212
G0 X41.635 Y50.232
G1 F1200 X40.156 Y48.753 E2150.99445
G1 X40.086 Y48.683
G0 F1800 X40.086 Y48.694
G0 X36.615 Y50.232
G1 F1200 X35.136 Y48.753 E2151.1162
G1 X35.066 Y48.683
G0 F1800 X35.066 Y48.694
G0 X31.594 Y50.232
G1 F1200 X30.115 Y48.753 E2151.23794
G1 X30.045 Y48.683
G0 F1800 X30.045 Y48.694
G0 X26.574 Y50.232
G1 F1200 X25.095 Y48.753 E2151.35968
G1 X25.025 Y48.683
G0 F1800 X25.025 Y48.694
G0 X21.554 Y50.232
G1 F1200 X20.074 Y48.753 E2151.48147
G1 X20.004 Y48.683
G0 F1800 X20.004 Y48.694
G0 X16.533 Y50.232
G1 F1200 X15.054 Y48.753 E2151.60321
G1 X14.984 Y48.683
G0 F1800 X14.984 Y48.694
G0 X11.513 Y50.232
G1 F1200 X10.033 Y48.753 E2151.72499
G1 X9.963 Y48.683
G0 F1800 X9.566 Y48.286
G1 F1200 X8.085 Y46.805 E2151.8469
G1 X8.015 Y46.735
G0 F1800 X8.026 Y46.735
G0 X9.566 Y43.265
G1 F1200 X8.085 Y41.785 E2151.96877
G1 X8.015 Y41.715
G0 F1800 X8.026 Y41.715
G0 X9.566 Y38.245
G1 F1200 X8.085 Y36.764 E2152.09068
G1 X8.015 Y36.694
G0 F1800 X8.026 Y36.694
G0 X9.566 Y33.224
G1 F1200 X8.215 Y31.873 E2152.20188
G1 X8.145 Y31.803
G0 F1800 X9.656 Y48.664
G0 X9.726 Y48.594
;TYPE:WALL-INNER
G1 F1200 X44.926 Y48.594 E2154.25071
G1 X44.926 Y32.411 E2155.19264
G1 X46.42 Y31.704 E2155.28885
G1 X46.653 Y31.594 E2155.30385
G1 X46.726 Y31.594 E2155.30809
G1 X46.726 Y31.852 E2155.31794
G1 X46.726 Y50.394 E2156.39718
G1 X7.926 Y50.394 E2158.65554
G1 X7.926 Y31.852 E2159.73478
G1 X7.926 Y31.594 E2159.7498
G1 X7.999 Y31.594 E2159.75405
G1 X8.232 Y31.704 E2159.76386
G1 X9.726 Y32.411 E2159.86006
G1 X9.726 Y48.594 E2160.802
G0 F1800 X10.126 Y48.194
;TYPE:WALL-OUTER
G1 F600 X44.526 Y48.194 E2162.80426
G1 X44.526 Y32.157 E2163.7377
G1 X46.562 Y31.194 E2163.86879
G1 X47.126 Y31.194 E2163.90162
G1 X47.126 Y50.794 E2165.04244
G1 X7.526 Y50.794 E2167.34737
G1 X7.526 Y31.194 E2168.48819
G1 X8.09 Y31.194 E2168.52102
G1 X10.126 Y32.157 E2168.65211
G1 X10.126 Y48.194 E2169.58555
G0 F1800 X11.126 Y48.194
G0 X11.126 Y48.994
G1 F1500 E2163.08555
G0 F1800 X12.534 Y50.354
G0 X12.534 Y51.659
G0 X6.673 Y51.647
G0 X6.673 Y30.341
G0 X8.284 Y30.33
G0 X9.049 Y30.693
G0 X15.366 Y33.797
G0 X14.992 Y35.048
G0 X13.535 Y34.652
;TIME_ELAPSED:3419.744387
;LAYER:51
G0 X13.535 Y34.652 Z18.15
;TYPE:FILL
G1 F1500 E2169.58555
G1 F1200 X11.585 Y36.601 E2169.74602
G1 X11.515 Y36.671
G0 F1800 X11.526 Y36.671
G0 X11.585 Y41.622
G1 F1200 X17.424 Y35.783 E2170.22665
G1 X17.494 Y35.713
G0 F1800 X17.487 Y35.738
G0 X21.654 Y36.574
G1 F1200 X11.995 Y46.233 E2171.02173
G1 X11.925 Y46.303
G0 F1800 X11.925 Y46.294
G0 X17.015 Y46.233
G1 F1200 X26.296 Y36.952 E2171.78569
G1 X26.366 Y36.882
G0 F1800 X26.366 Y36.896
G0 X31.469 Y36.799
G1 F1200 X22.036 Y46.233 E2172.56221
G1 X21.966 Y46.303
G0 F1800 X21.966 Y46.294
G0 X27.056 Y46.233
G1 F1200 X37.598 Y35.691 E2173.42997
G1 X37.668 Y35.621
G0 F1800 X43.064 Y35.245
G1 F1200 X32.077 Y46.233 E2174.3344
G1 X32.007 Y46.303
G0 F1800 X32.007 Y46.294
G0 X37.097 Y46.233
G1 F1200 X43.064 Y40.266 E2174.82557
G1 X43.134 Y40.196
G0 F1800 X43.126 Y40.196
G0 X43.064 Y45.286
G1 F1200 X42.118 Y46.233 E2174.90348
G1 X42.048 Y46.303
G0 F1800 X42.048 Y46.294
G0 X15.004 Y35.116
G0 X15.033 Y35.021
;TYPE:WALL-INNER
G1 F1200 X19.045 Y36.026 E2175.14422
G1 X23.175 Y36.641 E2175.38726
G1 X27.326 Y36.844 E2175.62916
G1 X31.477 Y36.641 E2175.87105
G1 X35.606 Y36.027 E2176.11403
G1 X39.62 Y35.021 E2176.35489
G1 X42.959 Y33.823 E2176.56137
G1 X43.226 Y33.728 E2176.57786
G1 X43.226 Y34.011 E2176.58761
G1 X43.226 Y34.012 E2176.58767
G1 X43.226 Y46.394 E2177.30837
G1 X11.426 Y46.394 E2179.15929
G1 X11.426 Y34.011 E2179.88005
G1 X11.426 Y34.01 E2179.88011
G1 X11.426 Y33.727 E2179.89658
G1 X11.693 Y33.822 E2179.90634
G1 X15.033 Y35.021 E2180.11289
G0 F1800 X15.004 Y35.116
G0 X11.483 Y33.808
G0 X11.238 Y33.235
;TYPE:WALL-OUTER
G1 F600 X11.363 Y33.279 E2180.12061
G1 X15.149 Y34.638 E2180.35474
G1 X19.123 Y35.633 E2180.59319
G1 X23.214 Y36.242 E2180.83393
G1 X27.326 Y36.444 E2181.07356
G1 X31.438 Y36.242 E2181.31318
G1 X35.528 Y35.634 E2181.55386
G1 X39.504 Y34.638 E2181.79243
G1 X43.289 Y33.28 E2182.02649
G1 X43.413 Y33.236 E2182.03415
G1 X43.626 Y33.135 E2182.04787
G1 X43.626 Y33.236
G1 X43.626 Y33.368 E2182.05409
G1 X43.626 Y46.794 E2182.83556
G1 X11.026 Y46.794 E2184.73305
G1 X11.026 Y33.368 E2185.51451
G1 X11.026 Y33.235 E2185.52077
G1 X11.026 Y33.135 E2185.52659
G1 X11.238 Y33.235 E2185.52855
G0 F1800 X11.363 Y33.279
G0 X12.18 Y33.572
G0 X11.908 Y34.324
G1 F1500 E2179.02855
G0 F1800 X11.437 Y33.743
G0 X9.693 Y32.432
G0 X9.565 Y33.601
;TYPE:FILL
G1 F1500 E2185.52855
G1 F1200 X8.085 Y35.081 E2185.65038
G1 X8.015 Y35.151
G0 F1800 X8.026 Y35.151
G0 X9.565 Y38.622
G1 F1200 X8.085 Y40.102 E2185.7722
G1 X8.015 Y40.172
G0 F1800 X8.026 Y40.172
G0 X9.565 Y43.642
G1 F1200 X8.085 Y45.122 E2185.89403
G1 X8.015 Y45.192
G0 F1800 X8.026 Y45.192
G0 X9.565 Y48.663
G1 F1200 X8.085 Y50.143 E2186.01585
G1 X8.015 Y50.213
G0 F1800 X8.026 Y50.213
G0 X13.015 Y50.233
G1 F1200 X14.496 Y48.752 E2186.13776
G1 X14.566 Y48.682
G0 F1800 X14.566 Y48.694
G0 X18.036 Y50.233
G1 F1200 X19.516 Y48.752 E2186.25963
G1 X19.586 Y48.682
G0 F1800 X19.586 Y48.694
G0 X23.056 Y50.233
G1 F1200 X24.537 Y48.752 E2186.38154
G1 X24.607 Y48.682
G0 F1800 X24.607 Y48.694
G0 X28.077 Y50.233
G1 F1200 X29.557 Y48.752 E2186.5034
G1 X29.627 Y48.682
G0 F1800 X29.627 Y48.694
G0 X33.097 Y50.233
G1 F1200 X34.578 Y48.752 E2186.62531
G1 X34.648 Y48.682
G0 F1800 X34.648 Y48.694
G0 X38.118 Y50.233
G1 F1200 X39.598 Y48.752 E2186.74718
G1 X39.668 Y48.682
G0 F1800 X39.668 Y48.694
G0 X43.138 Y50.233
G1 F1200 X44.619 Y48.752 E2186.86909
G1 X44.689 Y48.682
G0 F1800 X45.085 Y48.286
G1 F1200 X46.565 Y46.806 E2186.99091
G1 X46.635 Y46.736
G0 F1800 X46.626 Y46.736
G0 X45.085 Y43.265
G1 F1200 X46.565 Y41.786 E2187.1127
G1 X46.635 Y41.716
G0 F1800 X46.626 Y41.716
G0 X45.085 Y38.245
G1 F1200 X46.565 Y36.766 E2187.23448
G1 X46.635 Y36.696
G0 F1800 X46.626 Y36.696
G0 X45.085 Y33.224
G1 F1200 X46.436 Y31.874 E2187.34565
G1 X46.506 Y31.804
G0 F1800 X44.954 Y48.622
G0 X9.656 Y48.664
G0 X9.726 Y48.594
;TYPE:WALL-INNER
G1 F1200 X44.926 Y48.594 E2189.39447
G1 X44.926 Y32.411 E2190.33641
G1 X46.42 Y31.704 E2190.43261
G1 X46.653 Y31.594 E2190.44761
G1 X46.726 Y31.594 E2190.45186
G1 X46.726 Y31.852 E2190.4617
G1 X46.726 Y50.394 E2191.54094
G1 X7.926 Y50.394 E2193.7993
G1 X7.926 Y31.852 E2194.87855
G1 X7.926 Y31.594 E2194.89356
G1 X7.999 Y31.594 E2194.89781
G1 X8.232 Y31.704 E2194.90762
G1 X9.726 Y32.411 E2195.00382
G1 X9.726 Y48.594 E2195.94576
G0 F1800 X10.126 Y48.194
;TYPE:WALL-OUTER
G1 F600 X44.526 Y48.194 E2197.94802
G1 X44.526 Y32.157 E2198.88146
G1 X46.562 Y31.194 E2199.01255
G1 X47.126 Y31.194 E2199.04538
G1 X47.126 Y50.794 E2200.1862
G1 X7.526 Y50.794 E2202.49113
G1 X7.526 Y31.194 E2203.63195
G1 X8.09 Y31.194 E2203.66478
G1 X10.126 Y32.157 E2203.79587
G1 X10.126 Y48.194 E2204.72931
G0 F1800 X11.126 Y48.194
G0 X11.126 Y48.994
G0 X9.698 Y48.622
G0 X8.215 Y31.873
;TIME_ELAPSED:3469.939477
;LAYER:52
G0 X8.215 Y31.873 Z18.5
;TYPE:FILL
G1 F1200 X9.566 Y33.224 E2204.84052
G1 X9.636 Y33.294
G0 F1800 X9.626 Y33.294
G0 X8.085 Y36.764
G1 F1200 X9.566 Y38.245 E2204.96242
G1 X9.636 Y38.315
G0 F1800 X9.626 Y38.315
G0 X8.085 Y41.785
G1 F1200 X9.566 Y43.265 E2205.08429
G1 X9.636 Y43.335
G0 F1800 X9.626 Y43.335
G0 X8.085 Y46.805
G1 F1200 X9.566 Y48.286 E2205.2062
G1 X9.636 Y48.356
G0 F1800 X10.033 Y48.753
G1 F1200 X11.513 Y50.232 E2205.32798
G1 X11.583 Y50.302
G0 F1800 X11.583 Y50.294
G0 X15.054 Y48.753
G1 F1200 X16.533 Y50.232 E2205.44973
G1 X16.603 Y50.302
G0 F1800 X16.603 Y50.294
G0 X20.074 Y48.753
G1 F1200 X21.554 Y50.232 E2205.57151
G1 X21.624 Y50.302
G0 F1800 X21.624 Y50.294
G0 X25.095 Y48.753
G1 F1200 X26.574 Y50.232 E2205.69325
G1 X26.644 Y50.302
G0 F1800 X26.644 Y50.294
G0 X30.115 Y48.753
G1 F1200 X31.594 Y50.232 E2205.815
G1 X31.664 Y50.302
G0 F1800 X31.664 Y50.294
G0 X35.136 Y48.753
G1 F1200 X36.615 Y50.232 E2205.93674
G1 X36.685 Y50.302
G0 F1800 X36.685 Y50.294
G0 X40.156 Y48.753
G1 F1200 X41.635 Y50.232 E2206.05848
G1 X41.705 Y50.302
G0 F1800 X41.705 Y50.294
G0 X45.085 Y48.661
G1 F1200 X46.565 Y50.142 E2206.18035
G1 X46.635 Y50.212
G0 F1800 X46.626 Y50.212
G0 X46.565 Y45.121
G1 F1200 X45.085 Y43.641 E2206.30218
G1 X45.015 Y43.571
G0 F1800 X45.026 Y43.571
G0 X46.565 Y40.101
G1 F1200 X45.085 Y38.62 E2206.42404
G1 X45.015 Y38.55
G0 F1800 X45.026 Y38.55
G0 X46.565 Y35.08
G1 F1200 X45.085 Y33.6 E2206.54587
G1 X45.015 Y33.53
G0 F1800 X45.026 Y33.53
G0 X44.954 Y48.622
G0 X9.656 Y48.664
G0 X9.726 Y48.594
;TYPE:WALL-INNER
G1 F1200 X44.926 Y48.594 E2208.59469
G1 X44.926 Y32.411 E2209.53663
G1 X46.42 Y31.704 E2209.63283
G1 X46.653 Y31.594 E2209.64783
G1 X46.726 Y31.594 E2209.65208
G1 X46.726 Y31.852 E2209.66192
G1 X46.726 Y50.394 E2210.74116
G1 X7.926 Y50.394 E2212.99953
G1 X7.926 Y31.852 E2214.07877
G1 X7.926 Y31.594 E2214.09378
G1 X7.999 Y31.594 E2214.09803
G1 X8.232 Y31.704 E2214.10784
G1 X9.726 Y32.411 E2214.20405
G1 X9.726 Y48.594 E2215.14598
G0 F1800 X10.126 Y48.194
;TYPE:WALL-OUTER
G1 F600 X44.526 Y48.194 E2217.14824
G1 X44.526 Y32.157 E2218.08168
G1 X46.562 Y31.194 E2218.21277
G1 X47.126 Y31.194 E2218.2456
G1 X47.126 Y50.794 E2219.38642
G1 X7.526 Y50.794 E2221.69135
G1 X7.526 Y31.194 E2222.83217
G1 X8.09 Y31.194 E2222.865
G1 X10.126 Y32.157 E2222.99609
G1 X10.126 Y48.194 E2223.92953
G0 F1800 X11.126 Y48.194
G0 X11.126 Y48.994
G1 F1500 E2217.42953
G0 F1800 X12.534 Y50.354
G0 X12.534 Y51.659
G0 X6.673 Y51.647
G0 X6.673 Y30.341
G0 X8.284 Y30.33
G0 X10.3 Y31.315
G0 X15.399 Y33.809
G0 X15.022 Y35.059
G0 X12.533 Y46.232
;TYPE:FILL
G1 F1500 E2223.92953
G1 F1200 X11.585 Y45.285 E2224.00753
G1 X11.515 Y45.215
G0 F1800 X11.526 Y45.215
G0 X11.585 Y40.264
G1 F1200 X17.553 Y46.232 E2224.49878
G1 X17.623 Y46.302
G0 F1800 X17.623 Y46.294
G0 X22.574 Y46.232
G1 F1200 X11.585 Y35.244 E2225.40329
G1 X11.515 Y35.174
G0 F1800 X11.526 Y35.174
G0 X17.052 Y35.69
G1 F1200 X27.594 Y46.232 E2226.27105
G1 X27.664 Y46.302
G0 F1800 X27.664 Y46.294
G0 X32.615 Y46.232
G1 F1200 X23.183 Y36.8 E2227.04745
G1 X23.113 Y36.73
G0 F1800 X23.113 Y36.731
G0 X28.356 Y36.953
G1 F1200 X37.635 Y46.232 E2227.81124
G1 X37.705 Y46.302
G0 F1800 X37.705 Y46.294
G0 X42.656 Y46.232
G1 F1200 X32.999 Y36.575 E2228.60616
G1 X32.929 Y36.505
G0 F1800 X32.931 Y36.526
G0 X37.228 Y35.784
G1 F1200 X43.065 Y41.621 E2229.08663
G1 X43.135 Y41.691
G0 F1800 X43.126 Y41.691
G0 X43.065 Y36.601
G1 F1200 X41.118 Y34.654 E2229.24689
G1 X41.048 Y34.584
G0 F1800 X41.056 Y34.613
G0 X39.631 Y35.059
G0 X35.61 Y36.067
G0 X31.48 Y36.68
G0 X27.326 Y36.884
G0 X23.172 Y36.68
G0 X19.455 Y36.128
G0 X15.004 Y35.116
G0 X15.033 Y35.021
;TYPE:WALL-INNER
G1 F1200 X19.048 Y36.027 E2229.48781
G1 X23.175 Y36.641 E2229.73067
G1 X27.326 Y36.844 E2229.97257
G1 X31.477 Y36.641 E2230.21447
G1 X35.603 Y36.028 E2230.45726
G1 X39.62 Y35.021 E2230.6983
G1 X42.959 Y33.824 E2230.90476
G1 X43.226 Y33.729 E2230.92125
G1 X43.226 Y34.012 E2230.931
G1 X43.226 Y34.013 E2230.93106
G1 X43.226 Y46.394 E2231.6517
G1 X11.426 Y46.394 E2233.50263
G1 X11.426 Y34.012 E2234.22332
G1 X11.426 Y34.011 E2234.22338
G1 X11.426 Y33.728 E2234.23986
G1 X11.693 Y33.823 E2234.24962
G1 X15.033 Y35.021 E2234.45615
G0 F1800 X15.004 Y35.116
G0 X30.989 Y41.494
G0 X43.169 Y33.81
G0 X43.409 Y33.238
;TYPE:WALL-OUTER
G1 F600 X43.626 Y33.135 E2234.47013
G1 X43.626 Y33.238
G1 X43.626 Y33.368 E2234.4777
G1 X43.626 Y46.794 E2235.25916
G1 X11.026 Y46.794 E2237.15665
G1 X11.026 Y33.367 E2237.93817
G1 X11.026 Y33.237 E2237.94574
G1 X11.026 Y33.135 E2237.95168
G1 X11.242 Y33.237 E2237.95377
G1 X11.364 Y33.28 E2237.95989
G1 X15.149 Y34.638 E2238.19394
G1 X19.126 Y35.634 E2238.43257
G1 X23.214 Y36.242 E2238.67313
G1 X27.326 Y36.444 E2238.91276
G1 X31.438 Y36.242 E2239.15239
G1 X35.525 Y35.635 E2239.39288
G1 X39.504 Y34.638 E2239.63164
G1 X43.287 Y33.281 E2239.86557
G1 X43.409 Y33.238 E2239.8704
G0 F1800 X43.626 Y33.135
G0 X43.626 Y33.238
G0 X43.626 Y33.368
G0 X43.626 Y33.895
G0 X42.953 Y34.251
G1 F1500 E2233.3704
G0 F1800 X25.094 Y41.119
G0 X11.437 Y33.744
G0 X9.693 Y32.432
G0 X9.565 Y33.601
;TIME_ELAPSED:3523.018179
;LAYER:53
G0 X9.565 Y33.601 Z18.85
;TYPE:FILL
G1 F1500 E2239.8704
G1 F1200 X8.085 Y35.081 E2239.99223
G1 X8.015 Y35.151
G0 F1800 X8.026 Y35.151
G0 X9.565 Y38.622
G1 F1200 X8.085 Y40.102 E2240.11405
G1 X8.015 Y40.172
G0 F1800 X8.026 Y40.172
G0 X9.565 Y43.642
G1 F1200 X8.085 Y45.122 E2240.23588
G1 X8.015 Y45.192
G0 F1800 X8.026 Y45.192
G0 X9.565 Y48.663
G1 F1200 X8.085 Y50.143 E2240.35771
G1 X8.015 Y50.213
G0 F1800 X8.026 Y50.213
G0 X13.015 Y50.233
G1 F1200 X14.496 Y48.752 E2240.47961
G1 X14.566 Y48.682
G0 F1800 X14.566 Y48.694
G0 X18.036 Y50.233
G1 F1200 X19.516 Y48.752 E2240.60148
G1 X19.586 Y48.682
G0 F1800 X19.586 Y48.694
G0 X23.056 Y50.233
G1 F1200 X24.537 Y48.752 E2240.72339
G1 X24.607 Y48.682
G0 F1800 X24.607 Y48.694
G0 X28.077 Y50.233
G1 F1200 X29.557 Y48.752 E2240.84526
G1 X29.627 Y48.682
G0 F1800 X29.627 Y48.694
G0 X33.097 Y50.233
G1 F1200 X34.578 Y48.752 E2240.96716
G1 X34.648 Y48.682
G0 F1800 X34.648 Y48.694
G0 X38.118 Y50.233
G1 F1200 X39.598 Y48.752 E2241.08903
G1 X39.668 Y48.682
G0 F1800 X39.668 Y48.694
G0 X43.138 Y50.233
G1 F1200 X44.619 Y48.752 E2241.21094
G1 X44.689 Y48.682
G0 F1800 X45.085 Y48.286
G1 F1200 X46.565 Y46.806 E2241.33276
G1 X46.635 Y46.736
G0 F1800 X46.626 Y46.736
G0 X45.085 Y43.265
G1 F1200 X46.565 Y41.786 E2241.45455
G1 X46.635 Y41.716
G0 F1800 X46.626 Y41.716
G0 X45.085 Y38.245
G1 F1200 X46.565 Y36.766 E2241.57633
G1 X46.635 Y36.696
G0 F1800 X46.626 Y36.696
G0 X45.085 Y33.224
G1 F1200 X46.436 Y31.874 E2241.6875
G1 X46.506 Y31.804
G0 F1800 X44.954 Y48.622
G0 X9.656 Y48.664
G0 X9.726 Y48.594
;TYPE:WALL-INNER
G1 F1200 X44.926 Y48.594 E2243.73632
G1 X44.926 Y32.411 E2244.67826
G1 X46.42 Y31.704 E2244.77446
G1 X46.653 Y31.594 E2244.78946
G1 X46.726 Y31.594 E2244.79371
G1 X46.726 Y31.852 E2244.80355
G1 X46.726 Y50.394 E2245.88279
G1 X7.926 Y50.394 E2248.14116
G1 X7.926 Y31.852 E2249.2204
G1 X7.926 Y31.594 E2249.23541
G1 X7.999 Y31.594 E2249.23966
G1 X8.232 Y31.704 E2249.24947
G1 X9.726 Y32.411 E2249.34568
G1 X9.726 Y48.594 E2250.28761
G0 F1800 X10.126 Y48.194
;TYPE:WALL-OUTER
G1 F600 X44.526 Y48.194 E2252.28987
G1 X44.526 Y32.157 E2253.22331
G1 X46.562 Y31.194 E2253.3544
G1 X47.126 Y31.194 E2253.38723
G1 X47.126 Y50.794 E2254.52805
G1 X7.526 Y50.794 E2256.83298
G1 X7.526 Y31.194 E2257.9738
G1 X8.09 Y31.194 E2258.00663
G1 X10.126 Y32.157 E2258.13772
G1 X10.126 Y48.194 E2259.07116
G0 F1800 X11.126 Y48.194
G0 X11.126 Y48.994
G1 F1500 E2252.57116
G0 F1800 X10.397 Y50.354
G0 X10.397 Y51.659
G0 X6.673 Y51.647
G0 X6.673 Y30.341
G0 X8.284 Y30.33
G0 X9.049 Y30.693
G0 X15.399 Y33.809
G0 X15.022 Y35.059
G0 X11.995 Y46.233
;TYPE:FILL
G1 F1500 E2259.07116
G1 F1200 X21.654 Y36.574 E2259.86624
G1 X21.724 Y36.504
G0 F1800 X21.721 Y36.524
G0 X17.425 Y35.783
G1 F1200 X11.586 Y41.621 E2260.34683
G1 X11.516 Y41.691
G0 F1800 X11.526 Y41.691
G0 X11.586 Y36.601
G1 F1200 X13.535 Y34.652 E2260.50726
G1 X13.605 Y34.582
G0 F1800 X13.595 Y34.611
G0 X17.015 Y46.233
G1 F1200 X26.296 Y36.952 E2261.27123
G1 X26.366 Y36.882
G0 F1800 X26.366 Y36.896
G0 X31.469 Y36.799
G1 F1200 X22.036 Y46.233 E2262.04774
G1 X21.966 Y46.303
G0 F1800 X21.966 Y46.294
G0 X27.056 Y46.233
G1 F1200 X37.599 Y35.69 E2262.91558
G1 X37.669 Y35.62
G0 F1800 X43.065 Y35.245
G1 F1200 X32.077 Y46.233 E2263.82006
G1 X32.007 Y46.303
G0 F1800 X32.007 Y46.294
G0 X37.097 Y46.233
G1 F1200 X43.065 Y40.265 E2264.31131
G1 X43.135 Y40.195
G0 F1800 X43.126 Y40.195
G0 X43.065 Y45.285
G1 F1200 X42.118 Y46.233 E2264.3893
G1 X42.048 Y46.303
G0 F1800 X42.048 Y46.294
G0 X15.004 Y35.116
G0 X15.033 Y35.021
;TYPE:WALL-INNER
G1 F1200 X19.05 Y36.027 E2264.63034
G1 X23.175 Y36.641 E2264.87308
G1 X27.326 Y36.844 E2265.11498
G1 X31.477 Y36.641 E2265.35687
G1 X35.601 Y36.028 E2265.59955
G1 X39.62 Y35.021 E2265.84071
G1 X42.959 Y33.824 E2266.04717
G1 X43.226 Y33.729 E2266.06366
G1 X43.226 Y34.012 E2266.07341
G1 X43.226 Y34.013 E2266.07347
G1 X43.226 Y46.394 E2266.79411
G1 X11.426 Y46.394 E2268.64503
G1 X11.426 Y34.012 E2269.36573
G1 X11.426 Y34.011 E2269.36579
G1 X11.426 Y33.728 E2269.38226
G1 X11.693 Y33.823 E2269.39203
G1 X15.033 Y35.021 E2269.59856
G0 F1800 X15.004 Y35.116
G0 X30.989 Y41.494
G0 X43.169 Y33.81
G0 X43.405 Y33.24
;TYPE:WALL-OUTER
G1 F600 X43.626 Y33.135 E2269.6128
G1 X43.626 Y33.24
G1 X43.626 Y33.367 E2269.62019
G1 X43.626 Y46.794 E2270.40171
G1 X11.026 Y46.794 E2272.2992
G1 X11.026 Y33.366 E2273.08078
G1 X11.026 Y33.239 E2273.08818
G1 X11.026 Y33.135 E2273.09423
G1 X11.246 Y33.239 E2273.09652
G1 X11.365 Y33.281 E2273.10252
G1 X15.149 Y34.638 E2273.3365
G1 X19.128 Y35.634 E2273.57524
G1 X23.214 Y36.242 E2273.81569
G1 X27.326 Y36.444 E2274.05532
G1 X31.438 Y36.242 E2274.29494
G1 X35.523 Y35.635 E2274.53532
G1 X39.504 Y34.638 E2274.77419
G1 X43.286 Y33.282 E2275.00805
G1 X43.405 Y33.24 E2275.01277
G0 F1800 X43.626 Y33.135
G0 X43.626 Y33.24
G0 X43.626 Y33.367
G0 X43.626 Y33.891
G0 X42.954 Y34.251
G1 F1500 E2268.51277
G0 F1800 X39.625 Y35.04
G0 X39.254 Y33.809
G0 X10.266 Y31.266
G0 X9.693 Y32.432
G0 X8.215 Y31.873
;TIME_ELAPSED:3576.628159
;LAYER:54
G0 X8.215 Y31.873 Z19.2
;TYPE:FILL
G1 F1500 E2275.01277
G1 F1200 X9.566 Y33.224 E2275.12398
G1 X9.636 Y33.294
G0 F1800 X9.626 Y33.294
G0 X8.085 Y36.764
G1 F1200 X9.566 Y38.245 E2275.24588
G1 X9.636 Y38.315
G0 F1800 X9.626 Y38.315
G0 X8.085 Y41.785
G1 F1200 X9.566 Y43.265 E2275.36775
G1 X9.636 Y43.335
G0 F1800 X9.626 Y43.335
G0 X8.085 Y46.805
G1 F1200 X9.566 Y48.286 E2275.48966
G1 X9.636 Y48.356
G0 F1800 X10.033 Y48.753
G1 F1200 X11.513 Y50.232 E2275.61144
G1 X11.583 Y50.302
G0 F1800 X11.583 Y50.294
G0 X15.054 Y48.753
G1 F1200 X16.533 Y50.232 E2275.73319
G1 X16.603 Y50.302
G0 F1800 X16.603 Y50.294
G0 X20.074 Y48.753
G1 F1200 X21.554 Y50.232 E2275.85497
G1 X21.624 Y50.302
G0 F1800 X21.624 Y50.294
G0 X25.095 Y48.753
G1 F1200 X26.574 Y50.232 E2275.97671
G1 X26.644 Y50.302
G0 F1800 X26.644 Y50.294
G0 X30.115 Y48.753
G1 F1200 X31.594 Y50.232 E2276.09846
G1 X31.664 Y50.302
G0 F1800 X31.664 Y50.294
G0 X35.136 Y48.753
G1 F1200 X36.615 Y50.232 E2276.2202
G1 X36.685 Y50.302
G0 F1800 X36.685 Y50.294
G0 X40.156 Y48.753
G1 F1200 X41.635 Y50.232 E2276.34194
G1 X41.705 Y50.302
G0 F1800 X41.705 Y50.294
G0 X45.085 Y48.661
G1 F1200 X46.565 Y50.142 E2276.46381
G1 X46.635 Y50.212
G0 F1800 X46.626 Y50.212
G0 X46.565 Y45.121
G1 F1200 X45.085 Y43.641 E2276.58564
G1 X45.015 Y43.571
G0 F1800 X45.026 Y43.571
G0 X46.565 Y40.101
G1 F1200 X45.085 Y38.62 E2276.7075
G1 X45.015 Y38.55
G0 F1800 X45.026 Y38.55
G0 X46.565 Y35.08
G1 F1200 X45.085 Y33.6 E2276.82933
G1 X45.015 Y33.53
G0 F1800 X45.026 Y33.53
G0 X44.954 Y48.622
G0 X9.656 Y48.664
G0 X9.726 Y48.594
;TYPE:WALL-INNER
G1 F1200 X44.926 Y48.594 E2278.87815
G1 X44.926 Y32.411 E2279.82009
G1 X46.42 Y31.704 E2279.91629
G1 X46.653 Y31.594 E2279.93129
G1 X46.726 Y31.594 E2279.93554
G1 X46.726 Y31.852 E2279.94538
G1 X46.726 Y50.394 E2281.02462
G1 X7.926 Y50.394 E2283.28299
G1 X7.926 Y31.852 E2284.36223
G1 X7.926 Y31.594 E2284.37724
G1 X7.999 Y31.594 E2284.38149
G1 X8.232 Y31.704 E2284.3913
G1 X9.726 Y32.411 E2284.48751
G1 X9.726 Y48.594 E2285.42944
G0 F1800 X10.126 Y48.194
;TYPE:WALL-OUTER
G1 F600 X44.526 Y48.194 E2287.4317
G1 X44.526 Y32.157 E2288.36514
G1 X46.562 Y31.194 E2288.49623
G1 X47.126 Y31.194 E2288.52906
G1 X47.126 Y50.794 E2289.66988
G1 X7.526 Y50.794 E2291.97481
G1 X7.526 Y31.194 E2293.11563
G1 X8.09 Y31.194 E2293.14846
G1 X10.126 Y32.157 E2293.27955
G1 X10.126 Y48.194 E2294.21299
G0 F1800 X11.126 Y48.194
G0 X11.126 Y48.994
G1 F1500 E2287.71299
G0 F1800 X14.671 Y50.354
G0 X14.671 Y51.659
G0 X6.673 Y51.647
G0 X6.673 Y30.341
G0 X8.284 Y30.33
G0 X23.299 Y35.382
G0 X23.172 Y36.68
G0 X23.166 Y36.74
G0 X23.175 Y36.641
;TYPE:WALL-INNER
G1 F1500 E2294.21299
G1 F1200 X27.326 Y36.844 E2294.45489
G1 X31.477 Y36.641 E2294.69679
G1 X35.599 Y36.029 E2294.93934
G1 X39.62 Y35.021 E2295.18063
G1 X42.959 Y33.825 E2295.38706
G1 X43.226 Y33.73 E2295.40356
G1 X43.226 Y34.013 E2295.41331
G1 X43.226 Y34.014 E2295.41337
G1 X43.226 Y46.394 E2296.13395
G1 X11.426 Y46.394 E2297.98487
G1 X11.426 Y34.013 E2298.70551
G1 X11.426 Y34.012 E2298.70557
G1 X11.426 Y33.729 E2298.72204
G1 X11.693 Y33.824 E2298.73181
G1 X15.033 Y35.021 E2298.93832
G1 X19.052 Y36.028 E2299.17948
G1 X23.175 Y36.641 E2299.4221
G0 F1800 X23.166 Y36.74
G0 X27.326 Y36.884
G0 X31.48 Y36.68
G0 X35.606 Y36.068
G0 X39.228 Y35.16
G0 X43.169 Y33.811
G0 X43.401 Y33.242
;TYPE:WALL-OUTER
G1 F600 X43.626 Y33.135 E2299.4366
G1 X43.626 Y33.242
G1 X43.626 Y33.366 E2299.44382
G1 X43.626 Y46.794 E2300.2254
G1 X11.026 Y46.794 E2302.12289
G1 X11.026 Y33.366 E2302.90447
G1 X11.026 Y33.241 E2302.91174
G1 X11.026 Y33.135 E2302.91791
G1 X11.25 Y33.241 E2302.92035
G1 X11.367 Y33.283 E2302.92628
G1 X15.149 Y34.638 E2303.16012
G1 X19.13 Y35.635 E2303.39899
G1 X23.214 Y36.242 E2303.63931
G1 X27.326 Y36.444 E2303.87894
G1 X31.438 Y36.242 E2304.11857
G1 X35.521 Y35.636 E2304.35882
G1 X39.504 Y34.638 E2304.59782
G1 X43.285 Y33.283 E2304.8316
G1 X43.401 Y33.242 E2304.83621
G0 F1800 X43.626 Y33.135
G0 X43.626 Y33.242
G0 X43.626 Y33.366
G0 X43.626 Y33.886
G0 X43.126 Y33.886
G0 X42.836 Y34.284
;TYPE:SKIN
G1 F600 X42.836 Y46.004 E2305.51838
G1 X11.816 Y46.004 E2307.3239
G1 X11.816 Y34.283 E2308.00613
G1 X14.92 Y35.395 E2308.19804
G1 X18.976 Y36.411 E2308.44141
G1 X23.136 Y37.029 E2308.68621
G1 X27.326 Y37.234 E2308.93038
G1 X31.516 Y37.029 E2309.17455
G1 X35.675 Y36.412 E2309.41927
G1 X39.733 Y35.395 E2309.66278
G1 X42.836 Y34.284 E2309.85461
G0 F1800 X42.583 Y34.663
G1 F600 X42.374 Y35.02 E2309.88363
G0 F1800 X42.655 Y35.867
G1 F600 X41.678 Y34.89 E2309.96405
G1 X41.608 Y34.82
G0 F1800 X41.261 Y35.039
G1 F600 X42.655 Y36.432 E2310.07875
G1 X42.725 Y36.502
G0 F1800 X42.655 Y36.998
G1 F600 X40.844 Y35.187 E2310.22783
G1 X40.774 Y35.117
G0 F1800 X40.428 Y35.336
G1 F600 X42.655 Y37.564 E2310.41118
G1 X42.725 Y37.634
G0 F1800 X42.655 Y38.13
G1 F600 X40.011 Y35.486 E2310.62882
G1 X39.941 Y35.416
G0 F1800 X39.578 Y35.619
G1 F600 X42.655 Y38.695 E2310.88206
G1 X42.725 Y38.765
G0 F1800 X42.655 Y39.261
G1 F600 X39.126 Y35.732 E2311.17255
G1 X39.056 Y35.662
G0 F1800 X38.674 Y35.846
G1 F600 X42.655 Y39.827 E2311.50025
G1 X42.725 Y39.897
G0 F1800 X42.655 Y40.392
G1 F600 X38.221 Y35.959 E2311.86519
G1 X38.151 Y35.889
G0 F1800 X37.769 Y36.072
G1 F600 X42.655 Y40.958 E2312.26738
G1 X42.725 Y41.028
G0 F1800 X42.655 Y41.524
G1 F600 X37.316 Y36.185 E2312.70686
G1 X37.246 Y36.115
G0 F1800 X36.865 Y36.299
G1 F600 X42.655 Y42.089 E2313.18346
G1 X42.725 Y42.159
G0 F1800 X42.655 Y42.655
G1 F600 X36.412 Y36.412 E2313.69735
G1 X36.342 Y36.342
G0 F1800 X35.959 Y36.525
G1 F600 X42.655 Y43.221 E2314.24853
G1 X42.725 Y43.291
G0 F1800 X42.655 Y43.786
G1 F600 X35.489 Y36.621 E2314.83835
G1 X35.419 Y36.551
G0 F1800 X34.996 Y36.693
G1 F600 X42.655 Y44.352 E2315.4688
G1 X42.725 Y44.422
G0 F1800 X42.655 Y44.918
G1 F600 X34.504 Y36.767 E2316.13975
G1 X34.434 Y36.697
G0 F1800 X34.011 Y36.84
G1 F600 X42.655 Y45.483 E2316.85123
G1 X42.725 Y45.553
G0 F1800 X42.429 Y45.823
G1 F600 X33.518 Y36.913 E2317.5847
G1 X33.448 Y36.843
G0 F1800 X33.026 Y36.985
G1 F600 X41.863 Y45.823 E2318.31215
G1 X41.933 Y45.893
G0 F1800 X41.297 Y45.823
G1 F600 X32.533 Y37.059 E2319.03356
G1 X32.463 Y36.989
G0 F1800 X32.041 Y37.132
G1 F600 X40.732 Y45.823 E2319.74895
G1 X40.802 Y45.893
G0 F1800 X40.166 Y45.823
G1 F600 X31.548 Y37.205 E2320.45834
G1 X31.478 Y37.135
G0 F1800 X31.01 Y37.233
G1 F600 X39.6 Y45.823 E2321.16542
G1 X39.67 Y45.893
G0 F1800 X39.035 Y45.823
G1 F600 X30.471 Y37.259 E2321.87037
G1 X30.401 Y37.189
G0 F1800 X29.932 Y37.286
G1 F600 X38.469 Y45.823 E2322.57309
G1 X38.539 Y45.893
G0 F1800 X37.903 Y45.823
G1 F600 X29.393 Y37.312 E2323.27363
G1 X29.323 Y37.242
G0 F1800 X28.853 Y37.338
G1 F600 X37.338 Y45.823 E2323.97207
G1 X37.408 Y45.893
G0 F1800 X36.772 Y45.823
G1 F600 X28.314 Y37.365 E2324.66828
G1 X28.244 Y37.295
G0 F1800 X27.775 Y37.391
G1 F600 X36.206 Y45.823 E2325.36232
G1 X36.276 Y45.893
G0 F1800 X35.641 Y45.823
G1 F600 X27.227 Y37.409 E2326.05491
G1 X27.157 Y37.339
G0 F1800 X26.631 Y37.379
G1 F600 X35.075 Y45.823 E2326.74998
G1 X35.145 Y45.893
G0 F1800 X34.509 Y45.823
G1 F600 X26.037 Y37.35 E2327.44739
G1 X25.967 Y37.28
G0 F1800 X25.442 Y37.321
G1 F600 X33.943 Y45.823 E2328.14719
G1 X34.013 Y45.893
G0 F1800 X33.378 Y45.823
G1 F600 X24.847 Y37.292 E2328.84941
G1 X24.777 Y37.222
G0 F1800 X24.252 Y37.263
G1 F600 X32.812 Y45.823 E2329.55403
G1 X32.882 Y45.893
G0 F1800 X32.246 Y45.823
G1 F600 X23.657 Y37.234 E2330.26103
G1 X23.587 Y37.164
G0 F1800 X23.055 Y37.198
G1 F600 X31.681 Y45.823 E2330.97103
G1 X31.751 Y45.893
G0 F1800 X31.115 Y45.823
G1 F600 X22.391 Y37.099 E2331.68915
G1 X22.321 Y37.029
G0 F1800 X21.727 Y37
G1 F600 X30.549 Y45.823 E2332.41537
G1 X30.619 Y45.893
G0 F1800 X29.984 Y45.823
G1 F600 X21.062 Y36.901 E2333.14978
G1 X20.992 Y36.831
G0 F1800 X20.398 Y36.803
G1 F600 X29.418 Y45.823 E2333.89226
G1 X29.488 Y45.893
G0 F1800 X28.852 Y45.823
G1 F600 X19.733 Y36.704 E2334.64288
G1 X19.663 Y36.634
G0 F1800 X19.069 Y36.606
G1 F600 X28.287 Y45.823 E2335.40162
G1 X28.357 Y45.893
G0 F1800 X27.721 Y45.823
G1 F600 X18.332 Y36.434 E2336.17447
G1 X18.262 Y36.364
G0 F1800 X17.577 Y36.245
G1 F600 X27.155 Y45.823 E2336.96288
G1 X27.225 Y45.893
G0 F1800 X26.59 Y45.823
G1 F600 X16.823 Y36.056 E2337.76685
G1 X16.753 Y35.986
G0 F1800 X16.069 Y35.867
G1 F600 X26.024 Y45.823 E2338.58633
G1 X26.094 Y45.893
G0 F1800 X25.458 Y45.823
G1 F600 X15.314 Y35.679 E2339.42133
G1 X15.244 Y35.609
G0 F1800 X14.508 Y35.438
G1 F600 X24.892 Y45.823 E2340.27613
G1 X24.962 Y45.893
G0 F1800 X24.327 Y45.823
G1 F600 X13.626 Y35.122 E2341.15697
G1 X13.556 Y35.052
G0 F1800 X12.745 Y34.807
G1 F600 X23.761 Y45.823 E2342.06375
G1 X23.831 Y45.893
G0 F1800 X23.195 Y45.823
G1 F600 X11.995 Y34.622 E2342.98572
G1 X11.925 Y34.552
G0 F1800 X11.995 Y35.188
G1 F600 X22.63 Y45.823 E2343.86113
G1 X22.7 Y45.893
G0 F1800 X22.064 Y45.823
G1 F600 X11.995 Y35.754 E2344.68996
G1 X11.925 Y35.684
G0 F1800 X11.995 Y36.319
G1 F600 X21.498 Y45.823 E2345.47224
G1 X21.568 Y45.893
G0 F1800 X20.933 Y45.823
G1 F600 X11.995 Y36.885 E2346.20796
G1 X11.925 Y36.815
G0 F1800 X11.995 Y37.451
G1 F600 X20.367 Y45.823 E2346.8971
G1 X20.437 Y45.893
G0 F1800 X19.801 Y45.823
G1 F600 X11.995 Y38.016 E2347.53969
G1 X11.925 Y37.946
G0 F1800 X11.995 Y38.582
G1 F600 X19.236 Y45.823 E2348.13573
G1 X19.306 Y45.893
G0 F1800 X18.67 Y45.823
G1 F600 X11.995 Y39.148 E2348.68518
G1 X11.925 Y39.078
G0 F1800 X11.995 Y39.713
G1 F600 X18.104 Y45.823 E2349.18808
G1 X18.174 Y45.893
G0 F1800 X17.539 Y45.823
G1 F600 X11.995 Y40.279 E2349.64444
G1 X11.925 Y40.209
G0 F1800 X11.995 Y40.845
G1 F600 X16.973 Y45.823 E2350.0542
G1 X17.043 Y45.893
G0 F1800 X16.407 Y45.823
G1 F600 X11.995 Y41.411 E2350.41737
G1 X11.925 Y41.341
G0 F1800 X11.995 Y41.976
G1 F600 X15.842 Y45.823 E2350.73404
G1 X15.912 Y45.893
G0 F1800 X15.276 Y45.823
G1 F600 X11.995 Y42.542 E2351.00411
G1 X11.925 Y42.472
G0 F1800 X11.995 Y43.108
G1 F600 X14.71 Y45.823 E2351.22759
G1 X14.78 Y45.893
G0 F1800 X14.144 Y45.823
G1 F600 X11.995 Y43.673 E2351.40453
G1 X11.925 Y43.603
G0 F1800 X11.995 Y44.239
G1 F600 X13.579 Y45.823 E2351.53492
G1 X13.649 Y45.893
G0 F1800 X13.013 Y45.823
G1 F600 X11.995 Y44.805 E2351.61871
G1 X11.925 Y44.735
G0 F1800 X11.995 Y45.37
G1 F600 X12.447 Y45.823 E2351.65596
G0 F1800 X15.004 Y35.116
G0 X15.033 Y35.021
;TIME_ELAPSED:3704.611366
;LAYER:55
G0 X15.033 Y35.021 Z19.55
;TYPE:WALL-INNER
G1 F1200 X19.054 Y36.028 E2351.89723
G1 X23.175 Y36.641 E2352.13973
G1 X27.326 Y36.844 E2352.38163
G1 X31.477 Y36.641 E2352.62353
G1 X35.597 Y36.029 E2352.86597
G1 X39.62 Y35.021 E2353.10737
G1 X42.959 Y33.824 E2353.31382
G1 X43.226 Y33.729 E2353.33032
G1 X43.226 Y34.012 E2353.34007
G1 X43.226 Y34.013 E2353.34013
G1 X43.226 Y46.394 E2354.06077
G1 X11.426 Y46.394 E2355.91169
G1 X11.426 Y34.012 E2356.63239
G1 X11.426 Y34.011 E2356.63245
G1 X11.426 Y33.728 E2356.64892
G1 X11.693 Y33.823 E2356.65868
G1 X15.033 Y35.021 E2356.86522
G0 F1800 X15.004 Y35.116
G0 X30.989 Y41.494
G0 X43.169 Y33.81
G0 X43.397 Y33.243
;TYPE:WALL-OUTER
G1 F600 X43.626 Y33.135 E2356.87995
G1 X43.626 Y33.243
G1 X43.626 Y33.364 E2356.88699
G1 X43.626 Y46.794 E2357.66869
G1 X11.026 Y46.794 E2359.56618
G1 X11.026 Y33.364 E2360.34788
G1 X11.026 Y33.242 E2360.35498
G1 X11.026 Y33.134 E2360.36127
G1 X11.254 Y33.242 E2360.36389
G1 X11.368 Y33.283 E2360.3697
G1 X15.149 Y34.638 E2360.60348
G1 X19.132 Y35.635 E2360.84247
G1 X23.214 Y36.242 E2361.08267
G1 X27.326 Y36.444 E2361.3223
G1 X31.438 Y36.242 E2361.56193
G1 X35.519 Y35.636 E2361.80207
G1 X39.504 Y34.638 E2362.04118
G1 X43.284 Y33.283 E2362.2749
G1 X43.397 Y33.243 E2362.2794
G0 F1800 X43.626 Y33.135
G0 X43.626 Y33.243
G0 X43.626 Y33.364
G0 X43.626 Y33.882
G0 X43.126 Y33.882
G0 X42.836 Y34.283
;TYPE:SKIN
G1 F600 X42.836 Y46.004 E2362.96162
G1 X11.816 Y46.004 E2364.76715
G1 X11.816 Y34.282 E2365.44943
G1 X14.92 Y35.395 E2365.64136
G1 X18.978 Y36.411 E2365.88485
G1 X23.136 Y37.029 E2366.12952
G1 X27.326 Y37.234 E2366.37369
G1 X31.516 Y37.029 E2366.61787
G1 X35.673 Y36.412 E2366.86248
G1 X39.733 Y35.395 E2367.10609
G1 X42.836 Y34.283 E2367.29795
G0 F1800 X42.423 Y45.823
G1 F600 X42.655 Y45.591 E2367.31705
G0 F1800 X42.655 Y45.025
G1 F600 X41.857 Y45.823 E2367.38273
G1 X41.787 Y45.893
G0 F1800 X41.292 Y45.823
G1 F600 X42.655 Y44.46 E2367.49493
G1 X42.725 Y44.39
G0 F1800 X42.655 Y43.894
G1 F600 X40.726 Y45.823 E2367.65371
G1 X40.656 Y45.893
G0 F1800 X40.16 Y45.823
G1 F600 X42.655 Y43.328 E2367.85909
G1 X42.725 Y43.258
G0 F1800 X42.655 Y42.762
G1 F600 X39.595 Y45.823 E2368.11101
G1 X39.525 Y45.893
G0 F1800 X39.029 Y45.823
G1 F600 X42.655 Y42.197 E2368.40948
G1 X42.725 Y42.127
G0 F1800 X42.655 Y41.631
G1 F600 X38.463 Y45.823 E2368.75455
G1 X38.393 Y45.893
G0 F1800 X37.898 Y45.823
G1 F600 X42.655 Y41.065 E2369.14616
G1 X42.725 Y40.995
G0 F1800 X42.655 Y40.5
G1 F600 X37.332 Y45.823 E2369.58432
G1 X37.262 Y45.893
G0 F1800 X36.766 Y45.823
G1 F600 X42.655 Y39.934 E2370.06907
G1 X42.725 Y39.864
G0 F1800 X42.655 Y39.368
G1 F600 X36.201 Y45.823 E2370.60037
G1 X36.131 Y45.893
G0 F1800 X35.635 Y45.823
G1 F600 X42.655 Y38.803 E2371.17822
G1 X42.725 Y38.733
G0 F1800 X42.655 Y38.237
G1 F600 X35.069 Y45.823 E2371.80266
G1 X34.999 Y45.893
G0 F1800 X34.503 Y45.823
G1 F600 X42.655 Y37.671 E2372.47369
G1 X42.725 Y37.601
G0 F1800 X42.655 Y37.106
G1 F600 X33.938 Y45.823 E2373.19122
G1 X33.868 Y45.893
G0 F1800 X33.372 Y45.823
G1 F600 X42.655 Y36.54 E2373.95535
G1 X42.725 Y36.47
G0 F1800 X42.655 Y35.974
G1 F600 X32.806 Y45.823 E2374.76607
G1 X32.736 Y45.893
G0 F1800 X32.241 Y45.823
G1 F600 X42.655 Y35.409 E2375.62329
G1 X42.725 Y35.339
G0 F1800 X42.655 Y34.843
G1 F600 X31.675 Y45.823 E2376.52711
G1 X31.605 Y45.893
G0 F1800 X31.109 Y45.823
G1 F600 X42.248 Y34.685 E2377.44397
G1 X42.318 Y34.615
G0 F1800 X41.367 Y35
G1 F600 X30.544 Y45.823 E2378.33486
G1 X30.474 Y45.893
G0 F1800 X29.978 Y45.823
G1 F600 X40.486 Y35.315 E2379.19982
G1 X40.556 Y35.245
G0 F1800 X39.63 Y35.605
G1 F600 X29.412 Y45.823 E2380.04091
G1 X29.342 Y45.893
G0 F1800 X28.847 Y45.823
G1 F600 X38.876 Y35.794 E2380.86645
G1 X38.946 Y35.724
G0 F1800 X38.121 Y35.983
G1 F600 X28.281 Y45.823 E2381.67642
G1 X28.211 Y45.893
G0 F1800 X27.715 Y45.823
G1 F600 X37.367 Y36.172 E2382.47088
G1 X37.437 Y36.102
G0 F1800 X36.612 Y36.36
G1 F600 X27.15 Y45.823 E2383.24978
G1 X27.08 Y45.893
G0 F1800 X26.584 Y45.823
G1 F600 X35.858 Y36.549 E2384.01317
G1 X35.928 Y36.479
G0 F1800 X35.176 Y36.665
G1 F600 X26.018 Y45.823 E2384.76701
G1 X25.948 Y45.893
G0 F1800 X25.453 Y45.823
G1 F600 X34.511 Y36.764 E2385.51265
G1 X34.581 Y36.694
G0 F1800 X33.847 Y36.863
G1 F600 X24.887 Y45.823 E2386.25019
G1 X24.817 Y45.893
G0 F1800 X24.321 Y45.823
G1 F600 X33.183 Y36.961 E2386.97967
G1 X33.253 Y36.891
G0 F1800 X32.518 Y37.06
G1 F600 X23.755 Y45.823 E2387.70099
G1 X23.685 Y45.893
G0 F1800 X23.19 Y45.823
G1 F600 X31.854 Y37.159 E2388.41416
G1 X31.924 Y37.089
G0 F1800 X31.225 Y37.222
G1 F600 X22.624 Y45.823 E2389.12215
G1 X22.554 Y45.893
G0 F1800 X22.058 Y45.823
G1 F600 X30.631 Y37.251 E2389.82779
G1 X30.701 Y37.181
G0 F1800 X30.036 Y37.28
G1 F600 X21.493 Y45.823 E2390.53101
G1 X21.423 Y45.893
G0 F1800 X20.927 Y45.823
G1 F600 X29.441 Y37.309 E2391.23183
G1 X29.511 Y37.239
G0 F1800 X28.846 Y37.338
G1 F600 X20.361 Y45.823 E2391.93027
G1 X20.291 Y45.893
G0 F1800 X19.796 Y45.823
G1 F600 X28.251 Y37.367 E2392.62628
G1 X28.321 Y37.297
G0 F1800 X27.656 Y37.397
G1 F600 X19.23 Y45.823 E2393.31987
G1 X19.16 Y45.893
G0 F1800 X18.664 Y45.823
G1 F600 X27.086 Y37.401 E2394.01312
G1 X27.156 Y37.331
G0 F1800 X26.547 Y37.374
G1 F600 X18.099 Y45.823 E2394.70856
G1 X18.029 Y45.893
G0 F1800 X17.533 Y45.823
G1 F600 X26.008 Y37.348 E2395.40617
G1 X26.078 Y37.278
G0 F1800 X25.468 Y37.322
G1 F600 X16.967 Y45.823 E2396.10593
G1 X16.897 Y45.893
G0 F1800 X16.402 Y45.823
G1 F600 X24.929 Y37.295 E2396.80787
G1 X24.999 Y37.225
G0 F1800 X24.39 Y37.269
G1 F600 X15.836 Y45.823 E2397.51199
G1 X15.766 Y45.893
G0 F1800 X15.27 Y45.823
G1 F600 X23.851 Y37.242 E2398.21833
G1 X23.921 Y37.172
G0 F1800 X23.311 Y37.216
G1 F600 X14.704 Y45.823 E2398.92681
G1 X14.634 Y45.893
G0 F1800 X14.139 Y45.823
G1 F600 X22.802 Y37.159 E2399.63994
G1 X22.872 Y37.089
G0 F1800 X22.31 Y37.086
G1 F600 X13.573 Y45.823 E2400.35913
G1 X13.503 Y45.893
G0 F1800 X13.007 Y45.823
G1 F600 X21.817 Y37.013 E2401.08432
G1 X21.887 Y36.943
G0 F1800 X21.325 Y36.939
G1 F600 X12.442 Y45.823 E2401.81556
G1 X12.372 Y45.893
G0 F1800 X11.996 Y45.703
G1 F600 X20.833 Y36.866 E2402.54298
G1 X20.903 Y36.796
G0 F1800 X20.34 Y36.793
G1 F600 X11.996 Y45.138 E2403.22985
G1 X11.926 Y45.208
G0 F1800 X11.996 Y44.572
G1 F600 X19.848 Y36.72 E2403.87618
G1 X19.918 Y36.65
G0 F1800 X19.355 Y36.647
G1 F600 X11.996 Y44.006 E2404.48194
G1 X11.926 Y44.076
G0 F1800 X11.996 Y43.441
G1 F600 X18.869 Y36.567 E2405.04773
G1 X18.939 Y36.497
G0 F1800 X18.417 Y36.454
G1 F600 X11.996 Y42.875 E2405.57627
G1 X11.926 Y42.945
G0 F1800 X11.996 Y42.309
G1 F600 X17.964 Y36.341 E2406.06752
G1 X18.034 Y36.271
G0 F1800 X17.512 Y36.227
G1 F600 X11.996 Y41.744 E2406.52161
G1 X11.926 Y41.814
G0 F1800 X11.996 Y41.178
G1 F600 X17.059 Y36.114 E2406.93841
G1 X17.129 Y36.044
G0 F1800 X16.607 Y36.001
G1 F600 X11.996 Y40.612 E2407.31797
G1 X11.926 Y40.682
G0 F1800 X11.996 Y40.046
G1 F600 X16.154 Y35.888 E2407.66023
G1 X16.224 Y35.818
G0 F1800 X15.702 Y35.775
G1 F600 X11.996 Y39.481 E2407.96529
G1 X11.926 Y39.551
G0 F1800 X11.996 Y38.915
G1 F600 X15.249 Y35.662 E2408.23306
G1 X15.319 Y35.592
G0 F1800 X14.802 Y35.543
G1 F600 X11.996 Y38.349 E2408.46403
G1 X11.926 Y38.419
G0 F1800 X11.996 Y37.784
G1 F600 X14.386 Y35.394 E2408.66076
G1 X14.456 Y35.324
G0 F1800 X13.97 Y35.244
G1 F600 X11.996 Y37.218 E2408.82325
G1 X11.926 Y37.288
G0 F1800 X11.996 Y36.652
G1 F600 X13.553 Y35.095 E2408.95142
G1 X13.623 Y35.025
G0 F1800 X13.137 Y34.945
G1 F600 X11.996 Y36.087 E2409.04538
G1 X11.926 Y36.157
G0 F1800 X11.996 Y35.521
G1 F600 X12.72 Y34.796 E2409.10502
G1 X12.79 Y34.726
G0 F1800 X12.304 Y34.647
G1 F600 X11.996 Y34.955 E2409.13037
G1 F1500 E2402.63037
G0 F1800 X11.437 Y33.744
G0 X9.693 Y32.432
G0 X9.565 Y33.601
;TYPE:FILL
G1 F1500 E2409.13037
G1 F1200 X8.085 Y35.081 E2409.25219
G1 X8.015 Y35.151
G0 F1800 X8.026 Y35.151
G0 X9.565 Y38.622
G1 F1200 X8.085 Y40.102 E2409.37402
G1 X8.015 Y40.172
G0 F1800 X8.026 Y40.172
G0 X9.565 Y43.642
G1 F1200 X8.085 Y45.122 E2409.49585
G1 X8.015 Y45.192
G0 F1800 X8.026 Y45.192
G0 X9.565 Y48.663
G1 F1200 X8.085 Y50.143 E2409.61767
G1 X8.015 Y50.213
G0 F1800 X8.026 Y50.213
G0 X13.015 Y50.233
G1 F1200 X14.496 Y48.752 E2409.73958
G1 X14.566 Y48.682
G0 F1800 X14.566 Y48.694
G0 X18.036 Y50.233
G1 F1200 X19.516 Y48.752 E2409.86145
G1 X19.586 Y48.682
G0 F1800 X19.586 Y48.694
G0 X23.056 Y50.233
G1 F1200 X24.537 Y48.752 E2409.98335
G1 X24.607 Y48.682
G0 F1800 X24.607 Y48.694
G0 X28.077 Y50.233
G1 F1200 X29.557 Y48.752 E2410.10522
G1 X29.627 Y48.682
G0 F1800 X29.627 Y48.694
G0 X33.097 Y50.233
G1 F1200 X34.578 Y48.752 E2410.22713
G1 X34.648 Y48.682
G0 F1800 X34.648 Y48.694
G0 X38.118 Y50.233
G1 F1200 X39.598 Y48.752 E2410.349
G1 X39.668 Y48.682
G0 F1800 X39.668 Y48.694
G0 X43.138 Y50.233
G1 F1200 X44.619 Y48.752 E2410.4709
G1 X44.689 Y48.682
G0 F1800 X45.085 Y48.286
G1 F1200 X46.565 Y46.806 E2410.59273
G1 X46.635 Y46.736
G0 F1800 X46.626 Y46.736
G0 X45.085 Y43.265
G1 F1200 X46.565 Y41.786 E2410.71451
G1 X46.635 Y41.716
G0 F1800 X46.626 Y41.716
G0 X45.085 Y38.245
G1 F1200 X46.565 Y36.766 E2410.8363
G1 X46.635 Y36.696
G0 F1800 X46.626 Y36.696
G0 X45.085 Y33.224
G1 F1200 X46.436 Y31.874 E2410.94746
G1 X46.506 Y31.804
G0 F1800 X44.954 Y48.622
G0 X9.656 Y48.664
G0 X9.726 Y48.594
;TYPE:WALL-INNER
G1 F1200 X44.926 Y48.594 E2412.99629
G1 X44.926 Y32.411 E2413.93822
G1 X46.42 Y31.704 E2414.03443
G1 X46.653 Y31.594 E2414.04943
G1 X46.726 Y31.594 E2414.05367
G1 X46.726 Y31.852 E2414.06352
G1 X46.726 Y50.394 E2415.14276
G1 X7.926 Y50.394 E2417.40112
G1 X7.926 Y31.852 E2418.48036
G1 X7.926 Y31.594 E2418.49538
G1 X7.999 Y31.594 E2418.49963
G1 X8.232 Y31.704 E2418.50944
G1 X9.726 Y32.411 E2418.60564
G1 X9.726 Y48.594 E2419.54758
G0 F1800 X10.126 Y48.194
;TYPE:WALL-OUTER
G1 F600 X44.526 Y48.194 E2421.54984
G1 X44.526 Y32.157 E2422.48328
G1 X46.562 Y31.194 E2422.61437
G1 X47.126 Y31.194 E2422.6472
G1 X47.126 Y50.794 E2423.78802
G1 X7.526 Y50.794 E2426.09295
G1 X7.526 Y31.194 E2427.23377
G1 X8.09 Y31.194 E2427.2666
G1 X10.126 Y32.157 E2427.39769
G1 X10.126 Y48.194 E2428.33113
G0 F1800 X11.126 Y48.194
G0 X11.126 Y48.994
G1 F1500 E2421.83113
G0 F1800 X14.671 Y50.354
G0 X14.671 Y51.659
G0 X6.673 Y51.647
G0 X6.673 Y30.341
G0 X8.284 Y30.33
G0 X23.299 Y35.382
G0 X23.172 Y36.68
G0 X23.166 Y36.74
G0 X23.175 Y36.641
;TIME_ELAPSED:3833.083737
;LAYER:56
G0 X23.175 Y36.641 Z19.9
;TYPE:WALL-INNER
G1 F1500 E2428.33113
G1 F1200 X27.326 Y36.844 E2428.57303
G1 X31.477 Y36.641 E2428.81492
G1 X35.595 Y36.03 E2429.05724
G1 X39.62 Y35.021 E2429.29876
G1 X42.959 Y33.825 E2429.5052
G1 X43.226 Y33.73 E2429.5217
G1 X43.226 Y34.013 E2429.53145
G1 X43.226 Y34.014 E2429.5315
G1 X43.226 Y46.394 E2430.25209
G1 X11.426 Y46.394 E2432.10301
G1 X11.426 Y34.013 E2432.82365
G1 X11.426 Y34.012 E2432.82371
G1 X11.426 Y33.729 E2432.84018
G1 X11.693 Y33.824 E2432.84994
G1 X15.033 Y35.021 E2433.05646
G1 X19.056 Y36.029 E2433.29786
G1 X23.175 Y36.641 E2433.54023
G0 F1800 X23.166 Y36.74
G0 X27.326 Y36.884
G0 X31.48 Y36.68
G0 X35.602 Y36.069
G0 X39.228 Y35.16
G0 X43.169 Y33.811
G0 X43.393 Y33.245
;TYPE:WALL-OUTER
G1 F600 X43.626 Y33.135 E2433.55523
G1 X43.626 Y33.245
G1 X43.626 Y33.363 E2433.5621
G1 X43.626 Y46.794 E2434.34385
G1 X11.026 Y46.794 E2436.24134
G1 X11.026 Y33.363 E2437.0231
G1 X11.026 Y33.244 E2437.03003
G1 X11.026 Y33.135 E2437.03637
G1 X11.258 Y33.244 E2437.03919
G1 X11.37 Y33.284 E2437.04492
G1 X15.149 Y34.638 E2437.27857
G1 X19.134 Y35.636 E2437.51768
G1 X23.214 Y36.242 E2437.75776
G1 X27.326 Y36.444 E2437.99739
G1 X31.438 Y36.242 E2438.23702
G1 X35.517 Y35.637 E2438.47704
G1 X39.504 Y34.638 E2438.71627
G1 X43.282 Y33.284 E2438.94987
G1 X43.393 Y33.245 E2438.9543
G0 F1800 X43.626 Y33.135
G0 X43.626 Y33.245
G0 X43.626 Y33.363
G0 X43.626 Y33.878
G0 X43.126 Y33.878
G0 X42.836 Y34.284
;TYPE:SKIN
G1 F600 X42.836 Y46.004 E2439.63646
G1 X11.816 Y46.004 E2441.44199
G1 X11.816 Y34.283 E2442.12421
G1 X14.92 Y35.395 E2442.31613
G1 X18.98 Y36.412 E2442.55974
G1 X23.136 Y37.029 E2442.80429
G1 X27.326 Y37.234 E2443.04846
G1 X31.516 Y37.029 E2443.29264
G1 X35.671 Y36.413 E2443.53712
G1 X39.733 Y35.395 E2443.78086
G1 X42.836 Y34.284 E2443.9727
G0 F1800 X42.583 Y34.663
G1 F600 X42.374 Y35.02 E2444.00172
G0 F1800 X42.655 Y35.867
G1 F600 X41.678 Y34.89 E2444.08214
G1 X41.608 Y34.82
G0 F1800 X41.261 Y35.039
G1 F600 X42.655 Y36.432 E2444.19684
G1 X42.725 Y36.502
G0 F1800 X42.655 Y36.998
G1 F600 X40.844 Y35.187 E2444.34591
G1 X40.774 Y35.117
G0 F1800 X40.428 Y35.336
G1 F600 X42.655 Y37.564 E2444.52927
G1 X42.725 Y37.634
G0 F1800 X42.655 Y38.13
G1 F600 X40.011 Y35.486 E2444.74691
G1 X39.941 Y35.416
G0 F1800 X39.578 Y35.619
G1 F600 X42.655 Y38.695 E2445.00015
G1 X42.725 Y38.765
G0 F1800 X42.655 Y39.261
G1 F600 X39.126 Y35.732 E2445.29064
G1 X39.056 Y35.662
G0 F1800 X38.673 Y35.845
G1 F600 X42.655 Y39.827 E2445.61842
G1 X42.725 Y39.897
G0 F1800 X42.655 Y40.392
G1 F600 X38.221 Y35.958 E2445.9834
G1 X38.151 Y35.888
G0 F1800 X37.769 Y36.072
G1 F600 X42.655 Y40.958 E2446.38559
G1 X42.725 Y41.028
G0 F1800 X42.655 Y41.524
G1 F600 X37.316 Y36.185 E2446.82507
G1 X37.246 Y36.115
G0 F1800 X36.864 Y36.298
G1 F600 X42.655 Y42.089 E2447.30175
G1 X42.725 Y42.159
G0 F1800 X42.655 Y42.655
G1 F600 X36.411 Y36.411 E2447.81572
G1 X36.341 Y36.341
G0 F1800 X35.959 Y36.524
G1 F600 X42.655 Y43.221 E2448.36694
G1 X42.725 Y43.291
G0 F1800 X42.655 Y43.786
G1 F600 X35.488 Y36.62 E2448.95685
G1 X35.418 Y36.55
G0 F1800 X34.996 Y36.693
G1 F600 X42.655 Y44.352 E2449.5873
G1 X42.725 Y44.422
G0 F1800 X42.655 Y44.918
G1 F600 X34.503 Y36.766 E2450.25833
G1 X34.433 Y36.696
G0 F1800 X34.011 Y36.839
G1 F600 X42.655 Y45.483 E2450.96986
G1 X42.725 Y45.553
G0 F1800 X42.429 Y45.823
G1 F600 X33.518 Y36.913 E2451.70332
G1 X33.448 Y36.843
G0 F1800 X33.026 Y36.985
G1 F600 X41.863 Y45.823 E2452.43078
G1 X41.933 Y45.893
G0 F1800 X41.297 Y45.823
G1 F600 X32.533 Y37.059 E2453.15218
G1 X32.463 Y36.989
G0 F1800 X32.041 Y37.132
G1 F600 X40.732 Y45.823 E2453.86758
G1 X40.802 Y45.893
G0 F1800 X40.166 Y45.823
G1 F600 X31.548 Y37.205 E2454.57697
G1 X31.478 Y37.135
G0 F1800 X31.01 Y37.233
G1 F600 X39.6 Y45.823 E2455.28405
G1 X39.67 Y45.893
G0 F1800 X39.035 Y45.823
G1 F600 X30.471 Y37.259 E2455.98899
G1 X30.401 Y37.189
G0 F1800 X29.932 Y37.286
G1 F600 X38.469 Y45.823 E2456.69171
G1 X38.539 Y45.893
G0 F1800 X37.903 Y45.823
G1 F600 X29.393 Y37.312 E2457.39225
G1 X29.323 Y37.242
G0 F1800 X28.853 Y37.338
G1 F600 X37.338 Y45.823 E2458.09069
G1 X37.408 Y45.893
G0 F1800 X36.772 Y45.823
G1 F600 X28.314 Y37.365 E2458.78691
G1 X28.244 Y37.295
G0 F1800 X27.775 Y37.391
G1 F600 X36.206 Y45.823 E2459.48094
G1 X36.276 Y45.893
G0 F1800 X35.641 Y45.823
G1 F600 X27.227 Y37.409 E2460.17354
G1 X27.157 Y37.339
G0 F1800 X26.631 Y37.379
G1 F600 X35.075 Y45.823 E2460.8686
G1 X35.145 Y45.893
G0 F1800 X34.509 Y45.823
G1 F600 X26.037 Y37.35 E2461.56601
G1 X25.967 Y37.28
G0 F1800 X25.442 Y37.321
G1 F600 X33.943 Y45.823 E2462.26581
G1 X34.013 Y45.893
G0 F1800 X33.378 Y45.823
G1 F600 X24.847 Y37.292 E2462.96804
G1 X24.777 Y37.222
G0 F1800 X24.252 Y37.263
G1 F600 X32.812 Y45.823 E2463.67265
G1 X32.882 Y45.893
G0 F1800 X32.246 Y45.823
G1 F600 X23.657 Y37.234 E2464.37965
G1 X23.587 Y37.164
G0 F1800 X23.055 Y37.198
G1 F600 X31.681 Y45.823 E2465.08966
G1 X31.751 Y45.893
G0 F1800 X31.115 Y45.823
G1 F600 X22.391 Y37.099 E2465.80777
G1 X22.321 Y37.029
G0 F1800 X21.727 Y37
G1 F600 X30.549 Y45.823 E2466.53399
G1 X30.619 Y45.893
G0 F1800 X29.984 Y45.823
G1 F600 X21.063 Y36.902 E2467.26832
G1 X20.993 Y36.832
G0 F1800 X20.399 Y36.804
G1 F600 X29.418 Y45.823 E2468.01071
G1 X29.488 Y45.893
G0 F1800 X28.852 Y45.823
G1 F600 X19.734 Y36.705 E2468.76126
G1 X19.664 Y36.635
G0 F1800 X19.07 Y36.606
G1 F600 X28.287 Y45.823 E2469.51995
G1 X28.357 Y45.893
G0 F1800 X27.721 Y45.823
G1 F600 X18.333 Y36.435 E2470.29272
G1 X18.263 Y36.365
G0 F1800 X17.578 Y36.246
G1 F600 X27.155 Y45.823 E2471.08105
G1 X27.225 Y45.893
G0 F1800 X26.59 Y45.823
G1 F600 X16.824 Y36.057 E2471.88493
G1 X16.754 Y35.987
G0 F1800 X16.069 Y35.867
G1 F600 X26.024 Y45.823 E2472.70442
G1 X26.094 Y45.893
G0 F1800 X25.458 Y45.823
G1 F600 X15.314 Y35.679 E2473.53942
G1 X15.244 Y35.609
G0 F1800 X14.508 Y35.438
G1 F600 X24.892 Y45.823 E2474.39421
G1 X24.962 Y45.893
G0 F1800 X24.327 Y45.823
G1 F600 X13.626 Y35.122 E2475.27506
G1 X13.556 Y35.052
G0 F1800 X12.745 Y34.807
G1 F600 X23.761 Y45.823 E2476.18184
G1 X23.831 Y45.893
G0 F1800 X23.195 Y45.823
G1 F600 X11.995 Y34.622 E2477.10381
G1 X11.925 Y34.552
G0 F1800 X11.995 Y35.188
G1 F600 X22.63 Y45.823 E2477.97922
G1 X22.7 Y45.893
G0 F1800 X22.064 Y45.823
G1 F600 X11.995 Y35.754 E2478.80805
G1 X11.925 Y35.684
G0 F1800 X11.995 Y36.319
G1 F600 X21.498 Y45.823 E2479.59032
G1 X21.568 Y45.893
G0 F1800 X20.933 Y45.823
G1 F600 X11.995 Y36.885 E2480.32605
G1 X11.925 Y36.815
G0 F1800 X11.995 Y37.451
G1 F600 X20.367 Y45.823 E2481.01519
G1 X20.437 Y45.893
G0 F1800 X19.801 Y45.823
G1 F600 X11.995 Y38.016 E2481.65778
G1 X11.925 Y37.946
G0 F1800 X11.995 Y38.582
G1 F600 X19.236 Y45.823 E2482.25382
G1 X19.306 Y45.893
G0 F1800 X18.67 Y45.823
G1 F600 X11.995 Y39.148 E2482.80327
G1 X11.925 Y39.078
G0 F1800 X11.995 Y39.713
G1 F600 X18.104 Y45.823 E2483.30617
G1 X18.174 Y45.893
G0 F1800 X17.539 Y45.823
G1 F600 X11.995 Y40.279 E2483.76252
G1 X11.925 Y40.209
G0 F1800 X11.995 Y40.845
G1 F600 X16.973 Y45.823 E2484.17229
G1 X17.043 Y45.893
G0 F1800 X16.407 Y45.823
G1 F600 X11.995 Y41.411 E2484.53546
G1 X11.925 Y41.341
G0 F1800 X11.995 Y41.976
G1 F600 X15.842 Y45.823 E2484.85212
G1 X15.912 Y45.893
G0 F1800 X15.276 Y45.823
G1 F600 X11.995 Y42.542 E2485.1222
G1 X11.925 Y42.472
G0 F1800 X11.995 Y43.108
G1 F600 X14.71 Y45.823 E2485.34568
G1 X14.78 Y45.893
G0 F1800 X14.144 Y45.823
G1 F600 X11.995 Y43.673 E2485.52262
G1 X11.925 Y43.603
G0 F1800 X11.995 Y44.239
G1 F600 X13.579 Y45.823 E2485.653
G1 X13.649 Y45.893
G0 F1800 X13.013 Y45.823
G1 F600 X11.995 Y44.805 E2485.7368
G1 X11.925 Y44.735
G0 F1800 X11.995 Y45.37
G1 F600 X12.447 Y45.823 E2485.77405
G1 F1500 E2479.27405
G0 F1800 X15.022 Y35.059
G0 X15.399 Y33.809
G0 X10.984 Y31.613
G0 X8.284 Y30.33
G0 X6.673 Y30.341
G0 X6.661 Y43.983
G0 X7.966 Y43.983
G0 X9.566 Y48.286
;TYPE:FILL
G1 F1500 E2485.77405
G1 F1200 X8.085 Y46.805 E2485.89596
G1 X8.015 Y46.735
G0 F1800 X8.026 Y46.735
G0 X9.698 Y48.622
G0 X10.033 Y48.753
G1 F1200 X11.513 Y50.232 E2486.01774
G1 X11.583 Y50.302
G0 F1800 X11.583 Y50.294
G0 X15.054 Y48.753
G1 F1200 X16.533 Y50.232 E2486.13948
G1 X16.603 Y50.302
G0 F1800 X16.603 Y50.294
G0 X20.074 Y48.753
G1 F1200 X21.554 Y50.232 E2486.26127
G1 X21.624 Y50.302
G0 F1800 X21.624 Y50.294
G0 X25.095 Y48.753
G1 F1200 X26.574 Y50.232 E2486.38301
G1 X26.644 Y50.302
G0 F1800 X26.644 Y50.294
G0 X30.115 Y48.753
G1 F1200 X31.594 Y50.232 E2486.50475
G1 X31.664 Y50.302
G0 F1800 X31.664 Y50.294
G0 X35.136 Y48.753
G1 F1200 X36.615 Y50.232 E2486.6265
G1 X36.685 Y50.302
G0 F1800 X36.685 Y50.294
G0 X40.156 Y48.753
G1 F1200 X41.635 Y50.232 E2486.74824
G1 X41.705 Y50.302
G0 F1800 X41.705 Y50.294
G0 X45.085 Y48.661
G1 F1200 X46.565 Y50.142 E2486.87011
G1 X46.635 Y50.212
G0 F1800 X46.626 Y50.212
G0 X46.565 Y45.121
G1 F1200 X45.085 Y43.641 E2486.99193
G1 X45.015 Y43.571
G0 F1800 X45.026 Y43.571
G0 X46.565 Y40.101
G1 F1200 X45.085 Y38.62 E2487.1138
G1 X45.015 Y38.55
G0 F1800 X45.026 Y38.55
G0 X46.565 Y35.08
G1 F1200 X45.085 Y33.6 E2487.23563
G1 X45.015 Y33.53
G0 F1800 X45.026 Y33.53
G0 X44.954 Y48.622
G0 X9.698 Y48.622
G0 X9.566 Y33.224
G1 F1200 X8.215 Y31.873 E2487.34683
G1 X8.145 Y31.803
G0 F1800 X8.085 Y36.764
G1 F1200 X9.566 Y38.245 E2487.46874
G1 X9.636 Y38.315
G0 F1800 X9.626 Y38.315
G0 X8.085 Y41.785
G1 F1200 X9.566 Y43.265 E2487.59061
G1 X9.636 Y43.335
G0 F1800 X9.626 Y43.335
G0 X9.656 Y48.664
G0 X9.726 Y48.594
;TYPE:WALL-INNER
G1 F1200 X44.926 Y48.594 E2489.63943
G1 X44.926 Y32.411 E2490.58137
G1 X46.42 Y31.704 E2490.67757
G1 X46.653 Y31.594 E2490.69257
G1 X46.726 Y31.594 E2490.69682
G1 X46.726 Y31.852 E2490.70666
G1 X46.726 Y50.394 E2491.7859
G1 X7.926 Y50.394 E2494.04426
G1 X7.926 Y31.852 E2495.12351
G1 X7.926 Y31.594 E2495.13852
G1 X7.999 Y31.594 E2495.14277
G1 X8.232 Y31.704 E2495.15258
G1 X9.726 Y32.411 E2495.24879
G1 X9.726 Y48.594 E2496.19072
G0 F1800 X10.126 Y48.194
;TYPE:WALL-OUTER
G1 F600 X44.526 Y48.194 E2498.19298
G1 X44.526 Y32.157 E2499.12642
G1 X46.562 Y31.194 E2499.25751
G1 X47.126 Y31.194 E2499.29034
G1 X47.126 Y50.794 E2500.43116
G1 X7.526 Y50.794 E2502.73609
G1 X7.526 Y31.194 E2503.87691
G1 X8.09 Y31.194 E2503.90974
G1 X10.126 Y32.157 E2504.04083
G1 X10.126 Y48.194 E2504.97427
G0 F1800 X11.126 Y48.194
G0 X11.126 Y48.994
G0 X9.698 Y48.622
G0 X9.565 Y33.601
;TIME_ELAPSED:3961.526939
;LAYER:57
G0 X9.565 Y33.601 Z20.25
;TYPE:FILL
G1 F1200 X8.085 Y35.081 E2505.0961
G1 X8.015 Y35.151
G0 F1800 X8.026 Y35.151
G0 X9.565 Y38.622
G1 F1200 X8.085 Y40.102 E2505.21792
G1 X8.015 Y40.172
G0 F1800 X8.026 Y40.172
G0 X9.565 Y43.642
G1 F1200 X8.085 Y45.122 E2505.33975
G1 X8.015 Y45.192
G0 F1800 X8.026 Y45.192
G0 X9.565 Y48.663
G1 F1200 X8.085 Y50.143 E2505.46157
G1 X8.015 Y50.213
G0 F1800 X8.026 Y50.213
G0 X13.015 Y50.233
G1 F1200 X14.496 Y48.752 E2505.58348
G1 X14.566 Y48.682
G0 F1800 X14.566 Y48.694
G0 X18.036 Y50.233
G1 F1200 X19.516 Y48.752 E2505.70535
G1 X19.586 Y48.682
G0 F1800 X19.586 Y48.694
G0 X23.056 Y50.233
G1 F1200 X24.537 Y48.752 E2505.82726
G1 X24.607 Y48.682
G0 F1800 X24.607 Y48.694
G0 X28.077 Y50.233
G1 F1200 X29.557 Y48.752 E2505.94912
G1 X29.627 Y48.682
G0 F1800 X29.627 Y48.694
G0 X33.097 Y50.233
G1 F1200 X34.578 Y48.752 E2506.07103
G1 X34.648 Y48.682
G0 F1800 X34.648 Y48.694
G0 X38.118 Y50.233
G1 F1200 X39.598 Y48.752 E2506.1929
G1 X39.668 Y48.682
G0 F1800 X39.668 Y48.694
G0 X43.138 Y50.233
G1 F1200 X44.619 Y48.752 E2506.31481
G1 X44.689 Y48.682
G0 F1800 X45.085 Y48.286
G1 F1200 X46.565 Y46.806 E2506.43663
G1 X46.635 Y46.736
G0 F1800 X46.626 Y46.736
G0 X45.085 Y43.265
G1 F1200 X46.565 Y41.786 E2506.55842
G1 X46.635 Y41.716
G0 F1800 X46.626 Y41.716
G0 X45.085 Y38.245
G1 F1200 X46.565 Y36.766 E2506.6802
G1 X46.635 Y36.696
G0 F1800 X46.626 Y36.696
G0 X45.085 Y33.224
G1 F1200 X46.436 Y31.874 E2506.79137
G1 X46.506 Y31.804
G0 F1800 X44.954 Y48.622
G0 X9.656 Y48.664
G0 X9.726 Y48.594
;TYPE:WALL-INNER
G1 F1200 X44.926 Y48.594 E2508.84019
G1 X44.926 Y32.411 E2509.78213
G1 X46.42 Y31.704 E2509.87833
G1 X46.653 Y31.594 E2509.89333
G1 X46.726 Y31.594 E2509.89758
G1 X46.726 Y31.852 E2509.90742
G1 X46.726 Y50.394 E2510.98666
G1 X7.926 Y50.394 E2513.24502
G1 X7.926 Y31.852 E2514.32426
G1 X7.926 Y31.594 E2514.33928
G1 X7.999 Y31.594 E2514.34353
G1 X8.232 Y31.704 E2514.35334
G1 X9.726 Y32.411 E2514.44954
G1 X9.726 Y48.594 E2515.39148
G0 F1800 X10.126 Y48.194
;TYPE:WALL-OUTER
G1 F600 X44.526 Y48.194 E2517.39374
G1 X44.526 Y32.157 E2518.32718
G1 X46.562 Y31.194 E2518.45827
G1 X47.126 Y31.194 E2518.4911
G1 X47.126 Y50.794 E2519.63192
G1 X7.526 Y50.794 E2521.93685
G1 X7.526 Y31.194 E2523.07767
G1 X8.09 Y31.194 E2523.1105
G1 X10.126 Y32.157 E2523.24159
G1 X10.126 Y48.194 E2524.17503
G0 F1800 X11.126 Y48.194
G0 X11.126 Y48.994
G1 F1500 E2517.67503
G0 F1800 X10.397 Y50.354
G0 X10.397 Y51.659
G0 X6.673 Y51.647
G0 X6.673 Y30.341
G0 X8.284 Y30.33
G0 X9.049 Y30.693
G0 X15.399 Y33.809
G0 X15.022 Y35.059
G0 X11.995 Y46.233
;TYPE:FILL
G1 F1500 E2524.17503
G1 F1200 X14.799 Y43.429 E2524.40584
G1 X14.869 Y43.359
G0 F1800 X17.015 Y46.233
G1 F1200 X19.508 Y43.74 E2524.61105
G1 X19.578 Y43.67
G0 F1800 X20.075 Y43.173
G1 F1200 X26.296 Y36.952 E2525.12313
G1 X26.366 Y36.882
G0 F1800 X26.366 Y36.896
G0 X21.653 Y36.575
G1 F1200 X19.761 Y38.467 E2525.27887
G1 X19.691 Y38.537
G0 F1800 X17.424 Y35.783
G1 F1200 X11.585 Y41.622 E2525.7595
G1 X11.515 Y41.692
G0 F1800 X11.526 Y41.692
G0 X11.585 Y36.601
G1 F1200 X13.534 Y34.653 E2525.91989
G1 X13.604 Y34.583
G0 F1800 X13.594 Y34.611
G0 X22.036 Y46.233
G1 F1200 X31.469 Y36.799 E2526.69641
G1 X31.539 Y36.729
G0 F1800 X31.538 Y36.732
G0 X37.598 Y35.691
G1 F1200 X27.056 Y46.233 E2527.56417
G1 X26.986 Y46.303
G0 F1800 X26.986 Y46.294
G0 X32.077 Y46.233
G1 F1200 X34.838 Y43.472 E2527.79144
G1 X34.908 Y43.402
G0 F1800 X37.097 Y46.233
G1 F1200 X43.065 Y40.265 E2528.28269
G1 X43.135 Y40.195
G0 F1800 X43.126 Y40.195
G0 X39.803 Y38.506
G1 F1200 X43.065 Y35.245 E2528.55116
G1 X43.135 Y35.175
G0 F1800 X43.126 Y35.175
G0 X43.065 Y45.285
G1 F1200 X42.118 Y46.233 E2528.62916
G1 X42.048 Y46.303
G0 F1800 X42.048 Y46.294
G0 X35.612 Y36.129
G0 X35.593 Y36.031
;TYPE:WALL-INNER
G1 F1200 X39.62 Y35.021 E2528.87081
G1 X42.959 Y33.825 E2529.07725
G1 X43.226 Y33.73 E2529.09374
G1 X43.226 Y34.013 E2529.10349
G1 X43.226 Y34.014 E2529.10355
G1 X43.226 Y46.394 E2529.82413
G1 X11.426 Y46.394 E2531.67506
G1 X11.426 Y34.014 E2532.39564
G1 X11.426 Y34.013 E2532.3957
G1 X11.426 Y33.73 E2532.41217
G1 X11.693 Y33.825 E2532.42193
G1 X15.033 Y35.021 E2532.62842
G1 X19.058 Y36.03 E2532.86995
G1 X23.175 Y36.641 E2533.1122
G1 X27.326 Y36.844 E2533.3541
G1 X31.477 Y36.641 E2533.596
G1 X35.593 Y36.031 E2533.83819
G0 F1800 X35.612 Y36.129
G0 X39.229 Y35.166
G0 X43.169 Y33.811
G0 X43.389 Y33.247
;TYPE:WALL-OUTER
G1 F600 X43.626 Y33.135 E2533.85345
G1 X43.626 Y33.247
G1 X43.626 Y33.362 E2533.86014
G1 X43.626 Y46.794 E2534.64195
G1 X11.026 Y46.794 E2536.53945
G1 X11.026 Y33.362 E2537.32126
G1 X11.026 Y33.246 E2537.32801
G1 X11.026 Y33.135 E2537.33447
G1 X11.262 Y33.246 E2537.33745
G1 X11.371 Y33.285 E2537.34306
G1 X15.149 Y34.638 E2537.57663
G1 X19.136 Y35.637 E2537.81587
G1 X23.214 Y36.242 E2538.05583
G1 X27.326 Y36.444 E2538.29546
G1 X31.438 Y36.242 E2538.53509
G1 X35.515 Y35.638 E2538.77498
G1 X39.504 Y34.638 E2539.01434
G1 X43.281 Y33.285 E2539.24787
G1 X43.389 Y33.247 E2539.25218
G0 F1800 X43.626 Y33.135
G0 X43.626 Y33.247
G0 X43.626 Y33.362
G0 X43.626 Y33.873
G0 X43.126 Y33.873
G0 X39.587 Y38.242
;TYPE:SKIN
G1 F600 X39.845 Y38.475 E2539.27242
G1 X40.079 Y38.734 E2539.29274
G1 X40.282 Y39.007 E2539.31254
G1 X40.465 Y39.313 E2539.33329
G1 X40.62 Y39.641 E2539.35441
G1 X40.734 Y39.961 E2539.37418
G1 X40.818 Y40.296 E2539.39428
G1 X40.868 Y40.635 E2539.41423
G1 X40.886 Y40.994 E2539.43515
G1 X40.868 Y41.347 E2539.45572
G1 X40.818 Y41.693 E2539.47607
G1 X40.732 Y42.031 E2539.49637
G1 X40.622 Y42.343 E2539.51562
G1 X40.464 Y42.678 E2539.53718
G1 X40.289 Y42.969 E2539.55695
G1 X40.082 Y43.251 E2539.57731
G1 X39.844 Y43.512 E2539.59787
G1 X39.589 Y43.744 E2539.61793
G1 X39.299 Y43.959 E2539.63895
G1 X39.014 Y44.13 E2539.65829
G1 X38.681 Y44.287 E2539.67972
G1 X38.359 Y44.402 E2539.69962
G1 X38.028 Y44.485 E2539.71948
G1 X37.677 Y44.536 E2539.74013
G1 X37.326 Y44.554 E2539.76059
G1 X36.975 Y44.536 E2539.78104
G1 X36.625 Y44.485 E2539.80163
G1 X36.295 Y44.402 E2539.82144
G1 X35.971 Y44.287 E2539.84145
G1 X35.645 Y44.133 E2539.86243
G1 X35.343 Y43.953 E2539.8829
G1 X35.066 Y43.747 E2539.90299
G1 X34.807 Y43.513 E2539.9233
G1 X34.579 Y43.259 E2539.94317
G1 X34.361 Y42.968 E2539.96433
G1 X34.193 Y42.684 E2539.98354
G1 X34.033 Y42.349 E2540.00515
G1 X33.916 Y42.019 E2540.02553
G1 X33.835 Y41.695 E2540.04497
G1 X33.784 Y41.345 E2540.06555
G1 X33.766 Y40.994 E2540.08601
G1 X33.784 Y40.642 E2540.10653
G1 X33.836 Y40.287 E2540.12741
G1 X33.918 Y39.961 E2540.14698
G1 X34.034 Y39.638 E2540.16695
G1 X34.189 Y39.313 E2540.18791
G1 X34.367 Y39.012 E2540.20826
G1 X34.578 Y38.731 E2540.22872
G1 X34.807 Y38.475 E2540.24871
G1 X35.063 Y38.246 E2540.2687
G1 X35.343 Y38.037 E2540.28904
G1 X35.654 Y37.85 E2540.31016
G1 X35.964 Y37.705 E2540.33008
G1 X36.297 Y37.585 E2540.35068
G1 X36.625 Y37.503 E2540.37036
G1 X36.975 Y37.452 E2540.39095
G1 X37.326 Y37.434 E2540.41141
G1 X37.677 Y37.452 E2540.43186
G1 X38.028 Y37.503 E2540.45251
G1 X38.354 Y37.584 E2540.47206
G1 X38.696 Y37.708 E2540.49323
G1 X39.003 Y37.852 E2540.51297
G1 X39.308 Y38.035 E2540.53367
G1 X39.587 Y38.242 E2540.55389
G0 F1800 X34.9 Y38.638
G1 F600 X34.974 Y38.564 E2540.55999
G0 F1800 X36.347 Y37.757
G1 F600 X34.09 Y40.014 E2540.74577
G1 X34.02 Y40.084
G0 F1800 X33.961 Y40.708
G1 F600 X37.041 Y37.628 E2540.9993
G1 X37.111 Y37.558
G0 F1800 X37.607 Y37.628
G1 F600 X33.962 Y41.273 E2541.29934
G1 X33.892 Y41.343
G0 F1800 X34.038 Y41.763
G1 F600 X38.096 Y37.705 E2541.63337
G1 X38.166 Y37.635
G0 F1800 X38.528 Y37.839
G1 F600 X34.17 Y42.196 E2541.99205
G1 X34.1 Y42.266
G0 F1800 X34.346 Y42.586
G1 F600 X38.921 Y38.011 E2542.36864
G1 X38.991 Y37.941
G0 F1800 X39.268 Y38.23
G1 F600 X34.562 Y42.936 E2542.75602
G1 X34.492 Y43.006
G0 F1800 X34.815 Y43.249
G1 F600 X39.584 Y38.48 E2543.14857
G1 X39.654 Y38.41
G0 F1800 X39.864 Y38.765
G1 F600 X35.097 Y43.532 E2543.54097
G1 X35.027 Y43.602
G0 F1800 X35.413 Y43.782
G1 F600 X40.113 Y39.082 E2543.92785
G1 X40.183 Y39.012
G0 F1800 X40.324 Y39.437
G1 F600 X35.768 Y43.992 E2544.30283
G1 X35.698 Y44.062
G0 F1800 X36.162 Y44.164
G1 F600 X40.496 Y39.83 E2544.65958
G1 X40.566 Y39.76
G0 F1800 X40.623 Y40.269
G1 F600 X36.6 Y44.292 E2544.99073
G1 X36.53 Y44.362
G0 F1800 X37.097 Y44.361
G1 F600 X40.692 Y40.766 E2545.28666
G1 X40.762 Y40.696
G0 F1800 X40.686 Y41.337
G1 F600 X37.67 Y44.353 E2545.53492
G1 X37.6 Y44.423
G0 F1800 X38.39 Y44.199
G1 F600 X40.529 Y42.06 E2545.71099
G1 X40.599 Y41.99
G0 F1800 X20.886 Y40.994
G1 F600 X20.868 Y41.347 E2545.73156
G1 X20.818 Y41.693 E2545.75191
G1 X20.732 Y42.031 E2545.77221
G1 X20.622 Y42.343 E2545.79147
G1 X20.464 Y42.678 E2545.81302
G1 X20.289 Y42.969 E2545.83279
G1 X20.082 Y43.251 E2545.85315
G1 X19.844 Y43.512 E2545.87371
G1 X19.589 Y43.744 E2545.89377
G1 X19.299 Y43.959 E2545.91479
G1 X19.014 Y44.13 E2545.93413
G1 X18.681 Y44.287 E2545.95556
G1 X18.359 Y44.402 E2545.97546
G1 X18.028 Y44.485 E2545.99533
G1 X17.677 Y44.536 E2546.01597
G1 X17.326 Y44.554 E2546.03643
G1 X16.975 Y44.536 E2546.05688
G1 X16.625 Y44.485 E2546.07747
G1 X16.295 Y44.402 E2546.09728
G1 X15.971 Y44.287 E2546.11729
G1 X15.645 Y44.133 E2546.13827
G1 X15.343 Y43.953 E2546.15874
G1 X15.066 Y43.747 E2546.17883
G1 X14.807 Y43.513 E2546.19915
G1 X14.579 Y43.259 E2546.21901
G1 X14.361 Y42.968 E2546.24018
G1 X14.193 Y42.684 E2546.25938
G1 X14.033 Y42.349 E2546.28099
G1 X13.916 Y42.019 E2546.30137
G1 X13.835 Y41.695 E2546.32081
G1 X13.784 Y41.345 E2546.3414
G1 X13.766 Y40.994 E2546.36185
G1 X13.784 Y40.642 E2546.38237
G1 X13.836 Y40.287 E2546.40325
G1 X13.918 Y39.961 E2546.42282
G1 X14.034 Y39.638 E2546.44279
G1 X14.189 Y39.313 E2546.46375
G1 X14.367 Y39.012 E2546.4841
G1 X14.578 Y38.731 E2546.50456
G1 X14.807 Y38.475 E2546.52455
G1 X15.063 Y38.246 E2546.54454
G1 X15.343 Y38.037 E2546.56488
G1 X15.654 Y37.85 E2546.586
G1 X15.964 Y37.705 E2546.60592
G1 X16.297 Y37.585 E2546.62652
G1 X16.625 Y37.503 E2546.6462
G1 X16.975 Y37.452 E2546.66679
G1 X17.326 Y37.434 E2546.68725
G1 X17.677 Y37.452 E2546.7077
G1 X18.028 Y37.503 E2546.72835
G1 X18.354 Y37.584 E2546.7479
G1 X18.696 Y37.708 E2546.76907
G1 X19.003 Y37.852 E2546.78881
G1 X19.308 Y38.035 E2546.80951
G1 X19.587 Y38.242 E2546.82973
G1 X19.845 Y38.475 E2546.84997
G1 X20.079 Y38.734 E2546.87029
G1 X20.282 Y39.007 E2546.89009
G1 X20.465 Y39.313 E2546.91084
G1 X20.62 Y39.641 E2546.93196
G1 X20.734 Y39.961 E2546.95173
G1 X20.818 Y40.296 E2546.97183
G1 X20.868 Y40.635 E2546.99178
G1 X20.886 Y40.994 E2547.0127
G0 F1800 X20.4 Y42.391
G1 F600 X18.721 Y44.069 E2547.15086
G1 X18.651 Y44.139
G0 F1800 X17.905 Y44.32
G1 F600 X20.653 Y41.572 E2547.37706
G1 X20.723 Y41.502
G0 F1800 X20.702 Y40.957
G1 F600 X17.288 Y44.37 E2547.65804
G1 X17.218 Y44.44
G0 F1800 X16.77 Y44.323
G1 F600 X20.656 Y40.437 E2547.97792
G1 X20.726 Y40.367
G0 F1800 X20.549 Y39.978
G1 F600 X16.311 Y44.216 E2548.32677
G1 X16.241 Y44.286
G0 F1800 X15.905 Y44.056
G1 F600 X20.389 Y39.573 E2548.69583
G1 X20.459 Y39.503
G0 F1800 X20.19 Y39.206
G1 F600 X15.537 Y43.859 E2549.07884
G1 X15.467 Y43.929
G0 F1800 X15.205 Y43.625
G1 F600 X19.958 Y38.873 E2549.47004
G1 X20.028 Y38.803
G0 F1800 X19.69 Y38.575
G1 F600 X14.91 Y43.355 E2549.8635
G1 X14.84 Y43.425
G0 F1800 X14.649 Y43.05
G1 F600 X19.385 Y38.314 E2550.25334
G1 X19.455 Y38.244
G0 F1800 X19.047 Y38.086
G1 F600 X14.42 Y42.714 E2550.63425
G1 X14.35 Y42.784
G0 F1800 X14.228 Y42.34
G1 F600 X18.673 Y37.895 E2551.00014
G1 X18.743 Y37.825
G0 F1800 X18.258 Y37.743
G1 F600 X14.078 Y41.924 E2551.34426
G1 X14.008 Y41.994
G0 F1800 X13.983 Y41.454
G1 F600 X17.787 Y37.649 E2551.65742
G1 X17.857 Y37.579
G0 F1800 X17.253 Y37.618
G1 F600 X13.951 Y40.92 E2551.92923
G1 X13.881 Y40.99
G0 F1800 X14.021 Y40.283
G1 F600 X16.615 Y37.69 E2552.14271
G1 X16.685 Y37.62
G0 F1800 X15.722 Y38.017
G1 F600 X14.354 Y39.385 E2552.25532
G1 X14.284 Y39.455
G0 F1800 X11.585 Y35.244
;TIME_ELAPSED:4036.529646
;LAYER:58
G0 X11.585 Y35.244 Z20.6
;TYPE:FILL
G1 F1200 X14.847 Y38.506 E2552.52383
G1 X14.917 Y38.576
G0 F1800 X17.052 Y35.69
G1 F1200 X27.594 Y46.232 E2553.39159
G1 X27.664 Y46.302
G0 F1800 X27.664 Y46.294
G0 X22.574 Y46.232
G1 F1200 X19.811 Y43.469 E2553.61902
G1 X19.741 Y43.399
G0 F1800 X17.553 Y46.232
G1 F1200 X11.585 Y40.264 E2554.11028
G1 X11.515 Y40.194
G0 F1800 X11.526 Y40.194
G0 X11.585 Y45.285
G1 F1200 X12.533 Y46.232 E2554.18827
G1 X12.603 Y46.302
G0 F1800 X12.603 Y46.294
G0 X23.183 Y36.8
G1 F1200 X32.615 Y46.232 E2554.96466
G1 X32.685 Y46.302
G0 F1800 X32.685 Y46.294
G0 X35.143 Y43.74
G1 F1200 X37.635 Y46.232 E2555.16979
G1 X37.705 Y46.302
G0 F1800 X37.705 Y46.294
G0 X39.85 Y43.426
G1 F1200 X42.656 Y46.232 E2555.40076
G1 X42.726 Y46.302
G0 F1800 X42.726 Y46.294
G0 X43.065 Y41.621
G1 F1200 X37.229 Y35.785 E2555.88115
G1 X37.159 Y35.715
G0 F1800 X37.165 Y35.74
G0 X34.89 Y38.467
G1 F1200 X32.999 Y36.576 E2556.03681
G1 X32.929 Y36.506
G0 F1800 X32.931 Y36.526
G0 X28.356 Y36.953
G1 F1200 X34.579 Y43.176 E2556.54905
G1 X34.649 Y43.246
G0 F1800 X43.065 Y36.601
G1 F1200 X41.118 Y34.654 E2556.70932
G1 X41.048 Y34.584
G0 F1800 X41.058 Y34.613
G0 X39.631 Y35.059
G0 X35.598 Y36.07
G0 X31.48 Y36.68
G0 X27.742 Y36.863
G0 X23.166 Y36.74
G0 X23.175 Y36.641
;TYPE:WALL-INNER
G1 F1200 X27.326 Y36.844 E2556.95122
G1 X31.477 Y36.641 E2557.19312
G1 X35.591 Y36.031 E2557.43519
G1 X39.62 Y35.021 E2557.67696
G1 X42.96 Y33.826 E2557.88343
G1 X43.226 Y33.731 E2557.89987
G1 X43.226 Y34.013 E2557.90958
G1 X43.226 Y34.014 E2557.90964
G1 X43.226 Y46.394 E2558.63022
G1 X11.426 Y46.394 E2560.48114
G1 X11.426 Y34.014 E2561.20172
G1 X11.426 Y34.013 E2561.20178
G1 X11.426 Y33.73 E2561.21825
G1 X11.693 Y33.825 E2561.22802
G1 X15.033 Y35.021 E2561.43451
G1 X19.06 Y36.03 E2561.67615
G1 X23.175 Y36.641 E2561.91829
G0 F1800 X23.166 Y36.74
G0 X27.326 Y36.884
G0 X31.48 Y36.68
G0 X35.598 Y36.07
G0 X39.227 Y35.161
G0 X43.169 Y33.812
G0 X43.385 Y33.249
;TYPE:WALL-OUTER
G1 F600 X43.626 Y33.135 E2561.93381
G1 X43.626 Y33.249
G1 X43.626 Y33.361 E2561.94033
G1 X43.626 Y46.794 E2562.7222
G1 X11.026 Y46.794 E2564.61969
G1 X11.026 Y33.361 E2565.40156
G1 X11.026 Y33.248 E2565.40814
G1 X11.026 Y33.135 E2565.41471
G1 X11.266 Y33.248 E2565.41792
G1 X11.372 Y33.286 E2565.42339
G1 X15.149 Y34.638 E2565.65689
G1 X19.138 Y35.637 E2565.89625
G1 X23.214 Y36.242 E2566.13609
G1 X27.326 Y36.444 E2566.37572
G1 X31.438 Y36.242 E2566.61535
G1 X35.513 Y35.638 E2566.85512
G1 X39.504 Y34.638 E2567.0946
G1 X43.28 Y33.286 E2567.32805
G1 X43.385 Y33.249 E2567.33225
G0 F1800 X43.626 Y33.135
G0 X43.626 Y33.249
G0 X43.626 Y33.361
G0 X43.626 Y33.869
G0 X43.126 Y33.869
G0 X39.587 Y38.242
;TYPE:SKIN
G1 F600 X39.845 Y38.475 E2567.35249
G1 X40.079 Y38.734 E2567.37281
G1 X40.282 Y39.007 E2567.39261
G1 X40.465 Y39.313 E2567.41336
G1 X40.62 Y39.641 E2567.43448
G1 X40.734 Y39.961 E2567.45425
G1 X40.818 Y40.296 E2567.47435
G1 X40.868 Y40.635 E2567.4943
G1 X40.886 Y40.994 E2567.51522
G1 X40.868 Y41.347 E2567.53579
G1 X40.818 Y41.693 E2567.55614
G1 X40.732 Y42.031 E2567.57644
G1 X40.622 Y42.343 E2567.59569
G1 X40.464 Y42.678 E2567.61725
G1 X40.289 Y42.969 E2567.63702
G1 X40.082 Y43.251 E2567.65738
G1 X39.844 Y43.512 E2567.67794
G1 X39.589 Y43.744 E2567.698
G1 X39.299 Y43.959 E2567.71902
G1 X39.014 Y44.13 E2567.73836
G1 X38.681 Y44.287 E2567.75979
G1 X38.359 Y44.402 E2567.77969
G1 X38.028 Y44.485 E2567.79955
G1 X37.677 Y44.536 E2567.8202
G1 X37.326 Y44.554 E2567.84066
G1 X36.975 Y44.536 E2567.86111
G1 X36.625 Y44.485 E2567.8817
G1 X36.295 Y44.402 E2567.90151
G1 X35.971 Y44.287 E2567.92152
G1 X35.645 Y44.133 E2567.9425
G1 X35.343 Y43.953 E2567.96297
G1 X35.066 Y43.747 E2567.98306
G1 X34.807 Y43.513 E2568.00337
G1 X34.579 Y43.259 E2568.02324
G1 X34.361 Y42.968 E2568.0444
G1 X34.193 Y42.684 E2568.06361
G1 X34.033 Y42.349 E2568.08522
G1 X33.916 Y42.019 E2568.1056
G1 X33.835 Y41.695 E2568.12504
G1 X33.784 Y41.345 E2568.14562
G1 X33.766 Y40.994 E2568.16608
G1 X33.784 Y40.642 E2568.1866
G1 X33.836 Y40.287 E2568.20748
G1 X33.918 Y39.961 E2568.22705
G1 X34.034 Y39.638 E2568.24702
G1 X34.189 Y39.313 E2568.26798
G1 X34.367 Y39.012 E2568.28833
G1 X34.578 Y38.731 E2568.30879
G1 X34.807 Y38.475 E2568.32878
G1 X35.063 Y38.246 E2568.34877
G1 X35.343 Y38.037 E2568.36911
G1 X35.654 Y37.85 E2568.39023
G1 X35.964 Y37.705 E2568.41015
G1 X36.297 Y37.585 E2568.43075
G1 X36.625 Y37.503 E2568.45043
G1 X36.975 Y37.452 E2568.47102
G1 X37.326 Y37.434 E2568.49148
G1 X37.677 Y37.452 E2568.51193
G1 X38.028 Y37.503 E2568.53258
G1 X38.354 Y37.584 E2568.55213
G1 X38.696 Y37.708 E2568.5733
G1 X39.003 Y37.852 E2568.59304
G1 X39.308 Y38.035 E2568.61374
G1 X39.587 Y38.242 E2568.63396
G0 F1800 X38.334 Y37.768
G1 F600 X40.552 Y39.986 E2568.81654
G1 X40.622 Y40.056
G0 F1800 X40.689 Y40.689
G1 F600 X37.63 Y37.63 E2569.06834
G1 X37.56 Y37.56
G0 F1800 X37.062 Y37.627
G1 F600 X40.691 Y41.257 E2569.3671
G1 X40.761 Y41.327
G0 F1800 X40.617 Y41.748
G1 F600 X36.57 Y37.702 E2569.70019
G1 X36.5 Y37.632
G0 F1800 X36.135 Y37.833
G1 F600 X40.487 Y42.184 E2570.05838
G1 X40.557 Y42.254
G0 F1800 X40.313 Y42.576
G1 F600 X35.743 Y38.006 E2570.43456
G1 X35.673 Y37.936
G0 F1800 X35.394 Y38.222
G1 F600 X40.097 Y42.926 E2570.82172
G1 X40.167 Y42.996
G0 F1800 X39.846 Y43.24
G1 F600 X35.078 Y38.472 E2571.2142
G1 X35.008 Y38.402
G0 F1800 X34.796 Y38.755
G1 F600 X39.562 Y43.522 E2571.60655
G1 X39.632 Y43.592
G0 F1800 X39.246 Y43.772
G1 F600 X34.546 Y39.071 E2571.99347
G1 X34.476 Y39.001
G0 F1800 X34.334 Y39.425
G1 F600 X38.895 Y43.986 E2572.36891
G1 X38.965 Y44.056
G0 F1800 X38.502 Y44.159
G1 F600 X34.16 Y39.817 E2572.72632
G1 X34.09 Y39.747
G0 F1800 X34.03 Y40.252
G1 F600 X38.065 Y44.288 E2573.0585
G1 X38.135 Y44.358
G0 F1800 X37.571 Y44.359
G1 F600 X33.958 Y40.747 E2573.35586
G1 X33.888 Y40.677
G0 F1800 X33.963 Y41.317
G1 F600 X37.001 Y44.355 E2573.60593
G1 X37.071 Y44.425
G0 F1800 X36.288 Y44.208
G1 F600 X34.112 Y42.031 E2573.78509
G1 X34.042 Y41.961
G0 F1800 X20.868 Y41.347
G1 F600 X20.818 Y41.693 E2573.80544
G1 X20.732 Y42.031 E2573.82574
G1 X20.622 Y42.343 E2573.84499
G1 X20.464 Y42.678 E2573.86655
G1 X20.289 Y42.969 E2573.88632
G1 X20.082 Y43.251 E2573.90668
G1 X19.844 Y43.512 E2573.92724
G1 X19.589 Y43.744 E2573.9473
G1 X19.299 Y43.959 E2573.96832
G1 X19.014 Y44.13 E2573.98766
G1 X18.681 Y44.287 E2574.00909
G1 X18.359 Y44.402 E2574.02899
G1 X18.028 Y44.485 E2574.04885
G1 X17.677 Y44.536 E2574.0695
G1 X17.326 Y44.554 E2574.08996
G1 X16.975 Y44.536 E2574.11041
G1 X16.625 Y44.485 E2574.131
G1 X16.295 Y44.402 E2574.15081
G1 X15.971 Y44.287 E2574.17082
G1 X15.645 Y44.133 E2574.1918
G1 X15.343 Y43.953 E2574.21227
G1 X15.066 Y43.747 E2574.23236
G1 X14.807 Y43.513 E2574.25267
G1 X14.579 Y43.259 E2574.27254
G1 X14.361 Y42.968 E2574.2937
G1 X14.193 Y42.684 E2574.31291
G1 X14.033 Y42.349 E2574.33452
G1 X13.916 Y42.019 E2574.3549
G1 X13.835 Y41.695 E2574.37434
G1 X13.784 Y41.345 E2574.39492
G1 X13.766 Y40.994 E2574.41538
G1 X13.784 Y40.642 E2574.4359
G1 X13.836 Y40.287 E2574.45678
G1 X13.918 Y39.961 E2574.47635
G1 X14.034 Y39.638 E2574.49632
G1 X14.189 Y39.313 E2574.51728
G1 X14.367 Y39.012 E2574.53763
G1 X14.578 Y38.731 E2574.55809
G1 X14.807 Y38.475 E2574.57808
G1 X15.063 Y38.246 E2574.59807
G1 X15.343 Y38.037 E2574.61841
G1 X15.654 Y37.85 E2574.63953
G1 X15.964 Y37.705 E2574.65945
G1 X16.297 Y37.585 E2574.68005
G1 X16.625 Y37.503 E2574.69973
G1 X16.975 Y37.452 E2574.72032
G1 X17.326 Y37.434 E2574.74078
G1 X17.677 Y37.452 E2574.76123
G1 X18.028 Y37.503 E2574.78188
G1 X18.354 Y37.584 E2574.80143
G1 X18.696 Y37.708 E2574.8226
G1 X19.003 Y37.852 E2574.84234
G1 X19.308 Y38.035 E2574.86304
G1 X19.587 Y38.242 E2574.88326
G1 X19.845 Y38.475 E2574.9035
G1 X20.079 Y38.734 E2574.92381
G1 X20.282 Y39.007 E2574.94362
G1 X20.465 Y39.313 E2574.96437
G1 X20.62 Y39.641 E2574.98548
G1 X20.734 Y39.961 E2575.00526
G1 X20.818 Y40.296 E2575.02536
G1 X20.868 Y40.635 E2575.0453
G1 X20.886 Y40.994 E2575.06623
G1 X20.868 Y41.347 E2575.0868
G0 F1800 X18.653 Y37.886
G1 F600 X20.436 Y39.669 E2575.23357
G1 X20.506 Y39.739
G0 F1800 X20.66 Y40.459
G1 F600 X17.86 Y37.659 E2575.46405
G1 X17.79 Y37.589
G0 F1800 X17.254 Y37.618
G1 F600 X20.701 Y41.066 E2575.74783
G1 X20.771 Y41.136
G0 F1800 X20.652 Y41.582
G1 F600 X16.738 Y37.668 E2576.07001
G1 X16.668 Y37.598
G0 F1800 X16.284 Y37.78
G1 F600 X20.539 Y42.035 E2576.42026
G1 X20.609 Y42.105
G0 F1800 X20.378 Y42.439
G1 F600 X15.88 Y37.942 E2576.79047
G1 X15.81 Y37.872
G0 F1800 X15.515 Y38.142
G1 F600 X20.178 Y42.806 E2577.17434
G1 X20.248 Y42.876
G0 F1800 X19.942 Y43.135
G1 F600 X15.185 Y38.378 E2577.56591
G1 X15.115 Y38.308
G0 F1800 X14.89 Y38.649
G1 F600 X19.668 Y43.426 E2577.95917
G1 X19.738 Y43.496
G0 F1800 X19.361 Y43.686
G1 F600 X14.632 Y38.957 E2578.34843
G1 X14.562 Y38.887
G0 F1800 X14.406 Y39.296
G1 F600 X19.024 Y43.914 E2578.72856
G1 X19.094 Y43.984
G0 F1800 X18.647 Y44.103
G1 F600 X14.217 Y39.672 E2579.09326
G1 X14.147 Y39.602
G0 F1800 X14.07 Y40.091
G1 F600 X18.227 Y44.248 E2579.43544
G1 X18.297 Y44.318
G0 F1800 X17.754 Y44.341
G1 F600 X13.976 Y40.563 E2579.74643
G1 X13.906 Y40.493
G0 F1800 X13.952 Y41.105
G1 F600 X17.213 Y44.366 E2580.01485
G1 X17.283 Y44.436
G0 F1800 X16.564 Y44.283
G1 F600 X14.035 Y41.753 E2580.22307
G1 X13.965 Y41.683
G0 F1800 X14.405 Y42.689
G1 F600 X15.629 Y43.913 E2580.32382
G1 X15.699 Y43.983
G1 F1500 E2573.82382
G0 F1800 X19.053 Y36.069
G0 X19.306 Y34.788
G0 X8.284 Y30.33
G0 X6.673 Y30.341
G0 X6.673 Y51.647
G0 X14.671 Y51.659
G0 X14.671 Y50.354
G0 X15.054 Y48.753
;TYPE:FILL
G1 F1500 E2580.32382
G1 F1200 X16.533 Y50.232 E2580.44556
G1 X16.603 Y50.302
G0 F1800 X16.603 Y50.294
G0 X20.074 Y48.753
G1 F1200 X21.554 Y50.232 E2580.56735
G1 X21.624 Y50.302
G0 F1800 X21.624 Y50.294
G0 X25.095 Y48.753
G1 F1200 X26.574 Y50.232 E2580.68909
G1 X26.644 Y50.302
G0 F1800 X26.644 Y50.294
G0 X30.115 Y48.753
G1 F1200 X31.594 Y50.232 E2580.81084
G1 X31.664 Y50.302
G0 F1800 X31.664 Y50.294
G0 X35.136 Y48.753
G1 F1200 X36.615 Y50.232 E2580.93258
G1 X36.685 Y50.302
G0 F1800 X36.685 Y50.294
G0 X40.156 Y48.753
G1 F1200 X41.635 Y50.232 E2581.05432
G1 X41.705 Y50.302
G0 F1800 X41.705 Y50.294
G0 X45.085 Y48.661
G1 F1200 X46.565 Y50.142 E2581.17619
G1 X46.635 Y50.212
G0 F1800 X46.626 Y50.212
G0 X46.565 Y45.121
G1 F1200 X45.085 Y43.641 E2581.29802
G1 X45.015 Y43.571
G0 F1800 X45.026 Y43.571
G0 X46.565 Y40.101
G1 F1200 X45.085 Y38.62 E2581.41988
G1 X45.015 Y38.55
G0 F1800 X45.026 Y38.55
G0 X46.565 Y35.08
G1 F1200 X45.085 Y33.6 E2581.54171
G1 X45.015 Y33.53
G0 F1800 X45.026 Y33.53
G0 X44.954 Y48.622
G0 X9.698 Y48.622
G0 X9.566 Y33.224
G1 F1200 X8.215 Y31.873 E2581.65291
G1 X8.145 Y31.803
G0 F1800 X8.085 Y36.764
G1 F1200 X9.566 Y38.245 E2581.77482
G1 X9.636 Y38.315
G0 F1800 X9.626 Y38.315
G0 X8.085 Y41.785
G1 F1200 X9.566 Y43.265 E2581.89669
G1 X9.636 Y43.335
G0 F1800 X9.626 Y43.335
G0 X8.085 Y46.805
G1 F1200 X9.566 Y48.286 E2582.0186
G1 X9.636 Y48.356
G0 F1800 X10.033 Y48.753
G1 F1200 X11.513 Y50.232 E2582.14038
G1 X11.583 Y50.302
G0 F1800 X11.583 Y50.294
G0 X9.656 Y48.664
G0 X9.726 Y48.594
;TYPE:WALL-INNER
G1 F1200 X44.926 Y48.594 E2584.18921
G1 X44.926 Y32.411 E2585.13114
G1 X46.42 Y31.704 E2585.22735
G1 X46.653 Y31.594 E2585.24234
G1 X46.726 Y31.594 E2585.24659
G1 X46.726 Y31.852 E2585.25643
G1 X46.726 Y50.394 E2586.33568
G1 X7.926 Y50.394 E2588.59404
G1 X7.926 Y31.852 E2589.67328
G1 X7.926 Y31.594 E2589.6883
G1 X7.999 Y31.594 E2589.69255
G1 X8.232 Y31.704 E2589.70236
G1 X9.726 Y32.411 E2589.79856
G1 X9.726 Y48.594 E2590.74049
G0 F1800 X10.126 Y48.194
;TYPE:WALL-OUTER
G1 F600 X44.526 Y48.194 E2592.74276
G1 X44.526 Y32.157 E2593.67619
G1 X46.562 Y31.194 E2593.80729
G1 X47.126 Y31.194 E2593.84011
G1 X47.126 Y50.794 E2594.98094
G1 X7.526 Y50.794 E2597.28586
G1 X7.526 Y31.194 E2598.42669
G1 X8.09 Y31.194 E2598.45951
G1 X10.126 Y32.157 E2598.59061
G1 X10.126 Y48.194 E2599.52404
G0 F1800 X11.126 Y48.194
G0 X11.126 Y48.994
G1 F1500 E2593.02404
G0 F1800 X12.534 Y50.354
G0 X12.534 Y51.659
G0 X6.673 Y51.647
G0 X6.673 Y30.341
G0 X8.284 Y30.33
G0 X10.3 Y31.315
G0 X15.399 Y33.809
G0 X15.022 Y35.059
G0 X13.534 Y34.653
;TIME_ELAPSED:4113.872905
;LAYER:59
G0 X13.534 Y34.653 Z20.95
;TYPE:FILL
G1 F1500 E2599.52404
G1 F1200 X11.585 Y36.601 E2599.68443
G1 X11.515 Y36.671
G0 F1800 X11.526 Y36.671
G0 X11.585 Y41.622
G1 F1200 X17.425 Y35.783 E2600.16511
G1 X17.495 Y35.713
G0 F1800 X17.488 Y35.739
G0 X19.761 Y38.467
G1 F1200 X21.653 Y36.575 E2600.32085
G1 X21.723 Y36.505
G0 F1800 X21.721 Y36.525
G0 X26.296 Y36.952
G1 F1200 X20.075 Y43.173 E2600.83293
G1 X20.005 Y43.243
G0 F1800 X19.508 Y43.74
G1 F1200 X17.015 Y46.233 E2601.03814
G1 X16.945 Y46.303
G0 F1800 X16.945 Y46.294
G0 X14.799 Y43.429
G1 F1200 X11.995 Y46.233 E2601.26895
G1 X11.925 Y46.303
G0 F1800 X11.925 Y46.294
G0 X22.036 Y46.233
G1 F1200 X31.469 Y36.799 E2602.04547
G1 X31.539 Y36.729
G0 F1800 X31.538 Y36.732
G0 X37.598 Y35.691
G1 F1200 X27.056 Y46.233 E2602.91323
G1 X26.986 Y46.303
G0 F1800 X26.986 Y46.294
G0 X32.077 Y46.233
G1 F1200 X34.838 Y43.472 E2603.1405
G1 X34.908 Y43.402
G0 F1800 X37.097 Y46.233
G1 F1200 X43.065 Y40.265 E2603.63175
G1 X43.135 Y40.195
G0 F1800 X43.126 Y40.195
G0 X39.803 Y38.506
G1 F1200 X43.065 Y35.245 E2603.90022
G1 X43.135 Y35.175
G0 F1800 X43.126 Y35.175
G0 X43.065 Y45.285
G1 F1200 X42.118 Y46.233 E2603.97821
G1 X42.048 Y46.303
G0 F1800 X42.048 Y46.294
G0 X31.486 Y36.74
G0 X31.477 Y36.641
;TYPE:WALL-INNER
G1 F1200 X35.645 Y36.018 E2604.22351
G1 X39.621 Y35.021 E2604.4621
G1 X42.96 Y33.826 E2604.66852
G1 X43.226 Y33.731 E2604.68496
G1 X43.226 Y34.013 E2604.69466
G1 X43.226 Y34.014 E2604.69472
G1 X43.226 Y46.394 E2605.4153
G1 X11.426 Y46.394 E2607.26623
G1 X11.426 Y34.014 E2607.98681
G1 X11.426 Y34.013 E2607.98687
G1 X11.426 Y33.731 E2608.00328
G1 X11.692 Y33.826 E2608.013
G1 X15.033 Y35.021 E2608.21953
G1 X19.063 Y36.031 E2608.46135
G1 X23.175 Y36.641 E2608.70331
G1 X27.326 Y36.844 E2608.94521
G1 X31.477 Y36.641 E2609.18711
G0 F1800 X31.486 Y36.74
G0 X35.652 Y36.057
G0 X39.234 Y35.159
G0 X43.169 Y33.812
G0 X43.38 Y33.251
;TYPE:WALL-OUTER
G1 F600 X43.626 Y33.135 E2609.20294
G1 X43.626 Y33.251
G1 X43.626 Y33.36 E2609.20928
G1 X43.626 Y46.794 E2609.99121
G1 X11.026 Y46.794 E2611.8887
G1 X11.026 Y33.361 E2612.67057
G1 X11.026 Y33.25 E2612.67703
G1 X11.026 Y33.135 E2612.68373
G1 X11.269 Y33.25 E2612.68705
G1 X11.373 Y33.287 E2612.69244
G1 X15.149 Y34.638 E2612.92587
G1 X19.141 Y35.638 E2613.16541
G1 X23.214 Y36.242 E2613.40507
G1 X27.326 Y36.444 E2613.6447
G1 X31.438 Y36.242 E2613.88433
G1 X35.567 Y35.625 E2614.12732
G1 X39.505 Y34.638 E2614.36363
G1 X43.278 Y33.287 E2614.59689
G1 X43.38 Y33.251 E2614.60099
G0 F1800 X43.626 Y33.135
G0 X43.626 Y33.251
G0 X43.626 Y33.36
G0 X43.626 Y33.864
G0 X43.126 Y33.864
G0 X39.587 Y38.242
;TYPE:SKIN
G1 F600 X39.845 Y38.475 E2614.62123
G1 X40.079 Y38.734 E2614.64155
G1 X40.282 Y39.007 E2614.66135
G1 X40.465 Y39.313 E2614.6821
G1 X40.62 Y39.641 E2614.70322
G1 X40.734 Y39.961 E2614.72299
G1 X40.818 Y40.296 E2614.74309
G1 X40.868 Y40.635 E2614.76304
G1 X40.886 Y40.994 E2614.78396
G1 X40.868 Y41.347 E2614.80453
G1 X40.818 Y41.693 E2614.82488
G1 X40.732 Y42.031 E2614.84518
G1 X40.622 Y42.343 E2614.86443
G1 X40.464 Y42.678 E2614.88599
G1 X40.289 Y42.969 E2614.90576
G1 X40.082 Y43.251 E2614.92612
G1 X39.844 Y43.512 E2614.94668
G1 X39.589 Y43.744 E2614.96674
G1 X39.299 Y43.959 E2614.98776
G1 X39.014 Y44.13 E2615.0071
G1 X38.681 Y44.287 E2615.02853
G1 X38.359 Y44.402 E2615.04843
G1 X38.028 Y44.485 E2615.06829
G1 X37.677 Y44.536 E2615.08894
G1 X37.326 Y44.554 E2615.1094
G1 X36.975 Y44.536 E2615.12985
G1 X36.625 Y44.485 E2615.15044
G1 X36.295 Y44.402 E2615.17025
G1 X35.971 Y44.287 E2615.19026
G1 X35.645 Y44.133 E2615.21124
G1 X35.343 Y43.953 E2615.23171
G1 X35.066 Y43.747 E2615.2518
G1 X34.807 Y43.513 E2615.27212
G1 X34.579 Y43.259 E2615.29198
G1 X34.361 Y42.968 E2615.31315
G1 X34.193 Y42.684 E2615.33235
G1 X34.033 Y42.349 E2615.35396
G1 X33.916 Y42.019 E2615.37434
G1 X33.835 Y41.695 E2615.39378
G1 X33.784 Y41.345 E2615.41436
G1 X33.766 Y40.994 E2615.43482
G1 X33.784 Y40.642 E2615.45534
G1 X33.836 Y40.287 E2615.47622
G1 X33.918 Y39.961 E2615.49579
G1 X34.034 Y39.638 E2615.51576
G1 X34.189 Y39.313 E2615.53672
G1 X34.367 Y39.012 E2615.55707
G1 X34.578 Y38.731 E2615.57753
G1 X34.807 Y38.475 E2615.59752
G1 X35.063 Y38.246 E2615.61751
G1 X35.343 Y38.037 E2615.63785
G1 X35.654 Y37.85 E2615.65897
G1 X35.964 Y37.705 E2615.67889
G1 X36.297 Y37.585 E2615.69949
G1 X36.625 Y37.503 E2615.71917
G1 X36.975 Y37.452 E2615.73976
G1 X37.326 Y37.434 E2615.76022
G1 X37.677 Y37.452 E2615.78067
G1 X38.028 Y37.503 E2615.80132
G1 X38.354 Y37.584 E2615.82087
G1 X38.696 Y37.708 E2615.84204
G1 X39.003 Y37.852 E2615.86178
G1 X39.308 Y38.035 E2615.88248
G1 X39.587 Y38.242 E2615.9027
G0 F1800 X34.9 Y38.638
G1 F600 X34.974 Y38.564 E2615.9088
G0 F1800 X36.347 Y37.757
G1 F600 X34.09 Y40.014 E2616.09458
G1 X34.02 Y40.084
G0 F1800 X33.961 Y40.708
G1 F600 X37.041 Y37.628 E2616.34811
G1 X37.111 Y37.558
G0 F1800 X37.607 Y37.628
G1 F600 X33.962 Y41.273 E2616.64815
G1 X33.892 Y41.343
G0 F1800 X34.038 Y41.763
G1 F600 X38.096 Y37.705 E2616.98218
G1 X38.166 Y37.635
G0 F1800 X38.528 Y37.839
G1 F600 X34.17 Y42.196 E2617.34086
G1 X34.1 Y42.266
G0 F1800 X34.346 Y42.586
G1 F600 X38.921 Y38.011 E2617.71745
G1 X38.991 Y37.941
G0 F1800 X39.268 Y38.23
G1 F600 X34.562 Y42.936 E2618.10483
G1 X34.492 Y43.006
G0 F1800 X34.815 Y43.249
G1 F600 X39.584 Y38.48 E2618.49738
G1 X39.654 Y38.41
G0 F1800 X39.864 Y38.765
G1 F600 X35.097 Y43.532 E2618.88978
G1 X35.027 Y43.602
G0 F1800 X35.413 Y43.782
G1 F600 X40.113 Y39.082 E2619.27666
G1 X40.183 Y39.012
G0 F1800 X40.324 Y39.437
G1 F600 X35.768 Y43.992 E2619.65164
G1 X35.698 Y44.062
G0 F1800 X36.162 Y44.164
G1 F600 X40.496 Y39.83 E2620.00839
G1 X40.566 Y39.76
G0 F1800 X40.623 Y40.269
G1 F600 X36.6 Y44.292 E2620.33955
G1 X36.53 Y44.362
G0 F1800 X37.097 Y44.361
G1 F600 X40.692 Y40.766 E2620.63547
G1 X40.762 Y40.696
G0 F1800 X40.686 Y41.337
G1 F600 X37.67 Y44.353 E2620.88373
G1 X37.6 Y44.423
G0 F1800 X38.39 Y44.199
G1 F600 X40.529 Y42.06 E2621.0598
G1 X40.599 Y41.99
G0 F1800 X20.886 Y40.994
G1 F600 X20.868 Y41.347 E2621.08037
G1 X20.818 Y41.693 E2621.10072
G1 X20.732 Y42.031 E2621.12102
G1 X20.622 Y42.343 E2621.14028
G1 X20.464 Y42.678 E2621.16183
G1 X20.289 Y42.969 E2621.1816
G1 X20.082 Y43.251 E2621.20196
G1 X19.844 Y43.512 E2621.22252
G1 X19.589 Y43.744 E2621.24259
G1 X19.299 Y43.959 E2621.2636
G1 X19.014 Y44.13 E2621.28294
G1 X18.681 Y44.287 E2621.30437
G1 X18.359 Y44.402 E2621.32427
G1 X18.028 Y44.485 E2621.34414
G1 X17.677 Y44.536 E2621.36478
G1 X17.326 Y44.554 E2621.38524
G1 X16.975 Y44.536 E2621.40569
G1 X16.625 Y44.485 E2621.42628
G1 X16.295 Y44.402 E2621.44609
G1 X15.971 Y44.287 E2621.4661
G1 X15.645 Y44.133 E2621.48708
G1 X15.343 Y43.953 E2621.50755
G1 X15.066 Y43.747 E2621.52764
G1 X14.807 Y43.513 E2621.54796
G1 X14.579 Y43.259 E2621.56782
G1 X14.361 Y42.968 E2621.58899
G1 X14.193 Y42.684 E2621.60819
G1 X14.033 Y42.349 E2621.6298
G1 X13.916 Y42.019 E2621.65018
G1 X13.835 Y41.695 E2621.66962
G1 X13.784 Y41.345 E2621.69021
G1 X13.766 Y40.994 E2621.71066
G1 X13.784 Y40.642 E2621.73118
G1 X13.836 Y40.287 E2621.75206
G1 X13.918 Y39.961 E2621.77163
G1 X14.034 Y39.638 E2621.7916
G1 X14.189 Y39.313 E2621.81256
G1 X14.367 Y39.012 E2621.83291
G1 X14.578 Y38.731 E2621.85337
G1 X14.807 Y38.475 E2621.87336
G1 X15.063 Y38.246 E2621.89335
G1 X15.343 Y38.037 E2621.91369
G1 X15.654 Y37.85 E2621.93481
G1 X15.964 Y37.705 E2621.95473
G1 X16.297 Y37.585 E2621.97533
G1 X16.625 Y37.503 E2621.99501
G1 X16.975 Y37.452 E2622.0156
G1 X17.326 Y37.434 E2622.03606
G1 X17.677 Y37.452 E2622.05651
G1 X18.028 Y37.503 E2622.07716
G1 X18.354 Y37.584 E2622.09671
G1 X18.696 Y37.708 E2622.11788
G1 X19.003 Y37.852 E2622.13762
G1 X19.308 Y38.035 E2622.15832
G1 X19.587 Y38.242 E2622.17855
G1 X19.845 Y38.475 E2622.19878
G1 X20.079 Y38.734 E2622.2191
G1 X20.282 Y39.007 E2622.2389
G1 X20.465 Y39.313 E2622.25965
G1 X20.62 Y39.641 E2622.28077
G1 X20.734 Y39.961 E2622.30054
G1 X20.818 Y40.296 E2622.32064
G1 X20.868 Y40.635 E2622.34059
G1 X20.886 Y40.994 E2622.36151
G0 F1800 X20.4 Y42.391
G1 F600 X18.721 Y44.069 E2622.49967
G1 X18.651 Y44.139
G0 F1800 X17.905 Y44.32
G1 F600 X20.653 Y41.572 E2622.72587
G1 X20.723 Y41.502
G0 F1800 X20.702 Y40.957
G1 F600 X17.288 Y44.37 E2623.00685
G1 X17.218 Y44.44
G0 F1800 X16.77 Y44.323
G1 F600 X20.656 Y40.437 E2623.32673
G1 X20.726 Y40.367
G0 F1800 X20.549 Y39.978
G1 F600 X16.311 Y44.216 E2623.67558
G1 X16.241 Y44.286
G0 F1800 X15.905 Y44.056
G1 F600 X20.389 Y39.573 E2624.04464
G1 X20.459 Y39.503
G0 F1800 X20.19 Y39.206
G1 F600 X15.537 Y43.859 E2624.42765
G1 X15.467 Y43.929
G0 F1800 X15.205 Y43.625
G1 F600 X19.958 Y38.873 E2624.81885
G1 X20.028 Y38.803
G0 F1800 X19.69 Y38.575
G1 F600 X14.91 Y43.355 E2625.21231
G1 X14.84 Y43.425
G0 F1800 X14.649 Y43.05
G1 F600 X19.385 Y38.314 E2625.60215
G1 X19.455 Y38.244
G0 F1800 X19.047 Y38.086
G1 F600 X14.42 Y42.714 E2625.98306
G1 X14.35 Y42.784
G0 F1800 X14.228 Y42.34
G1 F600 X18.673 Y37.895 E2626.34895
G1 X18.743 Y37.825
G0 F1800 X18.258 Y37.743
G1 F600 X14.078 Y41.924 E2626.69307
G1 X14.008 Y41.994
G0 F1800 X13.983 Y41.454
G1 F600 X17.787 Y37.649 E2627.00623
G1 X17.857 Y37.579
G0 F1800 X17.253 Y37.618
G1 F600 X13.951 Y40.92 E2627.27804
G1 X13.881 Y40.99
G0 F1800 X14.021 Y40.283
G1 F600 X16.615 Y37.69 E2627.49152
G1 X16.685 Y37.62
G0 F1800 X15.722 Y38.017
G1 F600 X14.354 Y39.385 E2627.60413
G1 X14.284 Y39.455
G1 F1500 E2621.10413
G0 F1800 X15.022 Y35.059
G0 X15.396 Y33.808
G0 X10.984 Y31.613
G0 X8.284 Y30.33
G0 X6.673 Y30.341
G0 X6.661 Y37.572
G0 X7.966 Y37.572
G0 X9.565 Y38.622
;TYPE:FILL
G1 F1500 E2627.60413
G1 F1200 X8.085 Y40.102 E2627.72595
G1 X8.015 Y40.172
G0 F1800 X8.026 Y40.172
G0 X9.565 Y43.642
G1 F1200 X8.085 Y45.122 E2627.84778
G1 X8.015 Y45.192
G0 F1800 X8.026 Y45.192
G0 X9.565 Y48.663
G1 F1200 X8.085 Y50.143 E2627.9696
G1 X8.015 Y50.213
G0 F1800 X8.026 Y50.213
G0 X13.015 Y50.233
G1 F1200 X14.496 Y48.752 E2628.09151
G1 X14.566 Y48.682
G0 F1800 X14.566 Y48.694
G0 X18.036 Y50.233
G1 F1200 X19.516 Y48.752 E2628.21338
G1 X19.586 Y48.682
G0 F1800 X19.586 Y48.694
G0 X23.056 Y50.233
G1 F1200 X24.537 Y48.752 E2628.33529
G1 X24.607 Y48.682
G0 F1800 X24.607 Y48.694
G0 X28.077 Y50.233
G1 F1200 X29.557 Y48.752 E2628.45715
G1 X29.627 Y48.682
G0 F1800 X29.627 Y48.694
G0 X33.097 Y50.233
G1 F1200 X34.578 Y48.752 E2628.57906
G1 X34.648 Y48.682
G0 F1800 X34.648 Y48.694
G0 X38.118 Y50.233
G1 F1200 X39.598 Y48.752 E2628.70093
G1 X39.668 Y48.682
G0 F1800 X39.668 Y48.694
G0 X43.138 Y50.233
G1 F1200 X44.619 Y48.752 E2628.82284
G1 X44.689 Y48.682
G0 F1800 X45.085 Y48.286
G1 F1200 X46.565 Y46.806 E2628.94466
G1 X46.635 Y46.736
G0 F1800 X46.626 Y46.736
G0 X45.085 Y43.265
G1 F1200 X46.565 Y41.786 E2629.06645
G1 X46.635 Y41.716
G0 F1800 X46.626 Y41.716
G0 X45.085 Y38.245
G1 F1200 X46.565 Y36.766 E2629.18823
G1 X46.635 Y36.696
G0 F1800 X46.626 Y36.696
G0 X45.085 Y33.224
G1 F1200 X46.436 Y31.874 E2629.2994
G1 X46.506 Y31.804
G0 F1800 X44.954 Y48.622
G0 X9.698 Y48.622
G0 X9.565 Y33.601
G1 F1200 X8.085 Y35.081 E2629.42122
G1 X8.015 Y35.151
G0 F1800 X8.026 Y35.151
G0 X9.656 Y48.664
G0 X9.726 Y48.594
;TYPE:WALL-INNER
G1 F1200 X44.926 Y48.594 E2631.47005
G1 X44.926 Y32.411 E2632.41198
G1 X46.42 Y31.704 E2632.50819
G1 X46.653 Y31.594 E2632.52318
G1 X46.726 Y31.594 E2632.52743
G1 X46.726 Y31.852 E2632.53727
G1 X46.726 Y50.394 E2633.61652
G1 X7.926 Y50.394 E2635.87488
G1 X7.926 Y31.852 E2636.95412
G1 X7.926 Y31.594 E2636.96914
G1 X7.999 Y31.594 E2636.97339
G1 X8.232 Y31.704 E2636.9832
G1 X9.726 Y32.411 E2637.0794
G1 X9.726 Y48.594 E2638.02134
G0 F1800 X10.126 Y48.194
;TYPE:WALL-OUTER
G1 F600 X44.526 Y48.194 E2640.0236
G1 X44.526 Y32.157 E2640.95703
G1 X46.562 Y31.194 E2641.08813
G1 X47.126 Y31.194 E2641.12095
G1 X47.126 Y50.794 E2642.26178
G1 X7.526 Y50.794 E2644.5667
G1 X7.526 Y31.194 E2645.70753
G1 X8.09 Y31.194 E2645.74035
G1 X10.126 Y32.157 E2645.87145
G1 X10.126 Y48.194 E2646.80488
G0 F1800 X11.126 Y48.194
G0 X11.126 Y48.994
G0 X9.698 Y48.622
G0 X8.215 Y31.873
;TIME_ELAPSED:4189.655175
;LAYER:60
G0 X8.215 Y31.873 Z21.3
;TYPE:FILL
G1 F1200 X9.566 Y33.224 E2646.91609
G1 X9.636 Y33.294
G0 F1800 X9.626 Y33.294
G0 X8.085 Y36.764
G1 F1200 X9.566 Y38.245 E2647.038
G1 X9.636 Y38.315
G0 F1800 X9.626 Y38.315
G0 X8.085 Y41.785
G1 F1200 X9.566 Y43.265 E2647.15987
G1 X9.636 Y43.335
G0 F1800 X9.626 Y43.335
G0 X8.085 Y46.805
G1 F1200 X9.566 Y48.286 E2647.28177
G1 X9.636 Y48.356
G0 F1800 X10.033 Y48.753
G1 F1200 X11.513 Y50.232 E2647.40356
G1 X11.583 Y50.302
G0 F1800 X11.583 Y50.294
G0 X15.054 Y48.753
G1 F1200 X16.533 Y50.232 E2647.5253
G1 X16.603 Y50.302
G0 F1800 X16.603 Y50.294
G0 X20.074 Y48.753
G1 F1200 X21.554 Y50.232 E2647.64709
G1 X21.624 Y50.302
G0 F1800 X21.624 Y50.294
G0 X25.095 Y48.753
G1 F1200 X26.574 Y50.232 E2647.76883
G1 X26.644 Y50.302
G0 F1800 X26.644 Y50.294
G0 X30.115 Y48.753
G1 F1200 X31.594 Y50.232 E2647.89057
G1 X31.664 Y50.302
G0 F1800 X31.664 Y50.294
G0 X35.136 Y48.753
G1 F1200 X36.615 Y50.232 E2648.01232
G1 X36.685 Y50.302
G0 F1800 X36.685 Y50.294
G0 X40.156 Y48.753
G1 F1200 X41.635 Y50.232 E2648.13406
G1 X41.705 Y50.302
G0 F1800 X41.705 Y50.294
G0 X45.085 Y48.661
G1 F1200 X46.565 Y50.142 E2648.25593
G1 X46.635 Y50.212
G0 F1800 X46.626 Y50.212
G0 X46.565 Y45.121
G1 F1200 X45.085 Y43.641 E2648.37775
G1 X45.015 Y43.571
G0 F1800 X45.026 Y43.571
G0 X46.565 Y40.101
G1 F1200 X45.085 Y38.62 E2648.49962
G1 X45.015 Y38.55
G0 F1800 X45.026 Y38.55
G0 X46.565 Y35.08
G1 F1200 X45.085 Y33.6 E2648.62145
G1 X45.015 Y33.53
G0 F1800 X45.026 Y33.53
G0 X44.954 Y48.622
G0 X9.656 Y48.664
G0 X9.726 Y48.594
;TYPE:WALL-INNER
G1 F1200 X44.926 Y48.594 E2650.67027
G1 X44.926 Y32.411 E2651.61221
G1 X46.42 Y31.704 E2651.70841
G1 X46.653 Y31.594 E2651.72341
G1 X46.726 Y31.594 E2651.72766
G1 X46.726 Y31.852 E2651.7375
G1 X46.726 Y50.394 E2652.81674
G1 X7.926 Y50.394 E2655.0751
G1 X7.926 Y31.852 E2656.15434
G1 X7.926 Y31.594 E2656.16936
G1 X7.999 Y31.594 E2656.17361
G1 X8.232 Y31.704 E2656.18342
G1 X9.726 Y32.411 E2656.27962
G1 X9.726 Y48.594 E2657.22156
G0 F1800 X10.126 Y48.194
;TYPE:WALL-OUTER
G1 F600 X44.526 Y48.194 E2659.22382
G1 X44.526 Y32.157 E2660.15726
G1 X46.562 Y31.194 E2660.28835
G1 X47.126 Y31.194 E2660.32118
G1 X47.126 Y50.794 E2661.462
G1 X7.526 Y50.794 E2663.76693
G1 X7.526 Y31.194 E2664.90775
G1 X8.09 Y31.194 E2664.94058
G1 X10.126 Y32.157 E2665.07167
G1 X10.126 Y48.194 E2666.00511
G0 F1800 X11.126 Y48.194
G0 X11.126 Y48.994
G0 X9.698 Y48.622
G0 X9.565 Y33.601
;TIME_ELAPSED:4217.968248
;LAYER:61
G0 X9.565 Y33.601 Z21.65
;TYPE:FILL
G1 F1200 X8.085 Y35.081 E2666.12693
G1 X8.015 Y35.151
G0 F1800 X8.026 Y35.151
G0 X9.565 Y38.622
G1 F1200 X8.085 Y40.102 E2666.24876
G1 X8.015 Y40.172
G0 F1800 X8.026 Y40.172
G0 X9.565 Y43.642
G1 F1200 X8.085 Y45.122 E2666.37058
G1 X8.015 Y45.192
G0 F1800 X8.026 Y45.192
G0 X9.565 Y48.663
G1 F1200 X8.085 Y50.143 E2666.49241
G1 X8.015 Y50.213
G0 F1800 X8.026 Y50.213
G0 X13.015 Y50.233
G1 F1200 X14.496 Y48.752 E2666.61432
G1 X14.566 Y48.682
G0 F1800 X14.566 Y48.694
G0 X18.036 Y50.233
G1 F1200 X19.516 Y48.752 E2666.73619
G1 X19.586 Y48.682
G0 F1800 X19.586 Y48.694
G0 X23.056 Y50.233
G1 F1200 X24.537 Y48.752 E2666.85809
G1 X24.607 Y48.682
G0 F1800 X24.607 Y48.694
G0 X28.077 Y50.233
G1 F1200 X29.557 Y48.752 E2666.97996
G1 X29.627 Y48.682
G0 F1800 X29.627 Y48.694
G0 X33.097 Y50.233
G1 F1200 X34.578 Y48.752 E2667.10187
G1 X34.648 Y48.682
G0 F1800 X34.648 Y48.694
G0 X38.118 Y50.233
G1 F1200 X39.598 Y48.752 E2667.22373
G1 X39.668 Y48.682
G0 F1800 X39.668 Y48.694
G0 X43.138 Y50.233
G1 F1200 X44.619 Y48.752 E2667.34564
G1 X44.689 Y48.682
G0 F1800 X45.085 Y48.286
G1 F1200 X46.565 Y46.806 E2667.46747
G1 X46.635 Y46.736
G0 F1800 X46.626 Y46.736
G0 X45.085 Y43.265
G1 F1200 X46.565 Y41.786 E2667.58925
G1 X46.635 Y41.716
G0 F1800 X46.626 Y41.716
G0 X45.085 Y38.245
G1 F1200 X46.565 Y36.766 E2667.71104
G1 X46.635 Y36.696
G0 F1800 X46.626 Y36.696
G0 X45.085 Y33.224
G1 F1200 X46.436 Y31.874 E2667.8222
G1 X46.506 Y31.804
G0 F1800 X44.954 Y48.622
G0 X9.656 Y48.664
G0 X9.726 Y48.594
;TYPE:WALL-INNER
G1 F1200 X44.926 Y48.594 E2669.87103
G1 X44.926 Y32.411 E2670.81296
G1 X46.42 Y31.704 E2670.90917
G1 X46.653 Y31.594 E2670.92416
G1 X46.726 Y31.594 E2670.92841
G1 X46.726 Y31.852 E2670.93826
G1 X46.726 Y50.394 E2672.0175
G1 X7.926 Y50.394 E2674.27586
G1 X7.926 Y31.852 E2675.3551
G1 X7.926 Y31.594 E2675.37012
G1 X7.999 Y31.594 E2675.37437
G1 X8.232 Y31.704 E2675.38418
G1 X9.726 Y32.411 E2675.48038
G1 X9.726 Y48.594 E2676.42232
G0 F1800 X10.126 Y48.194
;TYPE:WALL-OUTER
G1 F600 X44.526 Y48.194 E2678.42458
G1 X44.526 Y32.157 E2679.35801
G1 X46.562 Y31.194 E2679.48911
G1 X47.126 Y31.194 E2679.52193
G1 X47.126 Y50.794 E2680.66276
G1 X7.526 Y50.794 E2682.96768
G1 X7.526 Y31.194 E2684.10851
G1 X8.09 Y31.194 E2684.14134
G1 X10.126 Y32.157 E2684.27243
G1 X10.126 Y48.194 E2685.20587
G0 F1800 X11.126 Y48.194
G0 X11.126 Y48.994
G0 X9.698 Y48.622
G0 X8.215 Y31.873
;TIME_ELAPSED:4246.398943
;LAYER:62
G0 X8.215 Y31.873 Z22
;TYPE:FILL
G1 F1200 X9.566 Y33.224 E2685.31707
G1 X9.636 Y33.294
G0 F1800 X9.626 Y33.294
G0 X8.085 Y36.764
G1 F1200 X9.566 Y38.245 E2685.43898
G1 X9.636 Y38.315
G0 F1800 X9.626 Y38.315
G0 X8.085 Y41.785
G1 F1200 X9.566 Y43.265 E2685.56085
G1 X9.636 Y43.335
G0 F1800 X9.626 Y43.335
G0 X8.085 Y46.805
G1 F1200 X9.566 Y48.286 E2685.68276
G1 X9.636 Y48.356
G0 F1800 X10.033 Y48.753
G1 F1200 X11.513 Y50.232 E2685.80454
G1 X11.583 Y50.302
G0 F1800 X11.583 Y50.294
G0 X15.054 Y48.753
G1 F1200 X16.533 Y50.232 E2685.92628
G1 X16.603 Y50.302
G0 F1800 X16.603 Y50.294
G0 X20.074 Y48.753
G1 F1200 X21.554 Y50.232 E2686.04807
G1 X21.624 Y50.302
G0 F1800 X21.624 Y50.294
G0 X25.095 Y48.753
G1 F1200 X26.574 Y50.232 E2686.16981
G1 X26.644 Y50.302
G0 F1800 X26.644 Y50.294
G0 X30.115 Y48.753
G1 F1200 X31.594 Y50.232 E2686.29155
G1 X31.664 Y50.302
G0 F1800 X31.664 Y50.294
G0 X35.136 Y48.753
G1 F1200 X36.615 Y50.232 E2686.4133
G1 X36.685 Y50.302
G0 F1800 X36.685 Y50.294
G0 X40.156 Y48.753
G1 F1200 X41.635 Y50.232 E2686.53504
G1 X41.705 Y50.302
G0 F1800 X41.705 Y50.294
G0 X45.085 Y48.661
G1 F1200 X46.565 Y50.142 E2686.65691
G1 X46.635 Y50.212
G0 F1800 X46.626 Y50.212
G0 X46.565 Y45.121
G1 F1200 X45.085 Y43.641 E2686.77873
G1 X45.015 Y43.571
G0 F1800 X45.026 Y43.571
G0 X46.565 Y40.101
G1 F1200 X45.085 Y38.62 E2686.9006
G1 X45.015 Y38.55
G0 F1800 X45.026 Y38.55
G0 X46.565 Y35.08
G1 F1200 X45.085 Y33.6 E2687.02243
G1 X45.015 Y33.53
G0 F1800 X45.026 Y33.53
G0 X44.954 Y48.622
G0 X9.656 Y48.664
G0 X9.726 Y48.594
;TYPE:WALL-INNER
G1 F1200 X44.926 Y48.594 E2689.07125
G1 X44.926 Y32.411 E2690.01319
G1 X46.42 Y31.704 E2690.10939
G1 X46.653 Y31.594 E2690.12439
G1 X46.726 Y31.594 E2690.12864
G1 X46.726 Y31.852 E2690.13848
G1 X46.726 Y50.394 E2691.21772
G1 X7.926 Y50.394 E2693.47608
G1 X7.926 Y31.852 E2694.55532
G1 X7.926 Y31.594 E2694.57034
G1 X7.999 Y31.594 E2694.57459
G1 X8.232 Y31.704 E2694.5844
G1 X9.726 Y32.411 E2694.6806
G1 X9.726 Y48.594 E2695.62254
G0 F1800 X10.126 Y48.194
;TYPE:WALL-OUTER
G1 F600 X44.526 Y48.194 E2697.6248
G1 X44.526 Y32.157 E2698.55824
G1 X46.562 Y31.194 E2698.68933
G1 X47.126 Y31.194 E2698.72216
G1 X47.126 Y50.794 E2699.86298
G1 X7.526 Y50.794 E2702.16791
G1 X7.526 Y31.194 E2703.30873
G1 X8.09 Y31.194 E2703.34156
G1 X10.126 Y32.157 E2703.47265
G1 X10.126 Y48.194 E2704.40609
G0 F1800 X11.126 Y48.194
G0 X11.126 Y48.994
G0 X9.698 Y48.622
G0 X9.626 Y33.401
G0 X9.765 Y33.401
;TIME_ELAPSED:4274.725254
;LAYER:63
G0 X9.765 Y33.401 Z22.35
;TYPE:FILL
G1 F1200 X8.086 Y35.08 E2704.5443
G1 X8.016 Y35.15
G0 F1800 X8.026 Y35.15
G0 X11.385 Y36.802
G1 F1200 X13.925 Y34.262 E2704.75337
G1 X13.995 Y34.192
G0 F1800 X13.984 Y34.221
G0 X15.354 Y37.853
G1 F1200 X17.836 Y35.372 E2704.95764
G1 X17.906 Y35.302
G0 F1800 X17.899 Y35.327
G0 X19.902 Y38.326
G1 F1200 X22.092 Y36.135 E2705.13795
G1 X22.162 Y36.065
G0 F1800 X22.159 Y36.086
G0 X26.773 Y36.475
G1 F1200 X20.683 Y42.565 E2705.63924
G1 X20.613 Y42.635
G0 F1800 X20.008 Y43.362
G0 X18.898 Y44.35
G1 F1200 X16.815 Y46.433 E2705.81071
G1 X16.745 Y46.503
G0 F1800 X14.695 Y48.553
G1 F1200 X13.015 Y50.233 E2705.94899
G1 X12.945 Y50.303
G0 F1800 X12.945 Y50.294
G0 X9.765 Y48.462
G1 F1200 X8.086 Y50.142 E2706.08724
G1 X8.016 Y50.212
G0 F1800 X8.026 Y50.212
G0 X8.086 Y45.121
G1 F1200 X9.765 Y43.442 E2706.22545
G1 X9.835 Y43.372
G0 F1800 X11.385 Y41.822
G1 F1200 X14.188 Y39.02 E2706.45613
G1 X14.258 Y38.95
G0 F1800 X9.765 Y38.422
G1 F1200 X8.086 Y40.101 E2706.59434
G1 X8.016 Y40.171
G0 F1800 X8.026 Y40.171
G0 X11.795 Y46.433
G1 F1200 X14.659 Y43.569 E2706.83009
G1 X14.729 Y43.499
G0 F1800 X14.699 Y43.526
G0 X19.716 Y48.553
G1 F1200 X18.036 Y50.233 E2706.96838
G1 X17.966 Y50.303
G0 F1800 X17.966 Y50.294
G0 X23.056 Y50.233
G1 F1200 X24.736 Y48.553 E2707.10667
G1 X24.806 Y48.483
G0 F1800 X26.856 Y46.433
G1 F1200 X34.066 Y39.223 E2707.70016
G1 X34.136 Y39.153
G0 F1800 X35.558 Y37.731
G1 F1200 X38.285 Y35.004 E2707.92463
G1 X38.355 Y34.934
G0 F1800 X39.943 Y38.366
G1 F1200 X43.265 Y35.045 E2708.19804
G1 X43.335 Y34.975
G0 F1800 X44.886 Y33.424
G1 F1200 X46.439 Y31.871 E2708.32587
G1 X46.509 Y31.801
G0 F1800 X46.565 Y36.766
G1 F1200 X44.886 Y38.444 E2708.46404
G1 X44.816 Y38.514
G0 F1800 X43.265 Y40.066
G1 F1200 X40.609 Y42.721 E2708.68262
G1 X40.539 Y42.791
G0 F1800 X40.158 Y43.211
G0 X39.054 Y44.276
G1 F1200 X36.897 Y46.433 E2708.86017
G1 X36.827 Y46.503
G0 F1800 X34.777 Y48.553
G1 F1200 X33.097 Y50.233 E2708.99846
G1 X33.027 Y50.303
G0 F1800 X33.027 Y50.294
G0 X29.757 Y48.553
G1 F1200 X28.077 Y50.233 E2709.13675
G1 X28.007 Y50.303
G0 F1800 X28.007 Y50.294
G0 X31.877 Y46.433
G1 F1200 X34.698 Y43.612 E2709.36896
G1 X34.768 Y43.542
G0 F1800 X34.738 Y43.569
G0 X39.798 Y48.553
G1 F1200 X38.118 Y50.233 E2709.50725
G1 X38.048 Y50.303
G0 F1800 X38.048 Y50.294
G0 X43.138 Y50.233
G1 F1200 X44.818 Y48.553 E2709.64554
G1 X44.888 Y48.483
G0 F1800 X44.886 Y48.485
G1 F1200 X46.565 Y46.806 E2709.78375
G1 X46.635 Y46.736
G0 F1800 X46.626 Y46.736
G0 X43.265 Y45.086
G1 F1200 X41.917 Y46.433 E2709.89466
G1 X41.847 Y46.503
G0 F1800 X44.886 Y43.465
G1 F1200 X46.565 Y41.786 E2710.03287
G1 X46.635 Y41.716
G0 F1800 X46.626 Y41.716
G0 X38.7 Y37.678
G0 X38.122 Y37.534
G0 X32.059 Y36.21
G1 F1200 X21.836 Y46.433 E2710.87437
G1 X21.766 Y46.503
G0 F1800 X20.762 Y39.953
G0 X20.312 Y39
G0 X19.604 Y38.219
G0 X18.7 Y37.678
G0 X17.873 Y37.471
G0 X16.968 Y37.361
G0 X16.977 Y37.46
;TYPE:WALL-INNER
G1 F1200 X16.634 Y37.512 E2710.89457
G1 X16.296 Y37.596 E2710.91484
G1 X15.967 Y37.714 E2710.93518
G1 X15.653 Y37.862 E2710.95539
G1 X15.353 Y38.042 E2710.97575
G1 X15.074 Y38.249 E2710.99597
G1 X14.815 Y38.483 E2711.01629
G1 X14.581 Y38.742 E2711.0366
G1 X14.373 Y39.022 E2711.05691
G1 X14.195 Y39.322 E2711.07721
G1 X14.046 Y39.634 E2711.09733
G1 X13.928 Y39.964 E2711.11773
G1 X13.844 Y40.302 E2711.138
G1 X13.792 Y40.645 E2711.1582
G1 X13.776 Y40.994 E2711.17853
G1 X13.792 Y41.343 E2711.19887
G1 X13.844 Y41.687 E2711.21912
G1 X13.928 Y42.024 E2711.23933
G1 X14.046 Y42.354 E2711.25973
G1 X14.195 Y42.667 E2711.27991
G1 X14.373 Y42.966 E2711.30016
G1 X14.581 Y43.247 E2711.32051
G1 X14.815 Y43.505 E2711.34078
G1 X15.074 Y43.74 E2711.36114
G1 X15.354 Y43.947 E2711.38141
G1 X15.653 Y44.126 E2711.40169
G1 X15.967 Y44.275 E2711.42192
G1 X16.297 Y44.393 E2711.44232
G1 X16.634 Y44.476 E2711.46252
G1 X16.977 Y44.528 E2711.48271
G1 X17.326 Y44.544 E2711.50305
G1 X17.675 Y44.528 E2711.52338
G1 X18.019 Y44.476 E2711.54363
G1 X18.357 Y44.392 E2711.56391
G1 X18.685 Y44.275 E2711.58418
G1 X19.001 Y44.126 E2711.60451
G1 X19.299 Y43.947 E2711.62474
G1 X19.579 Y43.74 E2711.64501
G1 X19.837 Y43.505 E2711.66532
G1 X20.072 Y43.247 E2711.68564
G1 X20.279 Y42.967 E2711.7059
G1 X20.458 Y42.669 E2711.72614
G1 X20.607 Y42.352 E2711.74653
G1 X20.724 Y42.024 E2711.7668
G1 X20.809 Y41.687 E2711.78702
G1 X20.86 Y41.341 E2711.80738
G1 X20.876 Y40.994 E2711.8276
G1 X20.86 Y40.647 E2711.84782
G1 X20.809 Y40.302 E2711.86812
G1 X20.724 Y39.964 E2711.8884
G1 X20.607 Y39.635 E2711.90873
G1 X20.458 Y39.321 E2711.92896
G1 X20.279 Y39.022 E2711.94924
G1 X20.072 Y38.742 E2711.96951
G1 X19.837 Y38.483 E2711.98986
G1 X19.579 Y38.249 E2712.01014
G1 X19.299 Y38.042 E2712.03041
G1 X19 Y37.862 E2712.05072
G1 X18.685 Y37.714 E2712.07098
G1 X18.357 Y37.596 E2712.09127
G1 X18.019 Y37.512 E2712.11154
G1 X17.675 Y37.46 E2712.13179
G1 X17.326 Y37.444 E2712.15212
G1 X16.977 Y37.46 E2712.17246
G0 F1800 X16.968 Y37.361
G0 X23.215 Y36.243
G0 X23.224 Y36.144
G1 F1200 X27.326 Y36.344 E2712.4115
G1 X31.428 Y36.144 E2712.65054
G1 X35.491 Y35.541 E2712.88962
G1 X39.474 Y34.543 E2713.12862
G1 X43.342 Y33.159 E2713.36773
G1 X46.42 Y31.704 E2713.5659
G1 X46.653 Y31.594 E2713.58089
G1 X46.726 Y31.594 E2713.58514
G1 X46.726 Y31.852 E2713.59499
G1 X46.726 Y50.394 E2714.67423
G1 X7.926 Y50.394 E2716.93259
G1 X7.926 Y31.851 E2718.01189
G1 X7.926 Y31.594 E2718.02685
G1 X8 Y31.594 E2718.03116
G1 X8.232 Y31.703 E2718.04093
G1 X11.311 Y33.159 E2718.23918
G1 X15.178 Y34.543 E2718.47824
G1 X19.162 Y35.541 E2718.71729
G1 X23.224 Y36.144 E2718.95631
G0 F1800 X23.215 Y36.243
G0 X36.968 Y37.361
G0 X36.977 Y37.46
G1 F1200 X36.634 Y37.512 E2718.9765
G1 X36.296 Y37.596 E2718.99678
G1 X35.967 Y37.714 E2719.01712
G1 X35.653 Y37.862 E2719.03732
G1 X35.353 Y38.042 E2719.05769
G1 X35.074 Y38.249 E2719.07791
G1 X34.815 Y38.483 E2719.09823
G1 X34.581 Y38.742 E2719.11854
G1 X34.373 Y39.022 E2719.13884
G1 X34.195 Y39.322 E2719.15915
G1 X34.046 Y39.634 E2719.17927
G1 X33.928 Y39.964 E2719.19967
G1 X33.844 Y40.302 E2719.21994
G1 X33.792 Y40.645 E2719.24014
G1 X33.776 Y40.994 E2719.26047
G1 X33.792 Y41.343 E2719.28081
G1 X33.844 Y41.687 E2719.30106
G1 X33.928 Y42.024 E2719.32127
G1 X34.046 Y42.354 E2719.34167
G1 X34.195 Y42.667 E2719.36185
G1 X34.373 Y42.966 E2719.3821
G1 X34.581 Y43.247 E2719.40245
G1 X34.815 Y43.505 E2719.42272
G1 X35.074 Y43.74 E2719.44308
G1 X35.354 Y43.947 E2719.46335
G1 X35.653 Y44.126 E2719.48363
G1 X35.967 Y44.275 E2719.50386
G1 X36.297 Y44.393 E2719.52426
G1 X36.634 Y44.476 E2719.54446
G1 X36.977 Y44.528 E2719.56465
G1 X37.326 Y44.544 E2719.58499
G1 X37.675 Y44.528 E2719.60532
G1 X38.019 Y44.476 E2719.62557
G1 X38.357 Y44.392 E2719.64584
G1 X38.685 Y44.275 E2719.66611
G1 X39.001 Y44.126 E2719.68645
G1 X39.299 Y43.947 E2719.70668
G1 X39.579 Y43.74 E2719.72695
G1 X39.837 Y43.505 E2719.74726
G1 X40.072 Y43.247 E2719.76758
G1 X40.279 Y42.967 E2719.78784
G1 X40.458 Y42.669 E2719.80808
G1 X40.607 Y42.352 E2719.82846
G1 X40.724 Y42.024 E2719.84873
G1 X40.809 Y41.687 E2719.86896
G1 X40.86 Y41.341 E2719.88932
G1 X40.876 Y40.994 E2719.90954
G1 X40.86 Y40.647 E2719.92976
G1 X40.809 Y40.302 E2719.95006
G1 X40.724 Y39.964 E2719.97034
G1 X40.607 Y39.635 E2719.99067
G1 X40.458 Y39.321 E2720.0109
G1 X40.279 Y39.022 E2720.03118
G1 X40.072 Y38.742 E2720.05145
G1 X39.837 Y38.483 E2720.0718
G1 X39.579 Y38.249 E2720.09208
G1 X39.299 Y38.042 E2720.11234
G1 X39 Y37.862 E2720.13266
G1 X38.685 Y37.714 E2720.15292
G1 X38.357 Y37.596 E2720.1732
G1 X38.019 Y37.512 E2720.19348
G1 X37.675 Y37.46 E2720.21373
G1 X37.326 Y37.444 E2720.23406
G1 X36.977 Y37.46 E2720.2544
G0 F1800 X36.968 Y37.361
G0 X35.952 Y37.678
G0 X35.441 Y37.983
G0 X34.728 Y38.43
G0 X35.098 Y38.766
;TYPE:WALL-OUTER
G1 F600 X34.891 Y38.996 E2720.27241
G1 X34.706 Y39.244 E2720.29042
G1 X34.548 Y39.51 E2720.30842
G1 X34.416 Y39.788 E2720.32634
G1 X34.311 Y40.08 E2720.3444
G1 X34.237 Y40.38 E2720.36238
G1 X34.191 Y40.685 E2720.38034
G1 X34.176 Y40.994 E2720.39834
G1 X34.191 Y41.303 E2720.41635
G1 X34.237 Y41.609 E2720.43436
G1 X34.311 Y41.908 E2720.45229
G1 X34.416 Y42.2 E2720.47035
G1 X34.548 Y42.479 E2720.48832
G1 X34.706 Y42.744 E2720.50627
G1 X34.891 Y42.993 E2720.52433
G1 X35.098 Y43.222 E2720.5423
G1 X35.328 Y43.43 E2720.56035
G1 X35.576 Y43.614 E2720.57832
G1 X35.842 Y43.773 E2720.59636
G1 X36.12 Y43.905 E2720.61427
G1 X36.412 Y44.009 E2720.63231
G1 X36.712 Y44.083 E2720.6503
G1 X37.017 Y44.129 E2720.66825
G1 X37.326 Y44.144 E2720.68626
G1 X37.635 Y44.129 E2720.70426
G1 X37.941 Y44.083 E2720.72227
G1 X38.241 Y44.009 E2720.74026
G1 X38.532 Y43.905 E2720.75825
G1 X38.812 Y43.773 E2720.77626
G1 X39.076 Y43.614 E2720.7942
G1 X39.325 Y43.43 E2720.81222
G1 X39.554 Y43.222 E2720.83023
G1 X39.762 Y42.993 E2720.84824
G1 X39.946 Y42.744 E2720.86626
G1 X40.105 Y42.48 E2720.88419
G1 X40.237 Y42.199 E2720.90226
G1 X40.341 Y41.908 E2720.92025
G1 X40.416 Y41.609 E2720.93819
G1 X40.461 Y41.302 E2720.95625
G1 X40.476 Y40.994 E2720.9742
G1 X40.461 Y40.686 E2720.99215
G1 X40.416 Y40.38 E2721.01015
G1 X40.341 Y40.08 E2721.02815
G1 X40.237 Y39.788 E2721.04619
G1 X40.105 Y39.51 E2721.06411
G1 X39.946 Y39.244 E2721.08214
G1 X39.762 Y38.996 E2721.10012
G1 X39.554 Y38.766 E2721.11817
G1 X39.325 Y38.559 E2721.13613
G1 X39.076 Y38.375 E2721.15416
G1 X38.811 Y38.215 E2721.17217
G1 X38.532 Y38.084 E2721.19011
G1 X38.241 Y37.979 E2721.20812
G1 X37.941 Y37.905 E2721.22611
G1 X37.635 Y37.859 E2721.24412
G1 X37.326 Y37.844 E2721.26212
G1 X37.017 Y37.859 E2721.28013
G1 X36.712 Y37.905 E2721.29808
G1 X36.412 Y37.979 E2721.31607
G1 X36.12 Y38.084 E2721.33413
G1 X35.842 Y38.215 E2721.35202
G1 X35.576 Y38.375 E2721.37008
G1 X35.328 Y38.559 E2721.38806
G1 X35.098 Y38.766 E2721.40607
G0 F1800 X34.891 Y38.996
G0 X34.706 Y39.244
G0 X34.548 Y39.51
G0 X34.517 Y39.576
G0 X34.067 Y39.36
G0 X17.326 Y37.404
G0 X16.285 Y37.558
G0 X15.513 Y37.922
G0 X14.728 Y38.43
G0 X15.098 Y38.766
G1 F600 X14.891 Y38.996 E2721.42408
G1 X14.706 Y39.244 E2721.44209
G1 X14.548 Y39.51 E2721.4601
G1 X14.416 Y39.788 E2721.47801
G1 X14.311 Y40.08 E2721.49607
G1 X14.237 Y40.38 E2721.51405
G1 X14.191 Y40.685 E2721.53201
G1 X14.176 Y40.994 E2721.55001
G1 X14.191 Y41.303 E2721.56802
G1 X14.237 Y41.609 E2721.58603
G1 X14.311 Y41.908 E2721.60396
G1 X14.416 Y42.2 E2721.62202
G1 X14.548 Y42.479 E2721.63999
G1 X14.706 Y42.744 E2721.65795
G1 X14.891 Y42.993 E2721.676
G1 X15.098 Y43.222 E2721.69397
G1 X15.328 Y43.43 E2721.71202
G1 X15.576 Y43.614 E2721.72999
G1 X15.842 Y43.773 E2721.74803
G1 X16.12 Y43.905 E2721.76594
G1 X16.412 Y44.009 E2721.78398
G1 X16.712 Y44.083 E2721.80197
G1 X17.017 Y44.129 E2721.81992
G1 X17.326 Y44.144 E2721.83793
G1 X17.635 Y44.129 E2721.85594
G1 X17.941 Y44.083 E2721.87395
G1 X18.241 Y44.009 E2721.89193
G1 X18.532 Y43.905 E2721.90992
G1 X18.812 Y43.773 E2721.92794
G1 X19.076 Y43.614 E2721.94587
G1 X19.325 Y43.43 E2721.96389
G1 X19.554 Y43.222 E2721.9819
G1 X19.762 Y42.993 E2721.99991
G1 X19.946 Y42.744 E2722.01793
G1 X20.105 Y42.48 E2722.03587
G1 X20.237 Y42.199 E2722.05394
G1 X20.341 Y41.908 E2722.07192
G1 X20.416 Y41.609 E2722.08987
G1 X20.461 Y41.302 E2722.10793
G1 X20.476 Y40.994 E2722.12587
G1 X20.461 Y40.686 E2722.14382
G1 X20.416 Y40.38 E2722.16182
G1 X20.341 Y40.08 E2722.17982
G1 X20.237 Y39.788 E2722.19787
G1 X20.105 Y39.51 E2722.21578
G1 X19.946 Y39.244 E2722.23382
G1 X19.762 Y38.996 E2722.25179
G1 X19.554 Y38.766 E2722.26984
G1 X19.325 Y38.559 E2722.28781
G1 X19.076 Y38.375 E2722.30583
G1 X18.811 Y38.215 E2722.32385
G1 X18.532 Y38.084 E2722.34179
G1 X18.241 Y37.979 E2722.35979
G1 X17.941 Y37.905 E2722.37778
G1 X17.635 Y37.859 E2722.39579
G1 X17.326 Y37.844 E2722.41379
G1 X17.017 Y37.859 E2722.4318
G1 X16.712 Y37.905 E2722.44975
G1 X16.412 Y37.979 E2722.46774
G1 X16.12 Y38.084 E2722.4858
G1 X15.842 Y38.215 E2722.50369
G1 X15.576 Y38.375 E2722.52176
G1 X15.328 Y38.559 E2722.53973
G1 X15.098 Y38.766 E2722.55774
G0 F1800 X14.891 Y38.996
G0 X14.706 Y39.244
G0 X14.548 Y39.51
G0 X14.517 Y39.576
G0 X14.067 Y39.36
G0 X15.172 Y34.644
G0 X15.294 Y34.16
G1 F600 X19.24 Y35.148 E2722.79451
G1 X23.263 Y35.745 E2723.03123
G1 X27.326 Y35.944 E2723.268
G1 X31.389 Y35.745 E2723.50478
G1 X35.413 Y35.148 E2723.74156
G1 X39.358 Y34.16 E2723.97827
G1 X43.189 Y32.789 E2724.2151
G1 X46.562 Y31.194 E2724.43227
G1 X47.126 Y31.194 E2724.4651
G1 X47.126 Y50.794 E2725.60592
G1 X7.526 Y50.794 E2727.91085
G1 X7.526 Y31.194 E2729.05167
G1 X8.091 Y31.194 E2729.08456
G1 X11.464 Y32.789 E2729.30173
G1 X15.294 Y34.16 E2729.53851
G0 F1800 X16.264 Y34.402
G0 X16.142 Y34.887
G0 X11.436 Y33.618
;TYPE:SKIN
G1 F600 X11.436 Y46.384 E2730.28155
G1 X43.216 Y46.384 E2732.13132
G1 X43.216 Y33.619 E2732.87431
G1 X43.492 Y33.52 E2732.89137
G1 X44.936 Y32.837 E2732.98435
G1 X44.936 Y48.604 E2733.90207
G1 X9.716 Y48.604 E2735.95206
G1 X9.716 Y32.837 E2736.86978
G1 X11.161 Y33.52 E2736.96281
G1 X11.436 Y33.618 E2736.9798
G0 F1800 X10.264 Y33.293
G1 F600 X9.895 Y33.661 E2737.01013
G0 F1800 X9.895 Y34.227
G1 F600 X10.648 Y33.475 E2737.07208
G1 X10.718 Y33.405
G0 F1800 X11.032 Y33.656
G1 F600 X9.895 Y34.793 E2737.16567
G1 X9.825 Y34.863
G0 F1800 X9.895 Y35.358
G1 F600 X11.255 Y33.999 E2737.27758
G1 X11.325 Y33.929
G0 F1800 X11.255 Y34.564
G1 F600 X9.895 Y35.924 E2737.38952
G1 X9.825 Y35.994
G0 F1800 X9.895 Y36.49
G1 F600 X11.255 Y35.13 E2737.50147
G1 X11.325 Y35.06
G0 F1800 X11.255 Y35.696
G1 F600 X9.895 Y37.055 E2737.61338
G1 X9.825 Y37.125
G0 F1800 X9.895 Y37.621
G1 F600 X11.255 Y36.261 E2737.72533
G1 X11.325 Y36.191
G0 F1800 X11.255 Y36.827
G1 F600 X9.895 Y38.187 E2737.83727
G1 X9.825 Y38.257
G0 F1800 X9.895 Y38.752
G1 F600 X11.255 Y37.393 E2737.94918
G1 X11.325 Y37.323
G0 F1800 X11.255 Y37.958
G1 F600 X9.895 Y39.318 E2738.06113
G1 X9.825 Y39.388
G0 F1800 X9.895 Y39.884
G1 F600 X11.255 Y38.524 E2738.17308
G1 X11.325 Y38.454
G0 F1800 X11.255 Y39.09
G1 F600 X9.895 Y40.45 E2738.28502
G1 X9.825 Y40.52
G0 F1800 X9.895 Y41.015
G1 F600 X11.255 Y39.655 E2738.39697
G1 X11.325 Y39.585
G0 F1800 X11.255 Y40.221
G1 F600 X9.895 Y41.581 E2738.50892
G1 X9.825 Y41.651
G0 F1800 X9.895 Y42.147
G1 F600 X11.255 Y40.787 E2738.62087
G1 X11.325 Y40.717
G0 F1800 X11.255 Y41.353
G1 F600 X9.895 Y42.712 E2738.73277
G1 X9.825 Y42.782
G0 F1800 X9.895 Y43.278
G1 F600 X11.255 Y41.918 E2738.84472
G1 X11.325 Y41.848
G0 F1800 X11.255 Y42.484
G1 F600 X9.895 Y43.844 E2738.95667
G1 X9.825 Y43.914
G0 F1800 X9.895 Y44.409
G1 F600 X11.255 Y43.05 E2739.06858
G1 X11.325 Y42.98
G0 F1800 X11.255 Y43.615
G1 F600 X9.895 Y44.975 E2739.18052
G1 X9.825 Y45.045
G0 F1800 X9.895 Y45.541
G1 F600 X11.255 Y44.181 E2739.29247
G1 X11.325 Y44.111
G0 F1800 X11.255 Y44.747
G1 F600 X9.895 Y46.106 E2739.40438
G1 X9.825 Y46.176
G0 F1800 X9.895 Y46.672
G1 F600 X11.255 Y45.312 E2739.51633
G1 X11.325 Y45.242
G0 F1800 X11.255 Y45.878
G1 F600 X9.895 Y47.238 E2739.62828
G1 X9.825 Y47.308
G0 F1800 X9.895 Y47.803
G1 F600 X11.255 Y46.444 E2739.74018
G1 X11.325 Y46.374
G0 F1800 X11.702 Y46.562
G1 F600 X9.895 Y48.369 E2739.88892
G1 X9.825 Y48.439
G0 F1800 X10.407 Y48.423
G1 F600 X12.268 Y46.562 E2740.04211
G1 X12.338 Y46.492
G0 F1800 X12.833 Y46.562
G1 F600 X10.973 Y48.423 E2740.19526
G1 X10.903 Y48.493
G0 F1800 X11.539 Y48.423
G1 F600 X13.399 Y46.562 E2740.34841
G1 X13.469 Y46.492
G0 F1800 X13.965 Y46.562
G1 F600 X12.104 Y48.423 E2740.50159
G1 X12.034 Y48.493
G0 F1800 X12.67 Y48.423
G1 F600 X14.531 Y46.562 E2740.65478
G1 X14.601 Y46.492
G0 F1800 X15.096 Y46.562
G1 F600 X13.236 Y48.423 E2740.80793
G1 X13.166 Y48.493
G0 F1800 X13.802 Y48.423
G1 F600 X15.662 Y46.562 E2740.96107
G1 X15.732 Y46.492
G0 F1800 X16.228 Y46.562
G1 F600 X14.367 Y48.423 E2741.11426
G1 X14.297 Y48.493
G0 F1800 X14.933 Y48.423
G1 F600 X16.793 Y46.562 E2741.26741
G1 X16.863 Y46.492
G0 F1800 X17.359 Y46.562
G1 F600 X15.499 Y48.423 E2741.42055
G1 X15.429 Y48.493
G0 F1800 X16.064 Y48.423
G1 F600 X17.925 Y46.562 E2741.57374
G1 X17.995 Y46.492
G0 F1800 X18.49 Y46.562
G1 F600 X16.63 Y48.423 E2741.72689
G1 X16.56 Y48.493
G0 F1800 X17.196 Y48.423
G1 F600 X19.056 Y46.562 E2741.88003
G1 X19.126 Y46.492
G0 F1800 X19.622 Y46.562
G1 F600 X17.761 Y48.423 E2742.03322
G1 X17.691 Y48.493
G0 F1800 X18.327 Y48.423
G1 F600 X20.187 Y46.562 E2742.18637
G1 X20.257 Y46.492
G0 F1800 X20.753 Y46.562
G1 F600 X18.893 Y48.423 E2742.33951
G1 X18.823 Y48.493
G0 F1800 X19.458 Y48.423
G1 F600 X21.319 Y46.562 E2742.4927
G1 X21.389 Y46.492
G0 F1800 X21.884 Y46.562
G1 F600 X20.024 Y48.423 E2742.64585
G1 X19.954 Y48.493
G0 F1800 X20.59 Y48.423
G1 F600 X22.45 Y46.562 E2742.79899
G1 X22.52 Y46.492
G0 F1800 X23.016 Y46.562
G1 F600 X21.155 Y48.423 E2742.95218
G1 X21.085 Y48.493
G0 F1800 X21.721 Y48.423
G1 F600 X23.582 Y46.562 E2743.10537
G1 X23.652 Y46.492
G0 F1800 X24.147 Y46.562
G1 F600 X22.287 Y48.423 E2743.25852
G1 X22.217 Y48.493
G0 F1800 X22.852 Y48.423
G1 F600 X24.713 Y46.562 E2743.4117
G1 X24.783 Y46.492
G0 F1800 X25.279 Y46.562
G1 F600 X23.418 Y48.423 E2743.56489
G1 X23.348 Y48.493
G0 F1800 X23.984 Y48.423
G1 F600 X25.844 Y46.562 E2743.71804
G1 X25.914 Y46.492
G0 F1800 X26.41 Y46.562
G1 F600 X24.55 Y48.423 E2743.87118
G1 X24.48 Y48.493
G0 F1800 X25.115 Y48.423
G1 F600 X26.976 Y46.562 E2744.02437
G1 X27.046 Y46.492
G0 F1800 X27.541 Y46.562
G1 F600 X25.681 Y48.423 E2744.17752
G1 X25.611 Y48.493
G0 F1800 X26.247 Y48.423
G1 F600 X28.107 Y46.562 E2744.33066
G1 X28.177 Y46.492
G0 F1800 X28.673 Y46.562
G1 F600 X26.812 Y48.423 E2744.48385
G1 X26.742 Y48.493
G0 F1800 X27.378 Y48.423
G1 F600 X29.238 Y46.562 E2744.637
G1 X29.308 Y46.492
G0 F1800 X29.804 Y46.562
G1 F600 X27.944 Y48.423 E2744.79014
G1 X27.874 Y48.493
G0 F1800 X28.509 Y48.423
G1 F600 X30.37 Y46.562 E2744.94333
G1 X30.44 Y46.492
G0 F1800 X30.935 Y46.562
G1 F600 X29.075 Y48.423 E2745.09648
G1 X29.005 Y48.493
G0 F1800 X29.641 Y48.423
G1 F600 X31.501 Y46.562 E2745.24962
G1 X31.571 Y46.492
G0 F1800 X32.067 Y46.562
G1 F600 X30.206 Y48.423 E2745.40281
G1 X30.136 Y48.493
G0 F1800 X30.772 Y48.423
G1 F600 X32.632 Y46.562 E2745.55596
G1 X32.702 Y46.492
G0 F1800 X33.198 Y46.562
G1 F600 X31.338 Y48.423 E2745.7091
G1 X31.268 Y48.493
G0 F1800 X31.903 Y48.423
G1 F600 X33.764 Y46.562 E2745.86229
G1 X33.834 Y46.492
G0 F1800 X34.33 Y46.562
G1 F600 X32.469 Y48.423 E2746.01548
G1 X32.399 Y48.493
G0 F1800 X33.035 Y48.423
G1 F600 X34.895 Y46.562 E2746.16863
G1 X34.965 Y46.492
G0 F1800 X35.461 Y46.562
G1 F600 X33.601 Y48.423 E2746.32177
G1 X33.531 Y48.493
G0 F1800 X34.166 Y48.423
G1 F600 X36.027 Y46.562 E2746.47496
G1 X36.097 Y46.492
G0 F1800 X36.592 Y46.562
G1 F600 X34.732 Y48.423 E2746.62811
G1 X34.662 Y48.493
G0 F1800 X35.298 Y48.423
G1 F600 X37.158 Y46.562 E2746.78125
G1 X37.228 Y46.492
G0 F1800 X37.724 Y46.562
G1 F600 X35.863 Y48.423 E2746.93444
G1 X35.793 Y48.493
G0 F1800 X36.429 Y48.423
G1 F600 X38.289 Y46.562 E2747.08759
G1 X38.359 Y46.492
G0 F1800 X38.855 Y46.562
G1 F600 X36.995 Y48.423 E2747.24073
G1 X36.925 Y48.493
G0 F1800 X37.56 Y48.423
G1 F600 X39.421 Y46.562 E2747.39392
G1 X39.491 Y46.492
G0 F1800 X39.986 Y46.562
G1 F600 X38.126 Y48.423 E2747.54707
G1 X38.056 Y48.493
G0 F1800 X38.692 Y48.423
G1 F600 X40.552 Y46.562 E2747.70021
G1 X40.622 Y46.492
G0 F1800 X41.118 Y46.562
G1 F600 X39.257 Y48.423 E2747.8534
G1 X39.187 Y48.493
G0 F1800 X39.823 Y48.423
G1 F600 X41.683 Y46.562 E2748.00655
G1 X41.753 Y46.492
G0 F1800 X42.249 Y46.562
G1 F600 X40.389 Y48.423 E2748.15969
G1 X40.319 Y48.493
G0 F1800 X40.954 Y48.423
G1 F600 X42.815 Y46.562 E2748.31288
G1 X42.885 Y46.492
G0 F1800 X43.381 Y46.562
G1 F600 X41.52 Y48.423 E2748.46607
G1 X41.45 Y48.493
G0 F1800 X42.086 Y48.423
G1 F600 X44.755 Y45.754 E2748.68577
G1 X44.825 Y45.684
G0 F1800 X44.755 Y46.319
G1 F600 X42.651 Y48.423 E2748.85896
G1 X42.581 Y48.493
G0 F1800 X43.217 Y48.423
G1 F600 X44.755 Y46.885 E2748.98556
G1 X44.825 Y46.815
G0 F1800 X44.755 Y47.451
G1 F600 X43.783 Y48.423 E2749.06557
G1 X43.713 Y48.493
G0 F1800 X44.349 Y48.423
G1 F600 X44.755 Y48.016 E2749.09903
G0 F1800 X43.395 Y46.548
G1 F600 X44.755 Y45.188 E2749.21098
G1 X44.825 Y45.118
G0 F1800 X44.755 Y44.622
G1 F600 X43.395 Y45.982 E2749.32292
G1 X43.325 Y46.052
G0 F1800 X43.395 Y45.416
G1 F600 X44.755 Y44.056 E2749.43487
G1 X44.825 Y43.986
G0 F1800 X44.755 Y43.491
G1 F600 X43.395 Y44.851 E2749.54682
G1 X43.325 Y44.921
G0 F1800 X43.395 Y44.285
G1 F600 X44.755 Y42.925 E2749.65877
G1 X44.825 Y42.855
G0 F1800 X44.755 Y42.359
G1 F600 X43.395 Y43.719 E2749.77071
G1 X43.325 Y43.789
G0 F1800 X43.395 Y43.154
G1 F600 X44.755 Y41.794 E2749.88266
G1 X44.825 Y41.724
G0 F1800 X44.755 Y41.228
G1 F600 X43.395 Y42.588 E2749.99461
G1 X43.325 Y42.658
G0 F1800 X43.395 Y42.022
G1 F600 X44.755 Y40.662 E2750.10656
G1 X44.825 Y40.592
G0 F1800 X44.755 Y40.097
G1 F600 X43.395 Y41.456 E2750.21846
G1 X43.325 Y41.526
G0 F1800 X43.395 Y40.891
G1 F600 X44.755 Y39.531 E2750.33041
G1 X44.825 Y39.461
G0 F1800 X44.755 Y38.965
G1 F600 X43.395 Y40.325 E2750.44236
G1 X43.325 Y40.395
G0 F1800 X43.395 Y39.759
G1 F600 X44.755 Y38.4 E2750.55427
G1 X44.825 Y38.33
G0 F1800 X44.755 Y37.834
G1 F600 X43.395 Y39.194 E2750.66622
G1 X43.325 Y39.264
G0 F1800 X43.395 Y38.628
G1 F600 X44.755 Y37.268 E2750.77816
G1 X44.825 Y37.198
G0 F1800 X44.755 Y36.703
G1 F600 X43.395 Y38.062 E2750.89007
G1 X43.325 Y38.132
G0 F1800 X43.395 Y37.497
G1 F600 X44.755 Y36.137 E2751.00202
G1 X44.825 Y36.067
G0 F1800 X44.755 Y35.571
G1 F600 X43.395 Y36.931 E2751.11397
G1 X43.325 Y37.001
G0 F1800 X43.395 Y36.365
G1 F600 X44.755 Y35.006 E2751.22587
G1 X44.825 Y34.936
G0 F1800 X44.755 Y34.44
G1 F600 X43.395 Y35.8 E2751.33782
G1 X43.325 Y35.87
G0 F1800 X43.395 Y35.234
G1 F600 X44.755 Y33.874 E2751.44977
G1 X44.825 Y33.804
G0 F1800 X44.755 Y33.308
G1 F600 X43.395 Y34.668 E2751.56172
G1 X43.325 Y34.738
G0 F1800 X43.395 Y34.103
G1 F600 X44.039 Y33.459 E2751.61473
G1 X44.109 Y33.389
G0 F1800 X35.498 Y35.58
G0 X31.431 Y36.183
G0 X27.326 Y36.384
G0 X23.221 Y36.183
G0 X19.155 Y35.58
G0 X15.167 Y34.581
G0 X11.684 Y33.334
G0 X8.213 Y31.871
;TIME_ELAPSED:4354.030575
;LAYER:64
G0 X8.213 Y31.871 Z22.7
;TYPE:FILL
G1 F1200 X9.765 Y33.424 E2751.74252
G1 X9.835 Y33.494
G0 F1800 X11.385 Y35.044
G1 F1200 X14.705 Y38.364 E2752.01581
G1 X14.775 Y38.434
G0 F1800 X14.751 Y38.406
G0 X11.385 Y40.064
G1 F1200 X14.048 Y42.726 E2752.23497
G1 X14.118 Y42.796
G0 F1800 X14.496 Y43.213
G0 X15.598 Y44.277
G1 F1200 X17.754 Y46.432 E2752.4124
G1 X17.824 Y46.502
G0 F1800 X19.874 Y48.553
G1 F1200 X21.554 Y50.232 E2752.55064
G1 X21.624 Y50.302
G0 F1800 X21.624 Y50.294
G0 X24.895 Y48.553
G1 F1200 X26.574 Y50.232 E2752.68885
G1 X26.644 Y50.302
G0 F1800 X26.644 Y50.294
G0 X29.915 Y48.553
G1 F1200 X31.594 Y50.232 E2752.82706
G1 X31.664 Y50.302
G0 F1800 X31.664 Y50.294
G0 X34.936 Y48.553
G1 F1200 X36.615 Y50.232 E2752.96526
G1 X36.685 Y50.302
G0 F1800 X36.685 Y50.294
G0 X39.956 Y48.553
G1 F1200 X41.635 Y50.232 E2753.10347
G1 X41.705 Y50.302
G0 F1800 X41.705 Y50.294
G0 X44.885 Y48.462
G1 F1200 X46.565 Y50.142 E2753.24176
G1 X46.635 Y50.212
G0 F1800 X46.626 Y50.212
G0 X46.565 Y45.121
G1 F1200 X44.885 Y43.441 E2753.38005
G1 X44.815 Y43.371
G0 F1800 X43.265 Y41.821
G1 F1200 X40.459 Y39.016 E2753.61098
G1 X40.389 Y38.946
G0 F1800 X39.296 Y37.852
G1 F1200 X36.816 Y35.373 E2753.81508
G1 X36.746 Y35.303
G0 F1800 X36.751 Y35.329
G0 X34.748 Y38.325
G1 F1200 X32.56 Y36.136 E2753.99523
G1 X32.49 Y36.066
G0 F1800 X32.492 Y36.087
G0 X27.879 Y36.476
G1 F1200 X33.972 Y42.569 E2754.49677
G1 X34.042 Y42.639
G0 F1800 X34.645 Y43.362
G0 X35.754 Y44.351
G1 F1200 X37.835 Y46.432 E2754.66806
G1 X37.905 Y46.502
G0 F1800 X39.992 Y43.569
G1 F1200 X42.856 Y46.432 E2754.90377
G1 X42.926 Y46.502
G0 F1800 X46.565 Y40.101
G1 F1200 X44.885 Y38.421 E2755.04206
G1 X44.815 Y38.351
G0 F1800 X43.265 Y36.801
G1 F1200 X40.728 Y34.264 E2755.25089
G1 X40.658 Y34.194
G0 F1800 X40.667 Y34.222
G0 X44.885 Y33.4
G1 F1200 X46.565 Y35.08 E2755.38918
G1 X46.635 Y35.15
G0 F1800 X46.626 Y35.15
G0 X39.865 Y43.533
G0 X39.019 Y44.161
G0 X32.815 Y46.432
G1 F1200 X22.593 Y36.21 E2756.2306
G1 X22.523 Y36.14
G0 F1800 X20.588 Y39.226
G1 F1200 X27.794 Y46.432 E2756.82376
G1 X27.864 Y46.502
G0 F1800 X22.774 Y46.432
G1 F1200 X19.953 Y43.611 E2757.05597
G1 X19.883 Y43.541
G0 F1800 X19.913 Y43.57
G0 X20.493 Y42.687
G0 X20.848 Y41.694
G0 X20.899 Y40.644
G0 X20.643 Y39.62
G0 X20.102 Y38.717
G0 X19.091 Y37.729
G1 F1200 X16.366 Y35.004 E2757.28028
G1 X16.296 Y34.934
G0 F1800 X9.765 Y38.444
G1 F1200 X8.085 Y36.764 E2757.41857
G1 X8.015 Y36.694
G0 F1800 X8.026 Y36.694
G0 X8.085 Y41.785
G1 F1200 X9.765 Y43.465 E2757.55686
G1 X9.835 Y43.535
G0 F1800 X11.385 Y45.085
G1 F1200 X12.733 Y46.432 E2757.66777
G1 X12.803 Y46.502
G0 F1800 X14.854 Y48.553
G1 F1200 X16.533 Y50.232 E2757.80598
G1 X16.603 Y50.302
G0 F1800 X16.603 Y50.294
G0 X11.513 Y50.232
G1 F1200 X9.833 Y48.553 E2757.94423
G1 X9.763 Y48.483
G0 F1800 X9.765 Y48.485
G1 F1200 X8.085 Y46.805 E2758.08252
G1 X8.015 Y46.735
G0 F1800 X8.026 Y46.735
G0 X14.787 Y38.455
G0 X15.635 Y37.827
G0 X15.915 Y37.727
G0 X16.968 Y37.361
G0 X16.977 Y37.46
;TYPE:WALL-INNER
G1 F1200 X16.634 Y37.512 E2758.10271
G1 X16.296 Y37.596 E2758.12298
G1 X15.967 Y37.714 E2758.14333
G1 X15.653 Y37.862 E2758.16353
G1 X15.353 Y38.042 E2758.18389
G1 X15.074 Y38.249 E2758.20411
G1 X14.815 Y38.483 E2758.22443
G1 X14.581 Y38.742 E2758.24475
G1 X14.373 Y39.022 E2758.26505
G1 X14.195 Y39.322 E2758.28535
G1 X14.046 Y39.634 E2758.30548
G1 X13.928 Y39.964 E2758.32588
G1 X13.844 Y40.302 E2758.34615
G1 X13.792 Y40.645 E2758.36634
G1 X13.776 Y40.994 E2758.38668
G1 X13.792 Y41.343 E2758.40701
G1 X13.844 Y41.687 E2758.42726
G1 X13.928 Y42.024 E2758.44748
G1 X14.046 Y42.354 E2758.46788
G1 X14.195 Y42.667 E2758.48805
G1 X14.373 Y42.966 E2758.50831
G1 X14.581 Y43.247 E2758.52866
G1 X14.815 Y43.505 E2758.54893
G1 X15.074 Y43.74 E2758.56928
G1 X15.354 Y43.947 E2758.58955
G1 X15.653 Y44.126 E2758.60984
G1 X15.967 Y44.275 E2758.63007
G1 X16.297 Y44.393 E2758.65046
G1 X16.634 Y44.476 E2758.67067
G1 X16.977 Y44.528 E2758.69086
G1 X17.326 Y44.544 E2758.71119
G1 X17.675 Y44.528 E2758.73153
G1 X18.019 Y44.476 E2758.75178
G1 X18.357 Y44.392 E2758.77205
G1 X18.685 Y44.275 E2758.79232
G1 X19.001 Y44.126 E2758.81265
G1 X19.299 Y43.947 E2758.83289
G1 X19.579 Y43.74 E2758.85316
G1 X19.837 Y43.505 E2758.87347
G1 X20.072 Y43.247 E2758.89378
G1 X20.279 Y42.967 E2758.91405
G1 X20.458 Y42.669 E2758.93428
G1 X20.607 Y42.352 E2758.95467
G1 X20.724 Y42.024 E2758.97494
G1 X20.809 Y41.687 E2758.99517
G1 X20.86 Y41.341 E2759.01553
G1 X20.876 Y40.994 E2759.03574
G1 X20.86 Y40.647 E2759.05596
G1 X20.809 Y40.302 E2759.07626
G1 X20.724 Y39.964 E2759.09655
G1 X20.607 Y39.635 E2759.11687
G1 X20.458 Y39.321 E2759.1371
G1 X20.279 Y39.022 E2759.15739
G1 X20.072 Y38.742 E2759.17765
G1 X19.837 Y38.483 E2759.19801
G1 X19.579 Y38.249 E2759.21828
G1 X19.299 Y38.042 E2759.23855
G1 X19 Y37.862 E2759.25886
G1 X18.685 Y37.714 E2759.27912
G1 X18.357 Y37.596 E2759.29941
G1 X18.019 Y37.512 E2759.31968
G1 X17.675 Y37.46 E2759.33993
G1 X17.326 Y37.444 E2759.36027
G1 X16.977 Y37.46 E2759.3806
G0 F1800 X16.968 Y37.361
G0 X23.215 Y36.243
G0 X23.224 Y36.144
G1 F1200 X27.326 Y36.344 E2759.61964
G1 X31.428 Y36.144 E2759.85869
G1 X35.491 Y35.541 E2760.09776
G1 X39.474 Y34.543 E2760.33676
G1 X43.342 Y33.159 E2760.57588
G1 X46.42 Y31.704 E2760.77404
G1 X46.653 Y31.594 E2760.78904
G1 X46.726 Y31.594 E2760.79329
G1 X46.726 Y31.852 E2760.80313
G1 X46.726 Y50.394 E2761.88237
G1 X7.926 Y50.394 E2764.14073
G1 X7.926 Y31.851 E2765.22003
G1 X7.926 Y31.594 E2765.23499
G1 X8 Y31.594 E2765.2393
G1 X8.232 Y31.703 E2765.24908
G1 X11.311 Y33.159 E2765.44732
G1 X15.178 Y34.543 E2765.68638
G1 X19.162 Y35.541 E2765.92544
G1 X23.224 Y36.144 E2766.16446
G0 F1800 X23.215 Y36.243
G0 X36.968 Y37.361
G0 X36.977 Y37.46
G1 F1200 X36.634 Y37.512 E2766.18465
G1 X36.296 Y37.596 E2766.20492
G1 X35.967 Y37.714 E2766.22526
G1 X35.653 Y37.862 E2766.24547
G1 X35.353 Y38.042 E2766.26583
G1 X35.074 Y38.249 E2766.28605
G1 X34.815 Y38.483 E2766.30637
G1 X34.581 Y38.742 E2766.32669
G1 X34.373 Y39.022 E2766.34699
G1 X34.195 Y39.322 E2766.36729
G1 X34.046 Y39.634 E2766.38742
G1 X33.928 Y39.964 E2766.40782
G1 X33.844 Y40.302 E2766.42809
G1 X33.792 Y40.645 E2766.44828
G1 X33.776 Y40.994 E2766.46862
G1 X33.792 Y41.343 E2766.48895
G1 X33.844 Y41.687 E2766.5092
G1 X33.928 Y42.024 E2766.52942
G1 X34.046 Y42.354 E2766.54981
G1 X34.195 Y42.667 E2766.56999
G1 X34.373 Y42.966 E2766.59025
G1 X34.581 Y43.247 E2766.61059
G1 X34.815 Y43.505 E2766.63087
G1 X35.074 Y43.74 E2766.65122
G1 X35.354 Y43.947 E2766.67149
G1 X35.653 Y44.126 E2766.69177
G1 X35.967 Y44.275 E2766.712
G1 X36.297 Y44.393 E2766.7324
G1 X36.634 Y44.476 E2766.7526
G1 X36.977 Y44.528 E2766.7728
G1 X37.326 Y44.544 E2766.79313
G1 X37.675 Y44.528 E2766.81347
G1 X38.019 Y44.476 E2766.83372
G1 X38.357 Y44.392 E2766.85399
G1 X38.685 Y44.275 E2766.87426
G1 X39.001 Y44.126 E2766.89459
G1 X39.299 Y43.947 E2766.91483
G1 X39.579 Y43.74 E2766.93509
G1 X39.837 Y43.505 E2766.95541
G1 X40.072 Y43.247 E2766.97572
G1 X40.279 Y42.967 E2766.99599
G1 X40.458 Y42.669 E2767.01622
G1 X40.607 Y42.352 E2767.03661
G1 X40.724 Y42.024 E2767.05688
G1 X40.809 Y41.687 E2767.07711
G1 X40.86 Y41.341 E2767.09746
G1 X40.876 Y40.994 E2767.11768
G1 X40.86 Y40.647 E2767.1379
G1 X40.809 Y40.302 E2767.1582
G1 X40.724 Y39.964 E2767.17849
G1 X40.607 Y39.635 E2767.19881
G1 X40.458 Y39.321 E2767.21904
G1 X40.279 Y39.022 E2767.23932
G1 X40.072 Y38.742 E2767.25959
G1 X39.837 Y38.483 E2767.27995
G1 X39.579 Y38.249 E2767.30022
G1 X39.299 Y38.042 E2767.32049
G1 X39 Y37.862 E2767.3408
G1 X38.685 Y37.714 E2767.36106
G1 X38.357 Y37.596 E2767.38135
G1 X38.019 Y37.512 E2767.40162
G1 X37.675 Y37.46 E2767.42187
G1 X37.326 Y37.444 E2767.44221
G1 X36.977 Y37.46 E2767.46254
G0 F1800 X36.968 Y37.361
G0 X35.952 Y37.678
G0 X35.441 Y37.983
G0 X34.728 Y38.43
G0 X35.098 Y38.766
;TYPE:WALL-OUTER
G1 F600 X34.891 Y38.996 E2767.48055
G1 X34.706 Y39.244 E2767.49856
G1 X34.548 Y39.51 E2767.51657
G1 X34.416 Y39.788 E2767.53448
G1 X34.311 Y40.08 E2767.55254
G1 X34.237 Y40.38 E2767.57053
G1 X34.191 Y40.685 E2767.58848
G1 X34.176 Y40.994 E2767.60649
G1 X34.191 Y41.303 E2767.62449
G1 X34.237 Y41.609 E2767.6425
G1 X34.311 Y41.908 E2767.66043
G1 X34.416 Y42.2 E2767.67849
G1 X34.548 Y42.479 E2767.69646
G1 X34.706 Y42.744 E2767.71442
G1 X34.891 Y42.993 E2767.73247
G1 X35.098 Y43.222 E2767.75044
G1 X35.328 Y43.43 E2767.76849
G1 X35.576 Y43.614 E2767.78646
G1 X35.842 Y43.773 E2767.8045
G1 X36.12 Y43.905 E2767.82241
G1 X36.412 Y44.009 E2767.84046
G1 X36.712 Y44.083 E2767.85844
G1 X37.017 Y44.129 E2767.87639
G1 X37.326 Y44.144 E2767.8944
G1 X37.635 Y44.129 E2767.91241
G1 X37.941 Y44.083 E2767.93042
G1 X38.241 Y44.009 E2767.9484
G1 X38.532 Y43.905 E2767.96639
G1 X38.812 Y43.773 E2767.98441
G1 X39.076 Y43.614 E2768.00235
G1 X39.325 Y43.43 E2768.02037
G1 X39.554 Y43.222 E2768.03837
G1 X39.762 Y42.993 E2768.05638
G1 X39.946 Y42.744 E2768.0744
G1 X40.105 Y42.48 E2768.09234
G1 X40.237 Y42.199 E2768.11041
G1 X40.341 Y41.908 E2768.1284
G1 X40.416 Y41.609 E2768.14634
G1 X40.461 Y41.302 E2768.1644
G1 X40.476 Y40.994 E2768.18235
G1 X40.461 Y40.686 E2768.20029
G1 X40.416 Y40.38 E2768.2183
G1 X40.341 Y40.08 E2768.2363
G1 X40.237 Y39.788 E2768.25434
G1 X40.105 Y39.51 E2768.27225
G1 X39.946 Y39.244 E2768.29029
G1 X39.762 Y38.996 E2768.30826
G1 X39.554 Y38.766 E2768.32631
G1 X39.325 Y38.559 E2768.34428
G1 X39.076 Y38.375 E2768.3623
G1 X38.811 Y38.215 E2768.38032
G1 X38.532 Y38.084 E2768.39826
G1 X38.241 Y37.979 E2768.41626
G1 X37.941 Y37.905 E2768.43425
G1 X37.635 Y37.859 E2768.45226
G1 X37.326 Y37.844 E2768.47027
G1 X37.017 Y37.859 E2768.48827
G1 X36.712 Y37.905 E2768.50623
G1 X36.412 Y37.979 E2768.52421
G1 X36.12 Y38.084 E2768.54227
G1 X35.842 Y38.215 E2768.56016
G1 X35.576 Y38.375 E2768.57823
G1 X35.328 Y38.559 E2768.5962
G1 X35.098 Y38.766 E2768.61421
G0 F1800 X34.891 Y38.996
G0 X34.706 Y39.244
G0 X34.548 Y39.51
G0 X34.517 Y39.576
G0 X34.067 Y39.36
G0 X17.326 Y37.404
G0 X16.285 Y37.558
G0 X15.513 Y37.922
G0 X14.728 Y38.43
G0 X15.098 Y38.766
G1 F600 X14.891 Y38.996 E2768.63222
G1 X14.706 Y39.244 E2768.65023
G1 X14.548 Y39.51 E2768.66824
G1 X14.416 Y39.788 E2768.68615
G1 X14.311 Y40.08 E2768.70421
G1 X14.237 Y40.38 E2768.7222
G1 X14.191 Y40.685 E2768.74015
G1 X14.176 Y40.994 E2768.75816
G1 X14.191 Y41.303 E2768.77617
G1 X14.237 Y41.609 E2768.79418
G1 X14.311 Y41.908 E2768.81211
G1 X14.416 Y42.2 E2768.83017
G1 X14.548 Y42.479 E2768.84813
G1 X14.706 Y42.744 E2768.86609
G1 X14.891 Y42.993 E2768.88414
G1 X15.098 Y43.222 E2768.90211
G1 X15.328 Y43.43 E2768.92016
G1 X15.576 Y43.614 E2768.93814
G1 X15.842 Y43.773 E2768.95617
G1 X16.12 Y43.905 E2768.97409
G1 X16.412 Y44.009 E2768.99213
G1 X16.712 Y44.083 E2769.01011
G1 X17.017 Y44.129 E2769.02807
G1 X17.326 Y44.144 E2769.04607
G1 X17.635 Y44.129 E2769.06408
G1 X17.941 Y44.083 E2769.08209
G1 X18.241 Y44.009 E2769.10008
G1 X18.532 Y43.905 E2769.11806
G1 X18.812 Y43.773 E2769.13608
G1 X19.076 Y43.614 E2769.15402
G1 X19.325 Y43.43 E2769.17204
G1 X19.554 Y43.222 E2769.19004
G1 X19.762 Y42.993 E2769.20805
G1 X19.946 Y42.744 E2769.22607
G1 X20.105 Y42.48 E2769.24401
G1 X20.237 Y42.199 E2769.26208
G1 X20.341 Y41.908 E2769.28007
G1 X20.416 Y41.609 E2769.29801
G1 X20.461 Y41.302 E2769.31607
G1 X20.476 Y40.994 E2769.33402
G1 X20.461 Y40.686 E2769.35197
G1 X20.416 Y40.38 E2769.36997
G1 X20.341 Y40.08 E2769.38797
G1 X20.237 Y39.788 E2769.40601
G1 X20.105 Y39.51 E2769.42392
G1 X19.946 Y39.244 E2769.44196
G1 X19.762 Y38.996 E2769.45993
G1 X19.554 Y38.766 E2769.47798
G1 X19.325 Y38.559 E2769.49595
G1 X19.076 Y38.375 E2769.51397
G1 X18.811 Y38.215 E2769.53199
G1 X18.532 Y38.084 E2769.54993
G1 X18.241 Y37.979 E2769.56794
G1 X17.941 Y37.905 E2769.58592
G1 X17.635 Y37.859 E2769.60393
G1 X17.326 Y37.844 E2769.62194
G1 X17.017 Y37.859 E2769.63995
G1 X16.712 Y37.905 E2769.6579
G1 X16.412 Y37.979 E2769.67588
G1 X16.12 Y38.084 E2769.69395
G1 X15.842 Y38.215 E2769.71183
G1 X15.576 Y38.375 E2769.7299
G1 X15.328 Y38.559 E2769.74787
G1 X15.098 Y38.766 E2769.76589
G0 F1800 X14.891 Y38.996
G0 X14.706 Y39.244
G0 X14.548 Y39.51
G0 X14.517 Y39.576
G0 X14.067 Y39.36
G0 X15.172 Y34.644
G0 X15.294 Y34.16
G1 F600 X19.24 Y35.148 E2770.00265
G1 X23.263 Y35.745 E2770.23938
G1 X27.326 Y35.944 E2770.47615
G1 X31.389 Y35.745 E2770.71292
G1 X35.413 Y35.148 E2770.9497
G1 X39.358 Y34.16 E2771.18641
G1 X43.189 Y32.789 E2771.42325
G1 X46.562 Y31.194 E2771.64042
G1 X47.126 Y31.194 E2771.67324
G1 X47.126 Y50.794 E2772.81407
G1 X7.526 Y50.794 E2775.11899
G1 X7.526 Y31.194 E2776.25982
G1 X8.091 Y31.194 E2776.2927
G1 X11.464 Y32.789 E2776.50987
G1 X15.294 Y34.16 E2776.74665
G0 F1800 X16.264 Y34.402
G0 X16.142 Y34.887
G0 X11.436 Y33.618
;TYPE:SKIN
G1 F600 X11.436 Y46.384 E2777.4897
G1 X43.216 Y46.384 E2779.33946
G1 X43.216 Y33.619 E2780.08245
G1 X43.492 Y33.52 E2780.09952
G1 X44.936 Y32.837 E2780.19249
G1 X44.936 Y48.604 E2781.11021
G1 X9.716 Y48.604 E2783.1602
G1 X9.716 Y32.837 E2784.07793
G1 X11.161 Y33.52 E2784.17095
G1 X11.436 Y33.618 E2784.18795
G0 F1800 X9.956 Y48.423
G0 X9.925 Y48.392
G1 F600 X10.208 Y48.109 E2784.21625
G1 X10.592 Y48.493
G0 F1800 X11.088 Y48.423
G1 F600 X9.895 Y47.231 E2784.31441
G1 X9.825 Y47.161
G0 F1800 X9.895 Y46.665
G1 F600 X11.653 Y48.423 E2784.45912
G1 X11.723 Y48.493
G0 F1800 X12.219 Y48.423
G1 F600 X9.895 Y46.099 E2784.65042
G1 X9.825 Y46.029
G0 F1800 X9.895 Y45.534
G1 F600 X12.785 Y48.423 E2784.88827
G1 X12.855 Y48.493
G0 F1800 X13.35 Y48.423
G1 F600 X11.491 Y46.563 E2785.04133
G1 X11.421 Y46.493
G0 F1800 X11.255 Y46.328
G1 F600 X9.895 Y44.968 E2785.15328
G1 X9.825 Y44.898
G0 F1800 X9.895 Y44.402
G1 F600 X11.255 Y45.762 E2785.26523
G1 X11.325 Y45.832
G0 F1800 X11.255 Y45.196
G1 F600 X9.895 Y43.837 E2785.37713
G1 X9.825 Y43.767
G0 F1800 X9.895 Y43.271
G1 F600 X11.255 Y44.631 E2785.48908
G1 X11.325 Y44.701
G0 F1800 X11.255 Y44.065
G1 F600 X9.895 Y42.705 E2785.60103
G1 X9.825 Y42.635
G0 F1800 X9.895 Y42.14
G1 F600 X11.255 Y43.499 E2785.71294
G1 X11.325 Y43.569
G0 F1800 X11.255 Y42.934
G1 F600 X9.895 Y41.574 E2785.82488
G1 X9.825 Y41.504
G0 F1800 X9.895 Y41.008
G1 F600 X11.255 Y42.368 E2785.93683
G1 X11.325 Y42.438
G0 F1800 X11.255 Y41.802
G1 F600 X9.895 Y40.442 E2786.04878
G1 X9.825 Y40.372
G0 F1800 X9.895 Y39.877
G1 F600 X11.255 Y41.237 E2786.16073
G1 X11.325 Y41.307
G0 F1800 X11.255 Y40.671
G1 F600 X9.895 Y39.311 E2786.27268
G1 X9.825 Y39.241
G0 F1800 X9.895 Y38.745
G1 F600 X11.255 Y40.105 E2786.38462
G1 X11.325 Y40.175
G0 F1800 X11.255 Y39.539
G1 F600 X9.895 Y38.18 E2786.49653
G1 X9.825 Y38.11
G0 F1800 X9.895 Y37.614
G1 F600 X11.255 Y38.974 E2786.60848
G1 X11.325 Y39.044
G0 F1800 X11.255 Y38.408
G1 F600 X9.895 Y37.048 E2786.72043
G1 X9.825 Y36.978
G0 F1800 X9.895 Y36.483
G1 F600 X11.255 Y37.842 E2786.83233
G1 X11.325 Y37.912
G0 F1800 X11.255 Y37.277
G1 F600 X9.895 Y35.917 E2786.94428
G1 X9.825 Y35.847
G0 F1800 X9.895 Y35.351
G1 F600 X11.255 Y36.711 E2787.05623
G1 X11.325 Y36.781
G0 F1800 X11.255 Y36.145
G1 F600 X9.895 Y34.786 E2787.16813
G1 X9.825 Y34.716
G0 F1800 X9.895 Y34.22
G1 F600 X11.255 Y35.58 E2787.28008
G1 X11.325 Y35.65
G0 F1800 X11.255 Y35.014
G1 F600 X9.895 Y33.654 E2787.39203
G1 X9.825 Y33.584
G0 F1800 X9.955 Y33.148
G1 F600 X11.255 Y34.448 E2787.49904
G1 X11.325 Y34.518
G0 F1800 X11.255 Y33.883
G1 F600 X11.028 Y33.655 E2787.51777
G0 F1800 X12.056 Y46.563
G1 F600 X13.916 Y48.423 E2787.67087
G1 X13.986 Y48.493
G0 F1800 X14.482 Y48.423
G1 F600 X12.622 Y46.563 E2787.82398
G1 X12.552 Y46.493
G0 F1800 X13.188 Y46.563
G1 F600 X15.047 Y48.423 E2787.97704
G1 X15.117 Y48.493
G0 F1800 X15.613 Y48.423
G1 F600 X13.753 Y46.563 E2788.13015
G1 X13.683 Y46.493
G0 F1800 X14.319 Y46.563
G1 F600 X16.179 Y48.423 E2788.28325
G1 X16.249 Y48.493
G0 F1800 X16.744 Y48.423
G1 F600 X14.885 Y46.563 E2788.43632
G1 X14.815 Y46.493
G0 F1800 X15.45 Y46.563
G1 F600 X17.31 Y48.423 E2788.58942
G1 X17.38 Y48.493
G0 F1800 X17.876 Y48.423
G1 F600 X16.016 Y46.563 E2788.74253
G1 X15.946 Y46.493
G0 F1800 X16.582 Y46.563
G1 F600 X18.442 Y48.423 E2788.89563
G1 X18.512 Y48.493
G0 F1800 X19.007 Y48.423
G1 F600 X17.148 Y46.563 E2789.0487
G1 X17.078 Y46.493
G0 F1800 X17.713 Y46.563
G1 F600 X19.573 Y48.423 E2789.2018
G1 X19.643 Y48.493
G0 F1800 X20.139 Y48.423
G1 F600 X18.279 Y46.563 E2789.35491
G1 X18.209 Y46.493
G0 F1800 X18.845 Y46.563
G1 F600 X20.704 Y48.423 E2789.50797
G1 X20.774 Y48.493
G0 F1800 X21.27 Y48.423
G1 F600 X19.41 Y46.563 E2789.66107
G1 X19.34 Y46.493
G0 F1800 X19.976 Y46.563
G1 F600 X21.836 Y48.423 E2789.81418
G1 X21.906 Y48.493
G0 F1800 X22.401 Y48.423
G1 F600 X20.542 Y46.563 E2789.96724
G1 X20.472 Y46.493
G0 F1800 X21.107 Y46.563
G1 F600 X22.967 Y48.423 E2790.12035
G1 X23.037 Y48.493
G0 F1800 X23.533 Y48.423
G1 F600 X21.673 Y46.563 E2790.27345
G1 X21.603 Y46.493
G0 F1800 X22.239 Y46.563
G1 F600 X24.098 Y48.423 E2790.42652
G1 X24.168 Y48.493
G0 F1800 X24.664 Y48.423
G1 F600 X22.804 Y46.563 E2790.57962
G1 X22.734 Y46.493
G0 F1800 X23.37 Y46.563
G1 F600 X25.23 Y48.423 E2790.73273
G1 X25.3 Y48.493
G0 F1800 X25.795 Y48.423
G1 F600 X23.936 Y46.563 E2790.88579
G1 X23.866 Y46.493
G0 F1800 X24.501 Y46.563
G1 F600 X26.361 Y48.423 E2791.0389
G1 X26.431 Y48.493
G0 F1800 X26.927 Y48.423
G1 F600 X25.067 Y46.563 E2791.192
G1 X24.997 Y46.493
G0 F1800 X25.633 Y46.563
G1 F600 X27.493 Y48.423 E2791.34511
G1 X27.563 Y48.493
G0 F1800 X28.058 Y48.423
G1 F600 X26.199 Y46.563 E2791.49817
G1 X26.129 Y46.493
G0 F1800 X26.764 Y46.563
G1 F600 X28.624 Y48.423 E2791.65128
G1 X28.694 Y48.493
G0 F1800 X29.19 Y48.423
G1 F600 X27.33 Y46.563 E2791.80438
G1 X27.26 Y46.493
G0 F1800 X27.896 Y46.563
G1 F600 X29.755 Y48.423 E2791.95745
G1 X29.825 Y48.493
G0 F1800 X30.321 Y48.423
G1 F600 X28.461 Y46.563 E2792.11055
G1 X28.391 Y46.493
G0 F1800 X29.027 Y46.563
G1 F600 X30.887 Y48.423 E2792.26366
G1 X30.957 Y48.493
G0 F1800 X31.452 Y48.423
G1 F600 X29.593 Y46.563 E2792.41672
G1 X29.523 Y46.493
G0 F1800 X30.158 Y46.563
G1 F600 X32.018 Y48.423 E2792.56983
G1 X32.088 Y48.493
G0 F1800 X32.584 Y48.423
G1 F600 X30.724 Y46.563 E2792.72293
G1 X30.654 Y46.493
G0 F1800 X31.29 Y46.563
G1 F600 X33.149 Y48.423 E2792.876
G1 X33.219 Y48.493
G0 F1800 X33.715 Y48.423
G1 F600 X31.855 Y46.563 E2793.0291
G1 X31.785 Y46.493
G0 F1800 X32.421 Y46.563
G1 F600 X34.281 Y48.423 E2793.18221
G1 X34.351 Y48.493
G0 F1800 X34.846 Y48.423
G1 F600 X32.987 Y46.563 E2793.33527
G1 X32.917 Y46.493
G0 F1800 X33.552 Y46.563
G1 F600 X35.412 Y48.423 E2793.48838
G1 X35.482 Y48.493
G0 F1800 X35.978 Y48.423
G1 F600 X34.118 Y46.563 E2793.64148
G1 X34.048 Y46.493
G0 F1800 X34.684 Y46.563
G1 F600 X36.543 Y48.423 E2793.79455
G1 X36.613 Y48.493
G0 F1800 X37.109 Y48.423
G1 F600 X35.249 Y46.563 E2793.94765
G1 X35.179 Y46.493
G0 F1800 X35.815 Y46.563
G1 F600 X37.675 Y48.423 E2794.10076
G1 X37.745 Y48.493
G0 F1800 X38.241 Y48.423
G1 F600 X36.381 Y46.563 E2794.25386
G1 X36.311 Y46.493
G0 F1800 X36.947 Y46.563
G1 F600 X38.806 Y48.423 E2794.40693
G1 X38.876 Y48.493
G0 F1800 X39.372 Y48.423
G1 F600 X37.512 Y46.563 E2794.56003
G1 X37.442 Y46.493
G0 F1800 X38.078 Y46.563
G1 F600 X39.938 Y48.423 E2794.71314
G1 X40.008 Y48.493
G0 F1800 X40.503 Y48.423
G1 F600 X38.644 Y46.563 E2794.8662
G1 X38.574 Y46.493
G0 F1800 X39.209 Y46.563
G1 F600 X41.069 Y48.423 E2795.0193
G1 X41.139 Y48.493
G0 F1800 X41.635 Y48.423
G1 F600 X39.775 Y46.563 E2795.17241
G1 X39.705 Y46.493
G0 F1800 X40.341 Y46.563
G1 F600 X42.2 Y48.423 E2795.32547
G1 X42.27 Y48.493
G0 F1800 X42.766 Y48.423
G1 F600 X40.906 Y46.563 E2795.47858
G1 X40.836 Y46.493
G0 F1800 X41.472 Y46.563
G1 F600 X43.332 Y48.423 E2795.63168
G1 X43.402 Y48.493
G0 F1800 X43.897 Y48.423
G1 F600 X42.038 Y46.563 E2795.78475
G1 X41.968 Y46.493
G0 F1800 X42.603 Y46.563
G1 F600 X44.463 Y48.423 E2795.93785
G1 X44.533 Y48.493
G0 F1800 X44.756 Y48.15
G1 F600 X43.169 Y46.563 E2796.06849
G1 X43.099 Y46.493
G0 F1800 X43.395 Y46.223
G1 F600 X44.756 Y47.584 E2796.18052
G1 X44.826 Y47.654
G0 F1800 X44.756 Y47.019
G1 F600 X43.395 Y45.657 E2796.29259
G1 X43.325 Y45.587
G0 F1800 X43.395 Y45.092
G1 F600 X44.756 Y46.453 E2796.40462
G1 X44.826 Y46.523
G0 F1800 X44.756 Y45.887
G1 F600 X43.395 Y44.526 E2796.51665
G1 X43.325 Y44.456
G0 F1800 X43.395 Y43.96
G1 F600 X44.756 Y45.322 E2796.62872
G1 X44.826 Y45.392
G0 F1800 X44.756 Y44.756
G1 F600 X43.395 Y43.395 E2796.74075
G1 X43.325 Y43.325
G0 F1800 X43.395 Y42.829
G1 F600 X44.756 Y44.19 E2796.85278
G1 X44.826 Y44.26
G0 F1800 X44.756 Y43.624
G1 F600 X43.395 Y42.263 E2796.96481
G1 X43.325 Y42.193
G0 F1800 X43.395 Y41.698
G1 F600 X44.756 Y43.059 E2797.07684
G1 X44.826 Y43.129
G0 F1800 X44.756 Y42.493
G1 F600 X43.395 Y41.132 E2797.18887
G1 X43.325 Y41.062
G0 F1800 X43.395 Y40.566
G1 F600 X44.756 Y41.927 E2797.3009
G1 X44.826 Y41.997
G0 F1800 X44.756 Y41.362
G1 F600 X43.395 Y40.001 E2797.41293
G1 X43.325 Y39.931
G0 F1800 X43.395 Y39.435
G1 F600 X44.756 Y40.796 E2797.52496
G1 X44.826 Y40.866
G0 F1800 X44.756 Y40.23
G1 F600 X43.395 Y38.869 E2797.63699
G1 X43.325 Y38.799
G0 F1800 X43.395 Y38.303
G1 F600 X44.756 Y39.665 E2797.74906
G1 X44.826 Y39.735
G0 F1800 X44.756 Y39.099
G1 F600 X43.395 Y37.738 E2797.86109
G1 X43.325 Y37.668
G0 F1800 X43.395 Y37.172
G1 F600 X44.756 Y38.533 E2797.97312
G1 X44.826 Y38.603
G0 F1800 X44.756 Y37.968
G1 F600 X43.395 Y36.606 E2798.0852
G1 X43.325 Y36.536
G0 F1800 X43.395 Y36.041
G1 F600 X44.756 Y37.402 E2798.19723
G1 X44.826 Y37.472
G0 F1800 X44.756 Y36.836
G1 F600 X43.395 Y35.475 E2798.30926
G1 X43.325 Y35.405
G0 F1800 X43.395 Y34.909
G1 F600 X44.756 Y36.271 E2798.42133
G1 X44.826 Y36.341
G0 F1800 X44.756 Y35.705
G1 F600 X43.395 Y34.344 E2798.53336
G1 X43.325 Y34.274
G0 F1800 X43.395 Y33.778
G1 F600 X44.756 Y35.139 E2798.64539
G1 X44.826 Y35.209
G0 F1800 X44.756 Y34.573
G1 F600 X43.769 Y33.587 E2798.72659
G1 X43.699 Y33.517
G0 F1800 X44.153 Y33.405
G1 F600 X44.756 Y34.008 E2798.77623
G1 X44.826 Y34.078
G0 F1800 X44.756 Y33.442
G1 F600 X44.537 Y33.224 E2798.79421
G0 F1800 X35.498 Y35.58
G0 X31.431 Y36.183
G0 X27.326 Y36.384
G0 X23.221 Y36.183
G0 X19.562 Y35.641
G0 X9.765 Y33.401
;TIME_ELAPSED:4434.070100
;LAYER:65
G0 X9.765 Y33.401 Z23.05
;TYPE:FILL
G1 F1200 X8.086 Y35.08 E2798.93242
G1 X8.016 Y35.15
G0 F1800 X8.026 Y35.15
G0 X11.385 Y36.802
G1 F1200 X13.925 Y34.262 E2799.1415
G1 X13.995 Y34.192
G0 F1800 X13.984 Y34.221
G0 X15.354 Y37.853
G1 F1200 X17.836 Y35.372 E2799.34576
G1 X17.906 Y35.302
G0 F1800 X17.899 Y35.327
G0 X19.902 Y38.326
G1 F1200 X22.092 Y36.135 E2799.52607
G1 X22.162 Y36.065
G0 F1800 X22.159 Y36.086
G0 X26.773 Y36.475
G1 F1200 X20.683 Y42.565 E2800.02737
G1 X20.613 Y42.635
G0 F1800 X20.008 Y43.362
G0 X18.898 Y44.35
G1 F1200 X16.815 Y46.433 E2800.19883
G1 X16.745 Y46.503
G0 F1800 X14.695 Y48.553
G1 F1200 X13.015 Y50.233 E2800.33712
G1 X12.945 Y50.303
G0 F1800 X12.945 Y50.294
G0 X9.765 Y48.462
G1 F1200 X8.086 Y50.142 E2800.47537
G1 X8.016 Y50.212
G0 F1800 X8.026 Y50.212
G0 X8.086 Y45.121
G1 F1200 X9.765 Y43.442 E2800.61357
G1 X9.835 Y43.372
G0 F1800 X11.385 Y41.822
G1 F1200 X14.188 Y39.02 E2800.84426
G1 X14.258 Y38.95
G0 F1800 X9.765 Y38.422
G1 F1200 X8.086 Y40.101 E2800.98247
G1 X8.016 Y40.171
G0 F1800 X8.026 Y40.171
G0 X11.795 Y46.433
G1 F1200 X14.659 Y43.569 E2801.21821
G1 X14.729 Y43.499
G0 F1800 X14.699 Y43.526
G0 X19.716 Y48.553
G1 F1200 X18.036 Y50.233 E2801.3565
G1 X17.966 Y50.303
G0 F1800 X17.966 Y50.294
G0 X23.056 Y50.233
G1 F1200 X24.736 Y48.553 E2801.49479
G1 X24.806 Y48.483
G0 F1800 X26.856 Y46.433
G1 F1200 X34.066 Y39.223 E2802.08828
G1 X34.136 Y39.153
G0 F1800 X35.558 Y37.731
G1 F1200 X38.285 Y35.004 E2802.31275
G1 X38.355 Y34.934
G0 F1800 X39.943 Y38.366
G1 F1200 X43.265 Y35.045 E2802.58616
G1 X43.335 Y34.975
G0 F1800 X44.886 Y33.424
G1 F1200 X46.439 Y31.871 E2802.71399
G1 X46.509 Y31.801
G0 F1800 X46.565 Y36.766
G1 F1200 X44.886 Y38.444 E2802.85216
G1 X44.816 Y38.514
G0 F1800 X43.265 Y40.066
G1 F1200 X40.609 Y42.721 E2803.07075
G1 X40.539 Y42.791
G0 F1800 X40.158 Y43.211
G0 X39.054 Y44.276
G1 F1200 X36.897 Y46.433 E2803.2483
G1 X36.827 Y46.503
G0 F1800 X34.777 Y48.553
G1 F1200 X33.097 Y50.233 E2803.38659
G1 X33.027 Y50.303
G0 F1800 X33.027 Y50.294
G0 X29.757 Y48.553
G1 F1200 X28.077 Y50.233 E2803.52488
G1 X28.007 Y50.303
G0 F1800 X28.007 Y50.294
G0 X31.877 Y46.433
G1 F1200 X34.698 Y43.612 E2803.75709
G1 X34.768 Y43.542
G0 F1800 X34.738 Y43.569
G0 X39.798 Y48.553
G1 F1200 X38.118 Y50.233 E2803.89537
G1 X38.048 Y50.303
G0 F1800 X38.048 Y50.294
G0 X43.138 Y50.233
G1 F1200 X44.818 Y48.553 E2804.03366
G1 X44.888 Y48.483
G0 F1800 X44.886 Y48.485
G1 F1200 X46.565 Y46.806 E2804.17187
G1 X46.635 Y46.736
G0 F1800 X46.626 Y46.736
G0 X43.265 Y45.086
G1 F1200 X41.917 Y46.433 E2804.28279
G1 X41.847 Y46.503
G0 F1800 X44.886 Y43.465
G1 F1200 X46.565 Y41.786 E2804.42099
G1 X46.635 Y41.716
G0 F1800 X46.626 Y41.716
G0 X38.7 Y37.678
G0 X38.122 Y37.534
G0 X32.059 Y36.21
G1 F1200 X21.836 Y46.433 E2805.2625
G1 X21.766 Y46.503
G0 F1800 X20.762 Y39.953
G0 X20.312 Y39
G0 X19.604 Y38.219
G0 X18.7 Y37.678
G0 X17.873 Y37.471
G0 X16.968 Y37.361
G0 X16.977 Y37.46
;TYPE:WALL-INNER
G1 F1200 X16.634 Y37.512 E2805.28269
G1 X16.296 Y37.596 E2805.30296
G1 X15.967 Y37.714 E2805.32331
G1 X15.653 Y37.862 E2805.34351
G1 X15.353 Y38.042 E2805.36387
G1 X15.074 Y38.249 E2805.38409
G1 X14.815 Y38.483 E2805.40441
G1 X14.581 Y38.742 E2805.42473
G1 X14.373 Y39.022 E2805.44503
G1 X14.195 Y39.322 E2805.46533
G1 X14.046 Y39.634 E2805.48546
G1 X13.928 Y39.964 E2805.50586
G1 X13.844 Y40.302 E2805.52613
G1 X13.792 Y40.645 E2805.54632
G1 X13.776 Y40.994 E2805.56666
G1 X13.792 Y41.343 E2805.58699
G1 X13.844 Y41.687 E2805.60724
G1 X13.928 Y42.024 E2805.62746
G1 X14.046 Y42.354 E2805.64786
G1 X14.195 Y42.667 E2805.66803
G1 X14.373 Y42.966 E2805.68829
G1 X14.581 Y43.247 E2805.70864
G1 X14.815 Y43.505 E2805.72891
G1 X15.074 Y43.74 E2805.74926
G1 X15.354 Y43.947 E2805.76953
G1 X15.653 Y44.126 E2805.78982
G1 X15.967 Y44.275 E2805.81005
G1 X16.297 Y44.393 E2805.83044
G1 X16.634 Y44.476 E2805.85065
G1 X16.977 Y44.528 E2805.87084
G1 X17.326 Y44.544 E2805.89117
G1 X17.675 Y44.528 E2805.91151
G1 X18.019 Y44.476 E2805.93176
G1 X18.357 Y44.392 E2805.95203
G1 X18.685 Y44.275 E2805.9723
G1 X19.001 Y44.126 E2805.99263
G1 X19.299 Y43.947 E2806.01287
G1 X19.579 Y43.74 E2806.03314
G1 X19.837 Y43.505 E2806.05345
G1 X20.072 Y43.247 E2806.07376
G1 X20.279 Y42.967 E2806.09403
G1 X20.458 Y42.669 E2806.11426
G1 X20.607 Y42.352 E2806.13465
G1 X20.724 Y42.024 E2806.15492
G1 X20.809 Y41.687 E2806.17515
G1 X20.86 Y41.341 E2806.19551
G1 X20.876 Y40.994 E2806.21572
G1 X20.86 Y40.647 E2806.23594
G1 X20.809 Y40.302 E2806.25624
G1 X20.724 Y39.964 E2806.27653
G1 X20.607 Y39.635 E2806.29685
G1 X20.458 Y39.321 E2806.31708
G1 X20.279 Y39.022 E2806.33737
G1 X20.072 Y38.742 E2806.35763
G1 X19.837 Y38.483 E2806.37799
G1 X19.579 Y38.249 E2806.39826
G1 X19.299 Y38.042 E2806.41853
G1 X19 Y37.862 E2806.43884
G1 X18.685 Y37.714 E2806.4591
G1 X18.357 Y37.596 E2806.47939
G1 X18.019 Y37.512 E2806.49966
G1 X17.675 Y37.46 E2806.51991
G1 X17.326 Y37.444 E2806.54025
G1 X16.977 Y37.46 E2806.56058
G0 F1800 X16.968 Y37.361
G0 X23.215 Y36.243
G0 X23.224 Y36.144
G1 F1200 X27.326 Y36.344 E2806.79962
G1 X31.428 Y36.144 E2807.03867
G1 X35.491 Y35.541 E2807.27774
G1 X39.474 Y34.543 E2807.51674
G1 X43.342 Y33.159 E2807.75586
G1 X46.42 Y31.704 E2807.95402
G1 X46.653 Y31.594 E2807.96902
G1 X46.726 Y31.594 E2807.97327
G1 X46.726 Y31.852 E2807.98311
G1 X46.726 Y50.394 E2809.06235
G1 X7.926 Y50.394 E2811.32071
G1 X7.926 Y31.851 E2812.40001
G1 X7.926 Y31.594 E2812.41497
G1 X8 Y31.594 E2812.41928
G1 X8.232 Y31.703 E2812.42906
G1 X11.311 Y33.159 E2812.6273
G1 X15.178 Y34.543 E2812.86636
G1 X19.162 Y35.541 E2813.10542
G1 X23.224 Y36.144 E2813.34444
G0 F1800 X23.215 Y36.243
G0 X36.968 Y37.361
G0 X36.977 Y37.46
G1 F1200 X36.634 Y37.512 E2813.36463
G1 X36.296 Y37.596 E2813.3849
G1 X35.967 Y37.714 E2813.40524
G1 X35.653 Y37.862 E2813.42545
G1 X35.353 Y38.042 E2813.44581
G1 X35.074 Y38.249 E2813.46603
G1 X34.815 Y38.483 E2813.48635
G1 X34.581 Y38.742 E2813.50667
G1 X34.373 Y39.022 E2813.52697
G1 X34.195 Y39.322 E2813.54727
G1 X34.046 Y39.634 E2813.5674
G1 X33.928 Y39.964 E2813.5878
G1 X33.844 Y40.302 E2813.60807
G1 X33.792 Y40.645 E2813.62826
G1 X33.776 Y40.994 E2813.6486
G1 X33.792 Y41.343 E2813.66893
G1 X33.844 Y41.687 E2813.68918
G1 X33.928 Y42.024 E2813.7094
G1 X34.046 Y42.354 E2813.72979
G1 X34.195 Y42.667 E2813.74997
G1 X34.373 Y42.966 E2813.77023
G1 X34.581 Y43.247 E2813.79057
G1 X34.815 Y43.505 E2813.81085
G1 X35.074 Y43.74 E2813.8312
G1 X35.354 Y43.947 E2813.85147
G1 X35.653 Y44.126 E2813.87175
G1 X35.967 Y44.275 E2813.89198
G1 X36.297 Y44.393 E2813.91238
G1 X36.634 Y44.476 E2813.93258
G1 X36.977 Y44.528 E2813.95278
G1 X37.326 Y44.544 E2813.97311
G1 X37.675 Y44.528 E2813.99345
G1 X38.019 Y44.476 E2814.0137
G1 X38.357 Y44.392 E2814.03397
G1 X38.685 Y44.275 E2814.05424
G1 X39.001 Y44.126 E2814.07457
G1 X39.299 Y43.947 E2814.09481
G1 X39.579 Y43.74 E2814.11507
G1 X39.837 Y43.505 E2814.13539
G1 X40.072 Y43.247 E2814.1557
G1 X40.279 Y42.967 E2814.17597
G1 X40.458 Y42.669 E2814.1962
G1 X40.607 Y42.352 E2814.21659
G1 X40.724 Y42.024 E2814.23686
G1 X40.809 Y41.687 E2814.25709
G1 X40.86 Y41.341 E2814.27744
G1 X40.876 Y40.994 E2814.29766
G1 X40.86 Y40.647 E2814.31788
G1 X40.809 Y40.302 E2814.33818
G1 X40.724 Y39.964 E2814.35847
G1 X40.607 Y39.635 E2814.37879
G1 X40.458 Y39.321 E2814.39902
G1 X40.279 Y39.022 E2814.4193
G1 X40.072 Y38.742 E2814.43957
G1 X39.837 Y38.483 E2814.45993
G1 X39.579 Y38.249 E2814.4802
G1 X39.299 Y38.042 E2814.50047
G1 X39 Y37.862 E2814.52078
G1 X38.685 Y37.714 E2814.54104
G1 X38.357 Y37.596 E2814.56133
G1 X38.019 Y37.512 E2814.5816
G1 X37.675 Y37.46 E2814.60185
G1 X37.326 Y37.444 E2814.62219
G1 X36.977 Y37.46 E2814.64252
G0 F1800 X36.968 Y37.361
G0 X35.952 Y37.678
G0 X35.441 Y37.983
G0 X34.728 Y38.43
G0 X35.098 Y38.766
;TYPE:WALL-OUTER
G1 F600 X34.891 Y38.996 E2814.66053
G1 X34.706 Y39.244 E2814.67854
G1 X34.548 Y39.51 E2814.69655
G1 X34.416 Y39.788 E2814.71446
G1 X34.311 Y40.08 E2814.73252
G1 X34.237 Y40.38 E2814.75051
G1 X34.191 Y40.685 E2814.76846
G1 X34.176 Y40.994 E2814.78647
G1 X34.191 Y41.303 E2814.80447
G1 X34.237 Y41.609 E2814.82248
G1 X34.311 Y41.908 E2814.84041
G1 X34.416 Y42.2 E2814.85847
G1 X34.548 Y42.479 E2814.87644
G1 X34.706 Y42.744 E2814.8944
G1 X34.891 Y42.993 E2814.91245
G1 X35.098 Y43.222 E2814.93042
G1 X35.328 Y43.43 E2814.94847
G1 X35.576 Y43.614 E2814.96644
G1 X35.842 Y43.773 E2814.98448
G1 X36.12 Y43.905 E2815.00239
G1 X36.412 Y44.009 E2815.02044
G1 X36.712 Y44.083 E2815.03842
G1 X37.017 Y44.129 E2815.05637
G1 X37.326 Y44.144 E2815.07438
G1 X37.635 Y44.129 E2815.09239
G1 X37.941 Y44.083 E2815.1104
G1 X38.241 Y44.009 E2815.12838
G1 X38.532 Y43.905 E2815.14637
G1 X38.812 Y43.773 E2815.16439
G1 X39.076 Y43.614 E2815.18233
G1 X39.325 Y43.43 E2815.20035
G1 X39.554 Y43.222 E2815.21835
G1 X39.762 Y42.993 E2815.23636
G1 X39.946 Y42.744 E2815.25438
G1 X40.105 Y42.48 E2815.27232
G1 X40.237 Y42.199 E2815.29039
G1 X40.341 Y41.908 E2815.30838
G1 X40.416 Y41.609 E2815.32632
G1 X40.461 Y41.302 E2815.34438
G1 X40.476 Y40.994 E2815.36233
G1 X40.461 Y40.686 E2815.38027
G1 X40.416 Y40.38 E2815.39828
G1 X40.341 Y40.08 E2815.41628
G1 X40.237 Y39.788 E2815.43432
G1 X40.105 Y39.51 E2815.45223
G1 X39.946 Y39.244 E2815.47027
G1 X39.762 Y38.996 E2815.48824
G1 X39.554 Y38.766 E2815.50629
G1 X39.325 Y38.559 E2815.52426
G1 X39.076 Y38.375 E2815.54228
G1 X38.811 Y38.215 E2815.5603
G1 X38.532 Y38.084 E2815.57824
G1 X38.241 Y37.979 E2815.59624
G1 X37.941 Y37.905 E2815.61423
G1 X37.635 Y37.859 E2815.63224
G1 X37.326 Y37.844 E2815.65025
G1 X37.017 Y37.859 E2815.66825
G1 X36.712 Y37.905 E2815.68621
G1 X36.412 Y37.979 E2815.70419
G1 X36.12 Y38.084 E2815.72225
G1 X35.842 Y38.215 E2815.74014
G1 X35.576 Y38.375 E2815.75821
G1 X35.328 Y38.559 E2815.77618
G1 X35.098 Y38.766 E2815.79419
G0 F1800 X34.891 Y38.996
G0 X34.706 Y39.244
G0 X34.548 Y39.51
G0 X34.517 Y39.576
G0 X34.067 Y39.36
G0 X17.326 Y37.404
G0 X16.285 Y37.558
G0 X15.513 Y37.922
G0 X14.728 Y38.43
G0 X15.098 Y38.766
G1 F600 X14.891 Y38.996 E2815.8122
G1 X14.706 Y39.244 E2815.83021
G1 X14.548 Y39.51 E2815.84822
G1 X14.416 Y39.788 E2815.86613
G1 X14.311 Y40.08 E2815.88419
G1 X14.237 Y40.38 E2815.90218
G1 X14.191 Y40.685 E2815.92013
G1 X14.176 Y40.994 E2815.93814
G1 X14.191 Y41.303 E2815.95615
G1 X14.237 Y41.609 E2815.97416
G1 X14.311 Y41.908 E2815.99208
G1 X14.416 Y42.2 E2816.01015
G1 X14.548 Y42.479 E2816.02811
G1 X14.706 Y42.744 E2816.04607
G1 X14.891 Y42.993 E2816.06412
G1 X15.098 Y43.222 E2816.08209
G1 X15.328 Y43.43 E2816.10014
G1 X15.576 Y43.614 E2816.11812
G1 X15.842 Y43.773 E2816.13615
G1 X16.12 Y43.905 E2816.15407
G1 X16.412 Y44.009 E2816.17211
G1 X16.712 Y44.083 E2816.19009
G1 X17.017 Y44.129 E2816.20805
G1 X17.326 Y44.144 E2816.22605
G1 X17.635 Y44.129 E2816.24406
G1 X17.941 Y44.083 E2816.26207
G1 X18.241 Y44.009 E2816.28006
G1 X18.532 Y43.905 E2816.29804
G1 X18.812 Y43.773 E2816.31606
G1 X19.076 Y43.614 E2816.334
G1 X19.325 Y43.43 E2816.35202
G1 X19.554 Y43.222 E2816.37002
G1 X19.762 Y42.993 E2816.38803
G1 X19.946 Y42.744 E2816.40605
G1 X20.105 Y42.48 E2816.42399
G1 X20.237 Y42.199 E2816.44206
G1 X20.341 Y41.908 E2816.46005
G1 X20.416 Y41.609 E2816.47799
G1 X20.461 Y41.302 E2816.49605
G1 X20.476 Y40.994 E2816.514
G1 X20.461 Y40.686 E2816.53195
G1 X20.416 Y40.38 E2816.54995
G1 X20.341 Y40.08 E2816.56795
G1 X20.237 Y39.788 E2816.58599
G1 X20.105 Y39.51 E2816.6039
G1 X19.946 Y39.244 E2816.62194
G1 X19.762 Y38.996 E2816.63991
G1 X19.554 Y38.766 E2816.65796
G1 X19.325 Y38.559 E2816.67593
G1 X19.076 Y38.375 E2816.69395
G1 X18.811 Y38.215 E2816.71197
G1 X18.532 Y38.084 E2816.72991
G1 X18.241 Y37.979 E2816.74792
G1 X17.941 Y37.905 E2816.7659
G1 X17.635 Y37.859 E2816.78391
G1 X17.326 Y37.844 E2816.80192
G1 X17.017 Y37.859 E2816.81993
G1 X16.712 Y37.905 E2816.83788
G1 X16.412 Y37.979 E2816.85586
G1 X16.12 Y38.084 E2816.87393
G1 X15.842 Y38.215 E2816.89181
G1 X15.576 Y38.375 E2816.90988
G1 X15.328 Y38.559 E2816.92785
G1 X15.098 Y38.766 E2816.94587
G0 F1800 X14.891 Y38.996
G0 X14.706 Y39.244
G0 X14.548 Y39.51
G0 X14.517 Y39.576
G0 X14.067 Y39.36
G0 X15.172 Y34.644
G0 X15.294 Y34.16
G1 F600 X19.24 Y35.148 E2817.18263
G1 X23.263 Y35.745 E2817.41936
G1 X27.326 Y35.944 E2817.65613
G1 X31.389 Y35.745 E2817.8929
G1 X35.413 Y35.148 E2818.12968
G1 X39.358 Y34.16 E2818.36639
G1 X43.189 Y32.789 E2818.60323
G1 X46.562 Y31.194 E2818.8204
G1 X47.126 Y31.194 E2818.85322
G1 X47.126 Y50.794 E2819.99405
G1 X7.526 Y50.794 E2822.29897
G1 X7.526 Y31.194 E2823.4398
G1 X8.091 Y31.194 E2823.47268
G1 X11.464 Y32.789 E2823.68985
G1 X15.294 Y34.16 E2823.92663
G0 F1800 X16.264 Y34.402
G0 X16.142 Y34.887
G0 X11.436 Y33.618
;TYPE:SKIN
G1 F600 X11.436 Y46.384 E2824.66968
G1 X43.216 Y46.384 E2826.51944
G1 X43.216 Y33.619 E2827.26243
G1 X43.492 Y33.52 E2827.2795
G1 X44.936 Y32.837 E2827.37247
G1 X44.936 Y48.604 E2828.29019
G1 X9.716 Y48.604 E2830.34018
G1 X9.716 Y32.837 E2831.25791
G1 X11.161 Y33.52 E2831.35093
G1 X11.436 Y33.618 E2831.36793
G0 F1800 X10.264 Y33.293
G1 F600 X9.895 Y33.661 E2831.39826
G0 F1800 X9.895 Y34.227
G1 F600 X10.648 Y33.475 E2831.4602
G1 X10.718 Y33.405
G0 F1800 X11.032 Y33.656
G1 F600 X9.895 Y34.793 E2831.55379
G1 X9.825 Y34.863
G0 F1800 X9.895 Y35.358
G1 F600 X11.255 Y33.999 E2831.6657
G1 X11.325 Y33.929
G0 F1800 X11.255 Y34.564
G1 F600 X9.895 Y35.924 E2831.77765
G1 X9.825 Y35.994
G0 F1800 X9.895 Y36.49
G1 F600 X11.255 Y35.13 E2831.8896
G1 X11.325 Y35.06
G0 F1800 X11.255 Y35.696
G1 F600 X9.895 Y37.055 E2832.0015
G1 X9.825 Y37.125
G0 F1800 X9.895 Y37.621
G1 F600 X11.255 Y36.261 E2832.11345
G1 X11.325 Y36.191
G0 F1800 X11.255 Y36.827
G1 F600 X9.895 Y38.187 E2832.2254
G1 X9.825 Y38.257
G0 F1800 X9.895 Y38.752
G1 F600 X11.255 Y37.393 E2832.3373
G1 X11.325 Y37.323
G0 F1800 X11.255 Y37.958
G1 F600 X9.895 Y39.318 E2832.44925
G1 X9.825 Y39.388
G0 F1800 X9.895 Y39.884
G1 F600 X11.255 Y38.524 E2832.5612
G1 X11.325 Y38.454
G0 F1800 X11.255 Y39.09
G1 F600 X9.895 Y40.45 E2832.67315
G1 X9.825 Y40.52
G0 F1800 X9.895 Y41.015
G1 F600 X11.255 Y39.655 E2832.7851
G1 X11.325 Y39.585
G0 F1800 X11.255 Y40.221
G1 F600 X9.895 Y41.581 E2832.89704
G1 X9.825 Y41.651
G0 F1800 X9.895 Y42.147
G1 F600 X11.255 Y40.787 E2833.00899
G1 X11.325 Y40.717
G0 F1800 X11.255 Y41.353
G1 F600 X9.895 Y42.712 E2833.1209
G1 X9.825 Y42.782
G0 F1800 X9.895 Y43.278
G1 F600 X11.255 Y41.918 E2833.23285
G1 X11.325 Y41.848
G0 F1800 X11.255 Y42.484
G1 F600 X9.895 Y43.844 E2833.34479
G1 X9.825 Y43.914
G0 F1800 X9.895 Y44.409
G1 F600 X11.255 Y43.05 E2833.4567
G1 X11.325 Y42.98
G0 F1800 X11.255 Y43.615
G1 F600 X9.895 Y44.975 E2833.56865
G1 X9.825 Y45.045
G0 F1800 X9.895 Y45.541
G1 F600 X11.255 Y44.181 E2833.6806
G1 X11.325 Y44.111
G0 F1800 X11.255 Y44.747
G1 F600 X9.895 Y46.106 E2833.7925
G1 X9.825 Y46.176
G0 F1800 X9.895 Y46.672
G1 F600 X11.255 Y45.312 E2833.90445
G1 X11.325 Y45.242
G0 F1800 X11.255 Y45.878
G1 F600 X9.895 Y47.238 E2834.0164
G1 X9.825 Y47.308
G0 F1800 X9.895 Y47.803
G1 F600 X11.255 Y46.444 E2834.12831
G1 X11.325 Y46.374
G0 F1800 X11.702 Y46.562
G1 F600 X9.895 Y48.369 E2834.27705
G1 X9.825 Y48.439
G0 F1800 X10.407 Y48.423
G1 F600 X12.268 Y46.562 E2834.43024
G1 X12.338 Y46.492
G0 F1800 X12.833 Y46.562
G1 F600 X10.973 Y48.423 E2834.58338
G1 X10.903 Y48.493
G0 F1800 X11.539 Y48.423
G1 F600 X13.399 Y46.562 E2834.73653
G1 X13.469 Y46.492
G0 F1800 X13.965 Y46.562
G1 F600 X12.104 Y48.423 E2834.88972
G1 X12.034 Y48.493
G0 F1800 X12.67 Y48.423
G1 F600 X14.531 Y46.562 E2835.0429
G1 X14.601 Y46.492
G0 F1800 X15.096 Y46.562
G1 F600 X13.236 Y48.423 E2835.19605
G1 X13.166 Y48.493
G0 F1800 X13.802 Y48.423
G1 F600 X15.662 Y46.562 E2835.3492
G1 X15.732 Y46.492
G0 F1800 X16.228 Y46.562
G1 F600 X14.367 Y48.423 E2835.50238
G1 X14.297 Y48.493
G0 F1800 X14.933 Y48.423
G1 F600 X16.793 Y46.562 E2835.65553
G1 X16.863 Y46.492
G0 F1800 X17.359 Y46.562
G1 F600 X15.499 Y48.423 E2835.80868
G1 X15.429 Y48.493
G0 F1800 X16.064 Y48.423
G1 F600 X17.925 Y46.562 E2835.96186
G1 X17.995 Y46.492
G0 F1800 X18.49 Y46.562
G1 F600 X16.63 Y48.423 E2836.11501
G1 X16.56 Y48.493
G0 F1800 X17.196 Y48.423
G1 F600 X19.056 Y46.562 E2836.26816
G1 X19.126 Y46.492
G0 F1800 X19.622 Y46.562
G1 F600 X17.761 Y48.423 E2836.42135
G1 X17.691 Y48.493
G0 F1800 X18.327 Y48.423
G1 F600 X20.187 Y46.562 E2836.57449
G1 X20.257 Y46.492
G0 F1800 X20.753 Y46.562
G1 F600 X18.893 Y48.423 E2836.72764
G1 X18.823 Y48.493
G0 F1800 X19.458 Y48.423
G1 F600 X21.319 Y46.562 E2836.88083
G1 X21.389 Y46.492
G0 F1800 X21.884 Y46.562
G1 F600 X20.024 Y48.423 E2837.03397
G1 X19.954 Y48.493
G0 F1800 X20.59 Y48.423
G1 F600 X22.45 Y46.562 E2837.18712
G1 X22.52 Y46.492
G0 F1800 X23.016 Y46.562
G1 F600 X21.155 Y48.423 E2837.34031
G1 X21.085 Y48.493
G0 F1800 X21.721 Y48.423
G1 F600 X23.582 Y46.562 E2837.49349
G1 X23.652 Y46.492
G0 F1800 X24.147 Y46.562
G1 F600 X22.287 Y48.423 E2837.64664
G1 X22.217 Y48.493
G0 F1800 X22.852 Y48.423
G1 F600 X24.713 Y46.562 E2837.79983
G1 X24.783 Y46.492
G0 F1800 X25.279 Y46.562
G1 F600 X23.418 Y48.423 E2837.95301
G1 X23.348 Y48.493
G0 F1800 X23.984 Y48.423
G1 F600 X25.844 Y46.562 E2838.10616
G1 X25.914 Y46.492
G0 F1800 X26.41 Y46.562
G1 F600 X24.55 Y48.423 E2838.25931
G1 X24.48 Y48.493
G0 F1800 X25.115 Y48.423
G1 F600 X26.976 Y46.562 E2838.4125
G1 X27.046 Y46.492
G0 F1800 X27.541 Y46.562
G1 F600 X25.681 Y48.423 E2838.56564
G1 X25.611 Y48.493
G0 F1800 X26.247 Y48.423
G1 F600 X28.107 Y46.562 E2838.71879
G1 X28.177 Y46.492
G0 F1800 X28.673 Y46.562
G1 F600 X26.812 Y48.423 E2838.87198
G1 X26.742 Y48.493
G0 F1800 X27.378 Y48.423
G1 F600 X29.238 Y46.562 E2839.02512
G1 X29.308 Y46.492
G0 F1800 X29.804 Y46.562
G1 F600 X27.944 Y48.423 E2839.17827
G1 X27.874 Y48.493
G0 F1800 X28.509 Y48.423
G1 F600 X30.37 Y46.562 E2839.33146
G1 X30.44 Y46.492
G0 F1800 X30.935 Y46.562
G1 F600 X29.075 Y48.423 E2839.4846
G1 X29.005 Y48.493
G0 F1800 X29.641 Y48.423
G1 F600 X31.501 Y46.562 E2839.63775
G1 X31.571 Y46.492
G0 F1800 X32.067 Y46.562
G1 F600 X30.206 Y48.423 E2839.79094
G1 X30.136 Y48.493
G0 F1800 X30.772 Y48.423
G1 F600 X32.632 Y46.562 E2839.94408
G1 X32.702 Y46.492
G0 F1800 X33.198 Y46.562
G1 F600 X31.338 Y48.423 E2840.09723
G1 X31.268 Y48.493
G0 F1800 X31.903 Y48.423
G1 F600 X33.764 Y46.562 E2840.25042
G1 X33.834 Y46.492
G0 F1800 X34.33 Y46.562
G1 F600 X32.469 Y48.423 E2840.4036
G1 X32.399 Y48.493
G0 F1800 X33.035 Y48.423
G1 F600 X34.895 Y46.562 E2840.55675
G1 X34.965 Y46.492
G0 F1800 X35.461 Y46.562
G1 F600 X33.601 Y48.423 E2840.7099
G1 X33.531 Y48.493
G0 F1800 X34.166 Y48.423
G1 F600 X36.027 Y46.562 E2840.86308
G1 X36.097 Y46.492
G0 F1800 X36.592 Y46.562
G1 F600 X34.732 Y48.423 E2841.01623
G1 X34.662 Y48.493
G0 F1800 X35.298 Y48.423
G1 F600 X37.158 Y46.562 E2841.16938
G1 X37.228 Y46.492
G0 F1800 X37.724 Y46.562
G1 F600 X35.863 Y48.423 E2841.32256
G1 X35.793 Y48.493
G0 F1800 X36.429 Y48.423
G1 F600 X38.289 Y46.562 E2841.47571
G1 X38.359 Y46.492
G0 F1800 X38.855 Y46.562
G1 F600 X36.995 Y48.423 E2841.62886
G1 X36.925 Y48.493
G0 F1800 X37.56 Y48.423
G1 F600 X39.421 Y46.562 E2841.78204
G1 X39.491 Y46.492
G0 F1800 X39.986 Y46.562
G1 F600 X38.126 Y48.423 E2841.93519
G1 X38.056 Y48.493
G0 F1800 X38.692 Y48.423
G1 F600 X40.552 Y46.562 E2842.08834
G1 X40.622 Y46.492
G0 F1800 X41.118 Y46.562
G1 F600 X39.257 Y48.423 E2842.24152
G1 X39.187 Y48.493
G0 F1800 X39.823 Y48.423
G1 F600 X41.683 Y46.562 E2842.39467
G1 X41.753 Y46.492
G0 F1800 X42.249 Y46.562
G1 F600 X40.389 Y48.423 E2842.54782
G1 X40.319 Y48.493
G0 F1800 X40.954 Y48.423
G1 F600 X42.815 Y46.562 E2842.70101
G1 X42.885 Y46.492
G0 F1800 X43.381 Y46.562
G1 F600 X41.52 Y48.423 E2842.85419
G1 X41.45 Y48.493
G0 F1800 X42.086 Y48.423
G1 F600 X44.755 Y45.754 E2843.07389
G1 X44.825 Y45.684
G0 F1800 X44.755 Y46.319
G1 F600 X42.651 Y48.423 E2843.24708
G1 X42.581 Y48.493
G0 F1800 X43.217 Y48.423
G1 F600 X44.755 Y46.885 E2843.37368
G1 X44.825 Y46.815
G0 F1800 X44.755 Y47.451
G1 F600 X43.783 Y48.423 E2843.45369
G1 X43.713 Y48.493
G0 F1800 X44.349 Y48.423
G1 F600 X44.755 Y48.016 E2843.48715
G0 F1800 X43.395 Y46.548
G1 F600 X44.755 Y45.188 E2843.5991
G1 X44.825 Y45.118
G0 F1800 X44.755 Y44.622
G1 F600 X43.395 Y45.982 E2843.71105
G1 X43.325 Y46.052
G0 F1800 X43.395 Y45.416
G1 F600 X44.755 Y44.056 E2843.82299
G1 X44.825 Y43.986
G0 F1800 X44.755 Y43.491
G1 F600 X43.395 Y44.851 E2843.93494
G1 X43.325 Y44.921
G0 F1800 X43.395 Y44.285
G1 F600 X44.755 Y42.925 E2844.04689
G1 X44.825 Y42.855
G0 F1800 X44.755 Y42.359
G1 F600 X43.395 Y43.719 E2844.15884
G1 X43.325 Y43.789
G0 F1800 X43.395 Y43.154
G1 F600 X44.755 Y41.794 E2844.27079
G1 X44.825 Y41.724
G0 F1800 X44.755 Y41.228
G1 F600 X43.395 Y42.588 E2844.38273
G1 X43.325 Y42.658
G0 F1800 X43.395 Y42.022
G1 F600 X44.755 Y40.662 E2844.49468
G1 X44.825 Y40.592
G0 F1800 X44.755 Y40.097
G1 F600 X43.395 Y41.456 E2844.60659
G1 X43.325 Y41.526
G0 F1800 X43.395 Y40.891
G1 F600 X44.755 Y39.531 E2844.71854
G1 X44.825 Y39.461
G0 F1800 X44.755 Y38.965
G1 F600 X43.395 Y40.325 E2844.83048
G1 X43.325 Y40.395
G0 F1800 X43.395 Y39.759
G1 F600 X44.755 Y38.4 E2844.94239
G1 X44.825 Y38.33
G0 F1800 X44.755 Y37.834
G1 F600 X43.395 Y39.194 E2845.05434
G1 X43.325 Y39.264
G0 F1800 X43.395 Y38.628
G1 F600 X44.755 Y37.268 E2845.16629
G1 X44.825 Y37.198
G0 F1800 X44.755 Y36.703
G1 F600 X43.395 Y38.062 E2845.27819
G1 X43.325 Y38.132
G0 F1800 X43.395 Y37.497
G1 F600 X44.755 Y36.137 E2845.39014
G1 X44.825 Y36.067
G0 F1800 X44.755 Y35.571
G1 F600 X43.395 Y36.931 E2845.50209
G1 X43.325 Y37.001
G0 F1800 X43.395 Y36.365
G1 F600 X44.755 Y35.006 E2845.614
G1 X44.825 Y34.936
G0 F1800 X44.755 Y34.44
G1 F600 X43.395 Y35.8 E2845.72594
G1 X43.325 Y35.87
G0 F1800 X43.395 Y35.234
G1 F600 X44.755 Y33.874 E2845.83789
G1 X44.825 Y33.804
G0 F1800 X44.755 Y33.308
G1 F600 X43.395 Y34.668 E2845.94984
G1 X43.325 Y34.738
G0 F1800 X43.395 Y34.103
G1 F600 X44.039 Y33.459 E2846.00285
G1 X44.109 Y33.389
G0 F1800 X35.498 Y35.58
G0 X31.838 Y36.122
G0 X16.968 Y37.361
G0 X16.977 Y37.46
;TIME_ELAPSED:4513.067090
;LAYER:66
G0 X16.977 Y37.46 Z23.4
;TYPE:WALL-INNER
G1 F1200 X16.634 Y37.512 E2846.02304
G1 X16.296 Y37.596 E2846.04332
G1 X15.967 Y37.714 E2846.06366
G1 X15.653 Y37.862 E2846.08386
G1 X15.353 Y38.042 E2846.10423
G1 X15.074 Y38.249 E2846.12445
G1 X14.815 Y38.483 E2846.14477
G1 X14.581 Y38.742 E2846.16508
G1 X14.373 Y39.022 E2846.18538
G1 X14.195 Y39.322 E2846.20569
G1 X14.046 Y39.634 E2846.22581
G1 X13.928 Y39.964 E2846.24621
G1 X13.844 Y40.302 E2846.26648
G1 X13.792 Y40.645 E2846.28668
G1 X13.776 Y40.994 E2846.30701
G1 X13.792 Y41.343 E2846.32735
G1 X13.844 Y41.687 E2846.3476
G1 X13.928 Y42.024 E2846.36781
G1 X14.046 Y42.354 E2846.38821
G1 X14.195 Y42.667 E2846.40839
G1 X14.373 Y42.966 E2846.42864
G1 X14.581 Y43.247 E2846.44899
G1 X14.815 Y43.505 E2846.46926
G1 X15.074 Y43.74 E2846.48962
G1 X15.354 Y43.947 E2846.50989
G1 X15.653 Y44.126 E2846.53017
G1 X15.967 Y44.275 E2846.5504
G1 X16.297 Y44.393 E2846.5708
G1 X16.634 Y44.476 E2846.591
G1 X16.977 Y44.528 E2846.61119
G1 X17.326 Y44.544 E2846.63153
G1 X17.675 Y44.528 E2846.65186
G1 X18.019 Y44.476 E2846.67211
G1 X18.357 Y44.392 E2846.69238
G1 X18.685 Y44.275 E2846.71265
G1 X19.001 Y44.126 E2846.73299
G1 X19.299 Y43.947 E2846.75322
G1 X19.579 Y43.74 E2846.77349
G1 X19.837 Y43.505 E2846.7938
G1 X20.072 Y43.247 E2846.81412
G1 X20.279 Y42.967 E2846.83438
G1 X20.458 Y42.669 E2846.85462
G1 X20.607 Y42.352 E2846.875
G1 X20.724 Y42.024 E2846.89527
G1 X20.809 Y41.687 E2846.9155
G1 X20.86 Y41.341 E2846.93586
G1 X20.876 Y40.994 E2846.95608
G1 X20.86 Y40.647 E2846.9763
G1 X20.809 Y40.302 E2846.9966
G1 X20.724 Y39.964 E2847.01688
G1 X20.607 Y39.635 E2847.03721
G1 X20.458 Y39.321 E2847.05744
G1 X20.279 Y39.022 E2847.07772
G1 X20.072 Y38.742 E2847.09799
G1 X19.837 Y38.483 E2847.11834
G1 X19.579 Y38.249 E2847.13862
G1 X19.299 Y38.042 E2847.15888
G1 X19 Y37.862 E2847.1792
G1 X18.685 Y37.714 E2847.19946
G1 X18.357 Y37.596 E2847.21974
G1 X18.019 Y37.512 E2847.24002
G1 X17.675 Y37.46 E2847.26027
G1 X17.326 Y37.444 E2847.2806
G1 X16.977 Y37.46 E2847.30094
G0 F1800 X16.968 Y37.361
G0 X23.215 Y36.243
G0 X23.224 Y36.144
G1 F1200 X27.326 Y36.344 E2847.53998
G1 X31.428 Y36.144 E2847.77902
G1 X35.491 Y35.541 E2848.0181
G1 X39.474 Y34.543 E2848.2571
G1 X43.342 Y33.159 E2848.49621
G1 X46.42 Y31.704 E2848.69438
G1 X46.653 Y31.594 E2848.70937
G1 X46.726 Y31.594 E2848.71362
G1 X46.726 Y31.852 E2848.72346
G1 X46.726 Y50.394 E2849.80271
G1 X7.926 Y50.394 E2852.06107
G1 X7.926 Y31.851 E2853.14037
G1 X7.926 Y31.594 E2853.15533
G1 X8 Y31.594 E2853.15963
G1 X8.232 Y31.703 E2853.16941
G1 X11.311 Y33.159 E2853.36765
G1 X15.178 Y34.543 E2853.60671
G1 X19.162 Y35.541 E2853.84577
G1 X23.224 Y36.144 E2854.08479
G0 F1800 X23.215 Y36.243
G0 X36.968 Y37.361
G0 X36.977 Y37.46
G1 F1200 X36.634 Y37.512 E2854.10498
G1 X36.296 Y37.596 E2854.12525
G1 X35.967 Y37.714 E2854.1456
G1 X35.653 Y37.862 E2854.1658
G1 X35.353 Y38.042 E2854.18617
G1 X35.074 Y38.249 E2854.20639
G1 X34.815 Y38.483 E2854.2267
G1 X34.581 Y38.742 E2854.24702
G1 X34.373 Y39.022 E2854.26732
G1 X34.195 Y39.322 E2854.28763
G1 X34.046 Y39.634 E2854.30775
G1 X33.928 Y39.964 E2854.32815
G1 X33.844 Y40.302 E2854.34842
G1 X33.792 Y40.645 E2854.36861
G1 X33.776 Y40.994 E2854.38895
G1 X33.792 Y41.343 E2854.40928
G1 X33.844 Y41.687 E2854.42953
G1 X33.928 Y42.024 E2854.44975
G1 X34.046 Y42.354 E2854.47015
G1 X34.195 Y42.667 E2854.49033
G1 X34.373 Y42.966 E2854.51058
G1 X34.581 Y43.247 E2854.53093
G1 X34.815 Y43.505 E2854.5512
G1 X35.074 Y43.74 E2854.57156
G1 X35.354 Y43.947 E2854.59182
G1 X35.653 Y44.126 E2854.61211
G1 X35.967 Y44.275 E2854.63234
G1 X36.297 Y44.393 E2854.65274
G1 X36.634 Y44.476 E2854.67294
G1 X36.977 Y44.528 E2854.69313
G1 X37.326 Y44.544 E2854.71347
G1 X37.675 Y44.528 E2854.7338
G1 X38.019 Y44.476 E2854.75405
G1 X38.357 Y44.392 E2854.77432
G1 X38.685 Y44.275 E2854.79459
G1 X39.001 Y44.126 E2854.81493
G1 X39.299 Y43.947 E2854.83516
G1 X39.579 Y43.74 E2854.85543
G1 X39.837 Y43.505 E2854.87574
G1 X40.072 Y43.247 E2854.89605
G1 X40.279 Y42.967 E2854.91632
G1 X40.458 Y42.669 E2854.93656
G1 X40.607 Y42.352 E2854.95694
G1 X40.724 Y42.024 E2854.97721
G1 X40.809 Y41.687 E2854.99744
G1 X40.86 Y41.341 E2855.0178
G1 X40.876 Y40.994 E2855.03802
G1 X40.86 Y40.647 E2855.05824
G1 X40.809 Y40.302 E2855.07853
G1 X40.724 Y39.964 E2855.09882
G1 X40.607 Y39.635 E2855.11915
G1 X40.458 Y39.321 E2855.13937
G1 X40.279 Y39.022 E2855.15966
G1 X40.072 Y38.742 E2855.17993
G1 X39.837 Y38.483 E2855.20028
G1 X39.579 Y38.249 E2855.22056
G1 X39.299 Y38.042 E2855.24082
G1 X39 Y37.862 E2855.26114
G1 X38.685 Y37.714 E2855.28139
G1 X38.357 Y37.596 E2855.30168
G1 X38.019 Y37.512 E2855.32195
G1 X37.675 Y37.46 E2855.3422
G1 X37.326 Y37.444 E2855.36254
G1 X36.977 Y37.46 E2855.38287
G0 F1800 X36.968 Y37.361
G0 X35.952 Y37.678
G0 X35.441 Y37.983
G0 X34.728 Y38.43
G0 X35.098 Y38.766
;TYPE:WALL-OUTER
G1 F600 X34.891 Y38.996 E2855.40089
G1 X34.706 Y39.244 E2855.41889
G1 X34.548 Y39.51 E2855.4369
G1 X34.416 Y39.788 E2855.45481
G1 X34.311 Y40.08 E2855.47288
G1 X34.237 Y40.38 E2855.49086
G1 X34.191 Y40.685 E2855.50881
G1 X34.176 Y40.994 E2855.52682
G1 X34.191 Y41.303 E2855.54483
G1 X34.237 Y41.609 E2855.56284
G1 X34.311 Y41.908 E2855.58077
G1 X34.416 Y42.2 E2855.59883
G1 X34.548 Y42.479 E2855.61679
G1 X34.706 Y42.744 E2855.63475
G1 X34.891 Y42.993 E2855.65281
G1 X35.098 Y43.222 E2855.67077
G1 X35.328 Y43.43 E2855.68882
G1 X35.576 Y43.614 E2855.7068
G1 X35.842 Y43.773 E2855.72484
G1 X36.12 Y43.905 E2855.74275
G1 X36.412 Y44.009 E2855.76079
G1 X36.712 Y44.083 E2855.77877
G1 X37.017 Y44.129 E2855.79673
G1 X37.326 Y44.144 E2855.81473
G1 X37.635 Y44.129 E2855.83274
G1 X37.941 Y44.083 E2855.85075
G1 X38.241 Y44.009 E2855.86874
G1 X38.532 Y43.905 E2855.88672
G1 X38.812 Y43.773 E2855.90474
G1 X39.076 Y43.614 E2855.92268
G1 X39.325 Y43.43 E2855.9407
G1 X39.554 Y43.222 E2855.95871
G1 X39.762 Y42.993 E2855.97671
G1 X39.946 Y42.744 E2855.99473
G1 X40.105 Y42.48 E2856.01267
G1 X40.237 Y42.199 E2856.03074
G1 X40.341 Y41.908 E2856.04873
G1 X40.416 Y41.609 E2856.06667
G1 X40.461 Y41.302 E2856.08473
G1 X40.476 Y40.994 E2856.10268
G1 X40.461 Y40.686 E2856.12063
G1 X40.416 Y40.38 E2856.13863
G1 X40.341 Y40.08 E2856.15663
G1 X40.237 Y39.788 E2856.17467
G1 X40.105 Y39.51 E2856.19258
G1 X39.946 Y39.244 E2856.21062
G1 X39.762 Y38.996 E2856.2286
G1 X39.554 Y38.766 E2856.24665
G1 X39.325 Y38.559 E2856.26461
G1 X39.076 Y38.375 E2856.28263
G1 X38.811 Y38.215 E2856.30065
G1 X38.532 Y38.084 E2856.31859
G1 X38.241 Y37.979 E2856.3366
G1 X37.941 Y37.905 E2856.35458
G1 X37.635 Y37.859 E2856.37259
G1 X37.326 Y37.844 E2856.3906
G1 X37.017 Y37.859 E2856.40861
G1 X36.712 Y37.905 E2856.42656
G1 X36.412 Y37.979 E2856.44455
G1 X36.12 Y38.084 E2856.46261
G1 X35.842 Y38.215 E2856.48049
G1 X35.576 Y38.375 E2856.49856
G1 X35.328 Y38.559 E2856.51654
G1 X35.098 Y38.766 E2856.53455
G0 F1800 X34.891 Y38.996
G0 X34.706 Y39.244
G0 X34.548 Y39.51
G0 X34.517 Y39.576
G0 X34.067 Y39.36
G0 X17.326 Y37.404
G0 X16.285 Y37.558
G0 X15.513 Y37.922
G0 X14.728 Y38.43
G0 X15.098 Y38.766
G1 F600 X14.891 Y38.996 E2856.55256
G1 X14.706 Y39.244 E2856.57057
G1 X14.548 Y39.51 E2856.58857
G1 X14.416 Y39.788 E2856.60649
G1 X14.311 Y40.08 E2856.62455
G1 X14.237 Y40.38 E2856.64253
G1 X14.191 Y40.685 E2856.66049
G1 X14.176 Y40.994 E2856.67849
G1 X14.191 Y41.303 E2856.6965
G1 X14.237 Y41.609 E2856.71451
G1 X14.311 Y41.908 E2856.73244
G1 X14.416 Y42.2 E2856.7505
G1 X14.548 Y42.479 E2856.76847
G1 X14.706 Y42.744 E2856.78642
G1 X14.891 Y42.993 E2856.80448
G1 X15.098 Y43.222 E2856.82245
G1 X15.328 Y43.43 E2856.8405
G1 X15.576 Y43.614 E2856.85847
G1 X15.842 Y43.773 E2856.87651
G1 X16.12 Y43.905 E2856.89442
G1 X16.412 Y44.009 E2856.91246
G1 X16.712 Y44.083 E2856.93045
G1 X17.017 Y44.129 E2856.9484
G1 X17.326 Y44.144 E2856.96641
G1 X17.635 Y44.129 E2856.98441
G1 X17.941 Y44.083 E2857.00242
G1 X18.241 Y44.009 E2857.02041
G1 X18.532 Y43.905 E2857.0384
G1 X18.812 Y43.773 E2857.05641
G1 X19.076 Y43.614 E2857.07435
G1 X19.325 Y43.43 E2857.09237
G1 X19.554 Y43.222 E2857.11038
G1 X19.762 Y42.993 E2857.12839
G1 X19.946 Y42.744 E2857.14641
G1 X20.105 Y42.48 E2857.16434
G1 X20.237 Y42.199 E2857.18241
G1 X20.341 Y41.908 E2857.2004
G1 X20.416 Y41.609 E2857.21834
G1 X20.461 Y41.302 E2857.2364
G1 X20.476 Y40.994 E2857.25435
G1 X20.461 Y40.686 E2857.2723
G1 X20.416 Y40.38 E2857.2903
G1 X20.341 Y40.08 E2857.3083
G1 X20.237 Y39.788 E2857.32634
G1 X20.105 Y39.51 E2857.34426
G1 X19.946 Y39.244 E2857.36229
G1 X19.762 Y38.996 E2857.38027
G1 X19.554 Y38.766 E2857.39832
G1 X19.325 Y38.559 E2857.41629
G1 X19.076 Y38.375 E2857.43431
G1 X18.811 Y38.215 E2857.45232
G1 X18.532 Y38.084 E2857.47026
G1 X18.241 Y37.979 E2857.48827
G1 X17.941 Y37.905 E2857.50626
G1 X17.635 Y37.859 E2857.52427
G1 X17.326 Y37.844 E2857.54227
G1 X17.017 Y37.859 E2857.56028
G1 X16.712 Y37.905 E2857.57823
G1 X16.412 Y37.979 E2857.59622
G1 X16.12 Y38.084 E2857.61428
G1 X15.842 Y38.215 E2857.63217
G1 X15.576 Y38.375 E2857.65023
G1 X15.328 Y38.559 E2857.66821
G1 X15.098 Y38.766 E2857.68622
G0 F1800 X14.891 Y38.996
G0 X14.706 Y39.244
G0 X14.548 Y39.51
G0 X14.517 Y39.576
G0 X14.067 Y39.36
G0 X15.172 Y34.644
G0 X15.294 Y34.16
G1 F600 X19.24 Y35.148 E2857.92299
G1 X23.263 Y35.745 E2858.15971
G1 X27.326 Y35.944 E2858.39648
G1 X31.389 Y35.745 E2858.63325
G1 X35.413 Y35.148 E2858.87003
G1 X39.358 Y34.16 E2859.10675
G1 X43.189 Y32.789 E2859.34358
G1 X46.562 Y31.194 E2859.56075
G1 X47.126 Y31.194 E2859.59358
G1 X47.126 Y50.794 E2860.7344
G1 X7.526 Y50.794 E2863.03933
G1 X7.526 Y31.194 E2864.18015
G1 X8.091 Y31.194 E2864.21304
G1 X11.464 Y32.789 E2864.43021
G1 X15.294 Y34.16 E2864.66698
G0 F1800 X16.264 Y34.402
G0 X16.142 Y34.887
G0 X15.065 Y34.917
;TYPE:SKIN
G1 F600 X19.086 Y35.924 E2864.90825
G1 X23.185 Y36.532 E2865.14945
G1 X27.326 Y36.734 E2865.39076
G1 X31.467 Y36.532 E2865.63208
G1 X35.567 Y35.924 E2865.87333
G1 X39.587 Y34.917 E2866.11454
G1 X43.492 Y33.52 E2866.35594
G1 X46.336 Y32.175 E2866.53906
G1 X46.336 Y50.004 E2867.5768
G1 X8.316 Y50.004 E2869.78976
G1 X8.316 Y32.175 E2870.8275
G1 X11.161 Y33.52 E2871.01067
G1 X15.065 Y34.917 E2871.25201
G0 F1800 X16.558 Y37.129
G1 F600 X16.183 Y37.222 E2871.2745
G1 X15.817 Y37.353 E2871.29713
G1 X15.469 Y37.517 E2871.31952
G1 X15.136 Y37.718 E2871.34216
G1 X14.827 Y37.947 E2871.36454
G1 X14.538 Y38.206 E2871.38713
G1 X14.279 Y38.494 E2871.40968
G1 X14.048 Y38.806 E2871.43227
G1 X13.85 Y39.138 E2871.45477
G1 X13.685 Y39.484 E2871.47708
G1 X13.554 Y39.851 E2871.49976
G1 X13.461 Y40.226 E2871.52225
G1 X13.404 Y40.606 E2871.54462
G1 X13.386 Y40.994 E2871.56723
G1 X13.404 Y41.382 E2871.58983
G1 X13.461 Y41.763 E2871.61226
G1 X13.554 Y42.137 E2871.63469
G1 X13.685 Y42.504 E2871.65737
G1 X13.85 Y42.851 E2871.67973
G1 X14.048 Y43.182 E2871.70218
G1 X14.279 Y43.495 E2871.72483
G1 X14.538 Y43.782 E2871.74733
G1 X14.826 Y44.042 E2871.76991
G1 X15.137 Y44.272 E2871.79243
G1 X15.469 Y44.471 E2871.81496
G1 X15.817 Y44.636 E2871.83737
G1 X16.184 Y44.767 E2871.86005
G1 X16.558 Y44.859 E2871.88247
G1 X16.938 Y44.916 E2871.90484
G1 X17.326 Y44.934 E2871.92745
G1 X17.714 Y44.916 E2871.95005
G1 X18.095 Y44.859 E2871.97248
G1 X18.47 Y44.766 E2871.99496
G1 X18.834 Y44.636 E2872.01746
G1 X19.185 Y44.471 E2872.04004
G1 X19.516 Y44.272 E2872.06252
G1 X19.827 Y44.042 E2872.08503
G1 X20.114 Y43.782 E2872.10757
G1 X20.374 Y43.495 E2872.13011
G1 X20.604 Y43.184 E2872.15263
G1 X20.803 Y42.852 E2872.17516
G1 X20.968 Y42.501 E2872.19773
G1 X21.098 Y42.137 E2872.22023
G1 X21.192 Y41.763 E2872.24267
G1 X21.248 Y41.378 E2872.26532
G1 X21.266 Y40.994 E2872.28769
G1 X21.248 Y40.61 E2872.31007
G1 X21.192 Y40.226 E2872.33266
G1 X21.098 Y39.851 E2872.35516
G1 X20.968 Y39.485 E2872.37777
G1 X20.803 Y39.137 E2872.40018
G1 X20.604 Y38.805 E2872.42271
G1 X20.374 Y38.494 E2872.44523
G1 X20.114 Y38.206 E2872.46781
G1 X19.826 Y37.947 E2872.49035
G1 X19.516 Y37.718 E2872.51279
G1 X19.184 Y37.517 E2872.53538
G1 X18.835 Y37.353 E2872.55782
G1 X18.47 Y37.222 E2872.58039
G1 X18.095 Y37.129 E2872.60288
G1 X17.714 Y37.072 E2872.6253
G1 X17.326 Y37.054 E2872.64791
G1 X16.938 Y37.072 E2872.67052
G1 X16.558 Y37.129 E2872.69289
G0 F1800 X33.554 Y39.851
G1 F600 X33.461 Y40.226 E2872.71537
G1 X33.404 Y40.606 E2872.73774
G1 X33.386 Y40.994 E2872.76035
G1 X33.404 Y41.382 E2872.78296
G1 X33.461 Y41.763 E2872.80538
G1 X33.554 Y42.137 E2872.82781
G1 X33.685 Y42.504 E2872.85049
G1 X33.85 Y42.851 E2872.87286
G1 X34.048 Y43.182 E2872.89531
G1 X34.279 Y43.495 E2872.91795
G1 X34.538 Y43.782 E2872.94045
G1 X34.826 Y44.042 E2872.96303
G1 X35.137 Y44.272 E2872.98555
G1 X35.469 Y44.471 E2873.00808
G1 X35.817 Y44.636 E2873.03049
G1 X36.184 Y44.767 E2873.05318
G1 X36.558 Y44.859 E2873.07559
G1 X36.938 Y44.916 E2873.09796
G1 X37.326 Y44.934 E2873.12057
G1 X37.714 Y44.916 E2873.14317
G1 X38.095 Y44.859 E2873.1656
G1 X38.47 Y44.766 E2873.18809
G1 X38.834 Y44.636 E2873.21058
G1 X39.185 Y44.471 E2873.23316
G1 X39.516 Y44.272 E2873.25564
G1 X39.827 Y44.042 E2873.27815
G1 X40.114 Y43.782 E2873.30069
G1 X40.374 Y43.495 E2873.32323
G1 X40.604 Y43.184 E2873.34575
G1 X40.803 Y42.852 E2873.36828
G1 X40.968 Y42.501 E2873.39085
G1 X41.098 Y42.137 E2873.41335
G1 X41.192 Y41.763 E2873.43579
G1 X41.248 Y41.378 E2873.45844
G1 X41.266 Y40.994 E2873.48081
G1 X41.248 Y40.61 E2873.50319
G1 X41.192 Y40.226 E2873.52578
G1 X41.098 Y39.851 E2873.54828
G1 X40.968 Y39.485 E2873.57089
G1 X40.803 Y39.137 E2873.5933
G1 X40.604 Y38.805 E2873.61583
G1 X40.374 Y38.494 E2873.63835
G1 X40.114 Y38.206 E2873.66093
G1 X39.826 Y37.947 E2873.68348
G1 X39.516 Y37.718 E2873.70591
G1 X39.184 Y37.517 E2873.7285
G1 X38.835 Y37.353 E2873.75094
G1 X38.47 Y37.222 E2873.77351
G1 X38.095 Y37.129 E2873.796
G1 X37.714 Y37.072 E2873.81843
G1 X37.326 Y37.054 E2873.84103
G1 X36.938 Y37.072 E2873.86364
G1 X36.558 Y37.129 E2873.88601
G1 X36.183 Y37.222 E2873.9085
G1 X35.817 Y37.353 E2873.93112
G1 X35.469 Y37.517 E2873.95351
G1 X35.136 Y37.718 E2873.97615
G1 X34.827 Y37.947 E2873.99854
G1 X34.538 Y38.206 E2874.02113
G1 X34.279 Y38.494 E2874.04367
G1 X34.048 Y38.806 E2874.06627
G1 X33.85 Y39.138 E2874.08877
G1 X33.685 Y39.484 E2874.11108
G1 X33.554 Y39.851 E2874.13376
G0 F1800 X35.049 Y38.219
G0 X35.779 Y37.782
G0 X46.074 Y32.497
G0 X46.115 Y32.538
G1 F600 X45.923 Y32.912 E2874.15633
G0 F1800 X46.156 Y33.711
G1 F600 X45.306 Y32.861 E2874.2263
G1 X45.236 Y32.791
G0 F1800 X44.922 Y33.043
G1 F600 X46.156 Y34.277 E2874.32788
G1 X46.226 Y34.347
G0 F1800 X46.156 Y34.842
G1 F600 X44.537 Y33.224 E2874.4611
G1 X44.467 Y33.154
G0 F1800 X44.153 Y33.405
G1 F600 X46.156 Y35.408 E2874.62598
G1 X46.226 Y35.478
G0 F1800 X46.156 Y35.974
G1 F600 X43.769 Y33.587 E2874.82247
G1 X43.699 Y33.517
G0 F1800 X43.371 Y33.754
G1 F600 X46.156 Y36.539 E2875.05171
G1 X46.226 Y36.609
G0 F1800 X46.156 Y37.105
G1 F600 X42.954 Y33.903 E2875.31528
G1 X42.884 Y33.833
G0 F1800 X42.538 Y34.052
G1 F600 X46.156 Y37.671 E2875.61314
G1 X46.226 Y37.741
G0 F1800 X46.156 Y38.236
G1 F600 X42.12 Y34.201 E2875.94532
G1 X42.05 Y34.131
G0 F1800 X41.704 Y34.35
G1 F600 X46.156 Y38.802 E2876.31178
G1 X46.226 Y38.872
G0 F1800 X46.156 Y39.368
G1 F600 X41.287 Y34.499 E2876.71257
G1 X41.217 Y34.429
G0 F1800 X40.871 Y34.648
G1 F600 X46.156 Y39.933 E2877.14761
G1 X46.226 Y40.003
G0 F1800 X46.156 Y40.499
G1 F600 X40.454 Y34.798 E2877.61692
G1 X40.384 Y34.728
G0 F1800 X40.038 Y34.947
G1 F600 X46.156 Y41.065 E2878.12052
G1 X46.226 Y41.135
G0 F1800 X46.156 Y41.63
G1 F600 X39.62 Y35.095 E2878.65849
G1 X39.55 Y35.025
G0 F1800 X39.168 Y35.208
G1 F600 X46.156 Y42.196 E2879.23371
G1 X46.226 Y42.266
G0 F1800 X46.156 Y42.762
G1 F600 X38.715 Y35.321 E2879.84621
G1 X38.645 Y35.251
G0 F1800 X38.262 Y35.434
G1 F600 X46.156 Y43.327 E2880.49596
G1 X46.226 Y43.397
G0 F1800 X46.156 Y43.893
G1 F600 X37.81 Y35.547 E2881.18296
G1 X37.74 Y35.477
G0 F1800 X37.357 Y35.66
G1 F600 X38.872 Y37.175 E2881.30766
G1 X38.942 Y37.245
G0 F1800 X38.076 Y36.944
G1 F600 X36.905 Y35.773 E2881.40406
G1 X36.835 Y35.703
G0 F1800 X36.452 Y35.887
G1 F600 X37.445 Y36.879 E2881.48575
G1 X37.515 Y36.949
G0 F1800 X36.896 Y36.896
G1 F600 X36 Y36 E2881.55951
G1 X35.93 Y35.93
G0 F1800 X35.542 Y36.108
G1 F600 X36.412 Y36.978 E2881.63112
G1 X36.482 Y37.048
G0 F1800 X35.973 Y37.104
G1 F600 X35.05 Y36.181 E2881.7071
G1 X34.98 Y36.111
G0 F1800 X34.557 Y36.254
G1 F600 X35.571 Y37.268 E2881.79056
G1 X35.641 Y37.338
G0 F1800 X35.203 Y37.466
G1 F600 X34.064 Y36.327 E2881.88432
G1 X33.994 Y36.257
G0 F1800 X33.572 Y36.401
G1 F600 X34.865 Y37.693 E2881.99071
G1 X34.935 Y37.763
G0 F1800 X34.554 Y37.948
G1 F600 X33.079 Y36.473 E2882.11213
G1 X33.009 Y36.403
G0 F1800 X32.587 Y36.547
G1 F600 X34.272 Y38.231 E2882.25078
G1 X34.342 Y38.301
G0 F1800 X34.018 Y38.543
G1 F600 X32.094 Y36.62 E2882.40912
G1 X32.024 Y36.55
G0 F1800 X31.602 Y36.693
G1 F600 X33.791 Y38.883 E2882.58934
G1 X33.861 Y38.953
G0 F1800 X33.596 Y39.252
G1 F600 X31.074 Y36.731 E2882.7969
G1 X31.004 Y36.661
G0 F1800 X30.534 Y36.757
G1 F600 X33.432 Y39.655 E2883.03545
G1 X33.502 Y39.725
G0 F1800 X33.308 Y40.096
G1 F600 X29.995 Y36.783 E2883.30816
G1 X29.925 Y36.713
G0 F1800 X29.455 Y36.809
G1 F600 X33.226 Y40.58 E2883.61857
G1 X33.296 Y40.65
G0 F1800 X33.212 Y41.132
G1 F600 X28.916 Y36.836 E2883.97219
G1 X28.846 Y36.766
G0 F1800 X28.376 Y36.862
G1 F600 X33.279 Y41.765 E2884.37578
G1 X33.349 Y41.835
G0 F1800 X33.516 Y42.567
G1 F600 X27.837 Y36.888 E2884.84324
G1 X27.767 Y36.818
G0 F1800 X27.295 Y36.911
G1 F600 X40.206 Y49.823 E2885.90605
G1 X40.276 Y49.893
G0 F1800 X39.641 Y49.823
G1 F600 X26.7 Y36.882 E2886.97128
G1 X26.63 Y36.812
G0 F1800 X26.105 Y36.853
G1 F600 X39.075 Y49.823 E2888.0389
G1 X39.145 Y49.893
G0 F1800 X38.509 Y49.823
G1 F600 X25.51 Y36.824 E2889.10891
G1 X25.44 Y36.754
G0 F1800 X24.916 Y36.795
G1 F600 X37.944 Y49.823 E2890.18131
G1 X38.014 Y49.893
G0 F1800 X37.378 Y49.823
G1 F600 X24.321 Y36.766 E2891.25609
G1 X24.251 Y36.696
G0 F1800 X23.726 Y36.737
G1 F600 X36.812 Y49.823 E2892.33326
G1 X36.882 Y49.893
G0 F1800 X36.247 Y49.823
G1 F600 X23.128 Y36.704 E2893.41314
G1 X23.058 Y36.634
G0 F1800 X22.464 Y36.606
G1 F600 X35.681 Y49.823 E2894.5011
G1 X35.751 Y49.893
G0 F1800 X35.115 Y49.823
G1 F600 X21.799 Y36.507 E2895.5972
G1 X21.729 Y36.437
G0 F1800 X21.135 Y36.408
G1 F600 X34.549 Y49.823 E2896.70141
G1 X34.619 Y49.893
G0 F1800 X33.984 Y49.823
G1 F600 X20.471 Y36.31 E2897.81372
G1 X20.401 Y36.24
G0 F1800 X19.806 Y36.211
G1 F600 X33.418 Y49.823 E2898.93419
G1 X33.488 Y49.893
G0 F1800 X32.852 Y49.823
G1 F600 X19.142 Y36.113 E2900.06272
G1 X19.072 Y36.043
G0 F1800 X18.401 Y35.937
G1 F600 X32.287 Y49.823 E2901.20575
G1 X32.357 Y49.893
G0 F1800 X31.721 Y49.823
G1 F600 X20.973 Y39.075 E2902.09046
G1 X20.903 Y39.005
G0 F1800 X21.317 Y39.984
G1 F600 X31.155 Y49.823 E2902.90032
G1 X31.225 Y49.893
G0 F1800 X30.59 Y49.823
G1 F600 X21.43 Y40.663 E2903.65432
G1 X21.36 Y40.593
G0 F1800 X21.434 Y41.233
G1 F600 X30.024 Y49.823 E2904.3614
G1 X30.094 Y49.893
G0 F1800 X29.458 Y49.823
G1 F600 X21.375 Y41.74 E2905.02675
G1 X21.305 Y41.67
G0 F1800 X21.266 Y42.197
G1 F600 X28.893 Y49.823 E2905.65452
G1 X28.963 Y49.893
G0 F1800 X28.327 Y49.823
G1 F600 X21.114 Y42.61 E2906.24826
G1 X21.044 Y42.54
G0 F1800 X20.928 Y42.99
G1 F600 X27.761 Y49.823 E2906.81071
G1 X27.831 Y49.893
G0 F1800 X27.196 Y49.823
G1 F600 X20.711 Y43.339 E2907.34448
G1 X20.641 Y43.269
G0 F1800 X20.466 Y43.659
G1 F600 X26.63 Y49.823 E2907.85187
G1 X26.7 Y49.893
G0 F1800 X26.064 Y49.823
G1 F600 X20.194 Y43.953 E2908.33506
G1 X20.124 Y43.883
G0 F1800 X19.892 Y44.216
G1 F600 X25.498 Y49.823 E2908.79655
G1 X25.568 Y49.893
G0 F1800 X24.933 Y49.823
G1 F600 X19.562 Y44.452 E2909.23867
G1 X19.492 Y44.382
G0 F1800 X19.205 Y44.66
G1 F600 X24.367 Y49.823 E2909.66362
G1 X24.437 Y49.893
G0 F1800 X23.801 Y49.823
G1 F600 X18.812 Y44.834 E2910.07428
G1 X18.742 Y44.764
G0 F1800 X18.384 Y44.971
G1 F600 X23.236 Y49.823 E2910.47367
G1 X23.306 Y49.893
G0 F1800 X22.67 Y49.823
G1 F600 X17.913 Y45.066 E2910.86524
G1 X17.843 Y44.996
G0 F1800 X17.391 Y45.11
G1 F600 X22.104 Y49.823 E2911.25319
G1 X22.174 Y49.893
G0 F1800 X21.539 Y49.823
G1 F600 X16.79 Y45.075 E2911.64406
G1 X16.72 Y45.005
G0 F1800 X16.065 Y44.915
G1 F600 X20.973 Y49.823 E2912.04807
G1 X21.043 Y49.893
G0 F1800 X20.407 Y49.823
G1 F600 X14.918 Y44.334 E2912.49989
G1 X14.848 Y44.264
G0 F1800 X13.988 Y43.404
G1 F600 X8.495 Y37.911 E2912.95204
G1 X8.425 Y37.841
G0 F1800 X8.495 Y37.345
G1 F600 X13.406 Y42.255 E2913.35625
G1 X13.476 Y42.325
G0 F1800 X13.244 Y41.529
G1 F600 X8.495 Y36.78 E2913.74716
G1 X8.425 Y36.71
G0 F1800 X8.495 Y36.214
G1 F600 X13.209 Y40.928 E2914.13519
G1 X13.279 Y40.998
G0 F1800 X13.252 Y40.405
G1 F600 X8.495 Y35.648 E2914.52676
G1 X8.425 Y35.578
G0 F1800 X8.495 Y35.083
G1 F600 X13.348 Y39.935 E2914.9262
G1 X13.418 Y40.005
G0 F1800 X13.485 Y39.506
G1 F600 X8.495 Y34.517 E2915.33691
G1 X8.425 Y34.447
G0 F1800 X8.495 Y33.951
G1 F600 X13.66 Y39.116 E2915.76206
G1 X13.73 Y39.186
G0 F1800 X13.867 Y38.757
G1 F600 X8.495 Y33.386 E2916.20421
G1 X8.425 Y33.316
G0 F1800 X8.495 Y32.82
G1 F600 X14.103 Y38.427 E2916.66579
G1 X14.173 Y38.497
G0 F1800 X14.366 Y38.125
G1 F600 X8.882 Y32.641 E2917.11721
G1 X8.812 Y32.571
G0 F1800 X9.956 Y33.149
G1 F600 X14.66 Y37.853 E2917.50441
G1 X14.73 Y37.923
G0 F1800 X14.98 Y37.608
G1 F600 X11.029 Y33.656 E2917.82968
G1 X10.959 Y33.586
G0 F1800 X11.921 Y33.982
G1 F600 X15.327 Y37.389 E2918.11009
G1 X15.397 Y37.459
G0 F1800 X15.707 Y37.203
G1 F600 X12.802 Y34.298 E2918.34921
G1 X12.732 Y34.228
G0 F1800 X13.682 Y34.612
G1 F600 X16.121 Y37.051 E2918.54997
G1 X16.191 Y37.121
G0 F1800 X16.578 Y36.943
G1 F600 X14.562 Y34.927 E2918.71592
G1 X14.492 Y34.857
G0 F1800 X15.382 Y35.181
G1 F600 X17.085 Y36.884 E2918.8561
G1 X17.155 Y36.954
G0 F1800 X17.655 Y36.889
G1 F600 X16.136 Y35.37 E2918.98114
G1 X16.066 Y35.3
G0 F1800 X16.891 Y35.558
G1 F600 X18.334 Y37.002 E2919.09996
G1 X18.404 Y37.072
G0 F1800 X19.241 Y37.343
G1 F600 X17.645 Y35.747 E2919.23133
G1 X17.575 Y35.677
G0 F1800 X8.495 Y38.477
G1 F600 X19.842 Y49.823 E2920.16532
G1 X19.912 Y49.893
G0 F1800 X19.276 Y49.823
G1 F600 X8.495 Y39.042 E2921.05275
G1 X8.425 Y38.972
G0 F1800 X8.495 Y39.608
G1 F600 X18.71 Y49.823 E2921.8936
G1 X18.78 Y49.893
G0 F1800 X18.145 Y49.823
G1 F600 X8.495 Y40.174 E2922.68789
G1 X8.425 Y40.104
G0 F1800 X8.495 Y40.739
G1 F600 X17.579 Y49.823 E2923.43564
G1 X17.649 Y49.893
G0 F1800 X17.013 Y49.823
G1 F600 X8.495 Y41.305 E2924.13679
G1 X8.425 Y41.235
G0 F1800 X8.495 Y41.871
G1 F600 X16.448 Y49.823 E2924.7914
G1 X16.518 Y49.893
G0 F1800 X15.882 Y49.823
G1 F600 X8.495 Y42.437 E2925.39942
G1 X8.425 Y42.367
G0 F1800 X8.495 Y43.002
G1 F600 X15.316 Y49.823 E2925.96088
G1 X15.386 Y49.893
G0 F1800 X14.75 Y49.823
G1 F600 X8.495 Y43.568 E2926.47576
G1 X8.425 Y43.498
G0 F1800 X8.495 Y44.134
G1 F600 X14.185 Y49.823 E2926.94409
G1 X14.255 Y49.893
G0 F1800 X13.619 Y49.823
G1 F600 X8.495 Y44.699 E2927.36587
G1 X8.425 Y44.629
G0 F1800 X8.495 Y45.265
G1 F600 X13.053 Y49.823 E2927.74106
G1 X13.123 Y49.893
G0 F1800 X12.488 Y49.823
G1 F600 X8.495 Y45.831 E2928.0697
G1 X8.425 Y45.761
G0 F1800 X8.495 Y46.396
G1 F600 X11.922 Y49.823 E2928.3518
G1 X11.992 Y49.893
G0 F1800 X11.356 Y49.823
G1 F600 X8.495 Y46.962 E2928.5873
G1 X8.425 Y46.892
G0 F1800 X8.495 Y47.528
G1 F600 X10.791 Y49.823 E2928.77625
G1 X10.861 Y49.893
G0 F1800 X10.225 Y49.823
G1 F600 X8.495 Y48.093 E2928.91866
G1 X8.425 Y48.023
G0 F1800 X8.495 Y48.659
G1 F600 X9.659 Y49.823 E2929.01447
G1 X9.729 Y49.893
G0 F1800 X9.094 Y49.823
G1 F600 X8.495 Y49.225 E2929.06373
G1 X8.425 Y49.155
G0 F1800 X35.752 Y44.802
G1 F600 X40.772 Y49.823 E2929.477
G1 X40.842 Y49.893
G0 F1800 X41.338 Y49.823
G1 F600 X36.553 Y45.039 E2929.87083
G1 X36.483 Y44.969
G0 F1800 X37.187 Y45.107
G1 F600 X41.903 Y49.823 E2930.25903
G1 X41.973 Y49.893
G0 F1800 X42.469 Y49.823
G1 F600 X37.739 Y45.093 E2930.64837
G1 X37.669 Y45.023
G0 F1800 X38.224 Y45.012
G1 F600 X43.035 Y49.823 E2931.04439
G1 X43.105 Y49.893
G0 F1800 X43.6 Y49.823
G1 F600 X38.665 Y44.887 E2931.45065
G1 X38.595 Y44.817
G0 F1800 X39.067 Y44.724
G1 F600 X44.166 Y49.823 E2931.87038
G1 X44.236 Y49.893
G0 F1800 X44.732 Y49.823
G1 F600 X39.438 Y44.529 E2932.30615
G1 X39.368 Y44.459
G0 F1800 X39.776 Y44.302
G1 F600 X45.297 Y49.823 E2932.76061
G1 X45.367 Y49.893
G0 F1800 X45.863 Y49.823
G1 F600 X40.088 Y44.048 E2933.23598
G1 X40.018 Y43.978
G0 F1800 X40.371 Y43.765
G1 F600 X46.156 Y49.55 E2933.71217
G1 X46.226 Y49.62
G0 F1800 X46.156 Y48.984
G1 F600 X40.626 Y43.454 E2934.16737
G1 X40.556 Y43.384
G0 F1800 X40.853 Y43.116
G1 F600 X46.156 Y48.419 E2934.60388
G1 X46.226 Y48.489
G0 F1800 X46.156 Y47.853
G1 F600 X41.05 Y42.747 E2935.02418
G1 X40.98 Y42.677
G0 F1800 X41.213 Y42.345
G1 F600 X46.156 Y47.287 E2935.43102
G1 X46.226 Y47.357
G0 F1800 X46.156 Y46.722
G1 F600 X41.34 Y41.905 E2935.82749
G1 X41.27 Y41.835
G0 F1800 X41.422 Y41.422
G1 F600 X46.156 Y46.156 E2936.21716
G1 X46.226 Y46.226
G0 F1800 X46.156 Y45.59
G1 F600 X41.439 Y40.874 E2936.6054
G1 X41.369 Y40.804
G0 F1800 X41.374 Y40.243
G1 F600 X46.156 Y45.025 E2936.99903
G1 X46.226 Y45.095
G0 F1800 X46.156 Y44.459
G1 F600 X41.144 Y39.447 E2937.41159
G1 X41.074 Y39.377
G0 F1800 X39.321 Y38.009
G0 X38.368 Y37.558
G0 X37.525 Y37.434
G0 X16.968 Y37.361
G0 X16.977 Y37.46
;TIME_ELAPSED:4671.739142
;LAYER:67
G0 X16.977 Y37.46 Z23.75
;TYPE:WALL-INNER
G1 F1200 X16.634 Y37.512 E2937.43178
G1 X16.296 Y37.596 E2937.45206
G1 X15.967 Y37.714 E2937.4724
G1 X15.653 Y37.862 E2937.4926
G1 X15.353 Y38.042 E2937.51297
G1 X15.074 Y38.249 E2937.53319
G1 X14.815 Y38.483 E2937.55351
G1 X14.581 Y38.742 E2937.57382
G1 X14.373 Y39.022 E2937.59412
G1 X14.195 Y39.322 E2937.61443
G1 X14.046 Y39.634 E2937.63455
G1 X13.928 Y39.964 E2937.65495
G1 X13.844 Y40.302 E2937.67522
G1 X13.792 Y40.645 E2937.69542
G1 X13.776 Y40.994 E2937.71575
G1 X13.792 Y41.343 E2937.73609
G1 X13.844 Y41.687 E2937.75634
G1 X13.928 Y42.024 E2937.77655
G1 X14.046 Y42.354 E2937.79695
G1 X14.195 Y42.667 E2937.81713
G1 X14.373 Y42.966 E2937.83738
G1 X14.581 Y43.247 E2937.85773
G1 X14.815 Y43.505 E2937.878
G1 X15.074 Y43.74 E2937.89836
G1 X15.354 Y43.947 E2937.91863
G1 X15.653 Y44.126 E2937.93891
G1 X15.967 Y44.275 E2937.95914
G1 X16.297 Y44.393 E2937.97954
G1 X16.634 Y44.476 E2937.99974
G1 X16.977 Y44.528 E2938.01993
G1 X17.326 Y44.544 E2938.04027
G1 X17.675 Y44.528 E2938.0606
G1 X18.019 Y44.476 E2938.08085
G1 X18.357 Y44.392 E2938.10112
G1 X18.685 Y44.275 E2938.12139
G1 X19.001 Y44.126 E2938.14173
G1 X19.299 Y43.947 E2938.16196
G1 X19.579 Y43.74 E2938.18223
G1 X19.837 Y43.505 E2938.20254
G1 X20.072 Y43.247 E2938.22286
G1 X20.279 Y42.967 E2938.24312
G1 X20.458 Y42.669 E2938.26336
G1 X20.607 Y42.352 E2938.28374
G1 X20.724 Y42.024 E2938.30401
G1 X20.809 Y41.687 E2938.32424
G1 X20.86 Y41.341 E2938.3446
G1 X20.876 Y40.994 E2938.36482
G1 X20.86 Y40.647 E2938.38504
G1 X20.809 Y40.302 E2938.40534
G1 X20.724 Y39.964 E2938.42562
G1 X20.607 Y39.635 E2938.44595
G1 X20.458 Y39.321 E2938.46618
G1 X20.279 Y39.022 E2938.48646
G1 X20.072 Y38.742 E2938.50673
G1 X19.837 Y38.483 E2938.52708
G1 X19.579 Y38.249 E2938.54736
G1 X19.299 Y38.042 E2938.56762
G1 X19 Y37.862 E2938.58794
G1 X18.685 Y37.714 E2938.6082
G1 X18.357 Y37.596 E2938.62848
G1 X18.019 Y37.512 E2938.64876
G1 X17.675 Y37.46 E2938.66901
G1 X17.326 Y37.444 E2938.68934
G1 X16.977 Y37.46 E2938.70968
G0 F1800 X16.968 Y37.361
G0 X23.215 Y36.243
G0 X23.224 Y36.144
G1 F1200 X27.326 Y36.344 E2938.94872
G1 X31.428 Y36.144 E2939.18776
G1 X35.491 Y35.541 E2939.42684
G1 X39.474 Y34.543 E2939.66584
G1 X43.342 Y33.159 E2939.90495
G1 X46.42 Y31.704 E2940.10312
G1 X46.653 Y31.594 E2940.11811
G1 X46.726 Y31.594 E2940.12236
G1 X46.726 Y31.852 E2940.1322
G1 X46.726 Y50.394 E2941.21145
G1 X7.926 Y50.394 E2943.46981
G1 X7.926 Y31.851 E2944.54911
G1 X7.926 Y31.594 E2944.56407
G1 X8 Y31.594 E2944.56837
G1 X8.232 Y31.703 E2944.57815
G1 X11.311 Y33.159 E2944.77639
G1 X15.178 Y34.543 E2945.01545
G1 X19.162 Y35.541 E2945.25451
G1 X23.224 Y36.144 E2945.49353
G0 F1800 X23.215 Y36.243
G0 X36.968 Y37.361
G0 X36.977 Y37.46
G1 F1200 X36.634 Y37.512 E2945.51372
G1 X36.296 Y37.596 E2945.53399
G1 X35.967 Y37.714 E2945.55434
G1 X35.653 Y37.862 E2945.57454
G1 X35.353 Y38.042 E2945.59491
G1 X35.074 Y38.249 E2945.61513
G1 X34.815 Y38.483 E2945.63544
G1 X34.581 Y38.742 E2945.65576
G1 X34.373 Y39.022 E2945.67606
G1 X34.195 Y39.322 E2945.69637
G1 X34.046 Y39.634 E2945.71649
G1 X33.928 Y39.964 E2945.73689
G1 X33.844 Y40.302 E2945.75716
G1 X33.792 Y40.645 E2945.77735
G1 X33.776 Y40.994 E2945.79769
G1 X33.792 Y41.343 E2945.81802
G1 X33.844 Y41.687 E2945.83827
G1 X33.928 Y42.024 E2945.85849
G1 X34.046 Y42.354 E2945.87889
G1 X34.195 Y42.667 E2945.89907
G1 X34.373 Y42.966 E2945.91932
G1 X34.581 Y43.247 E2945.93967
G1 X34.815 Y43.505 E2945.95994
G1 X35.074 Y43.74 E2945.9803
G1 X35.354 Y43.947 E2946.00056
G1 X35.653 Y44.126 E2946.02085
G1 X35.967 Y44.275 E2946.04108
G1 X36.297 Y44.393 E2946.06148
G1 X36.634 Y44.476 E2946.08168
G1 X36.977 Y44.528 E2946.10187
G1 X37.326 Y44.544 E2946.12221
G1 X37.675 Y44.528 E2946.14254
G1 X38.019 Y44.476 E2946.16279
G1 X38.357 Y44.392 E2946.18306
G1 X38.685 Y44.275 E2946.20333
G1 X39.001 Y44.126 E2946.22367
G1 X39.299 Y43.947 E2946.2439
G1 X39.579 Y43.74 E2946.26417
G1 X39.837 Y43.505 E2946.28448
G1 X40.072 Y43.247 E2946.30479
G1 X40.279 Y42.967 E2946.32506
G1 X40.458 Y42.669 E2946.3453
G1 X40.607 Y42.352 E2946.36568
G1 X40.724 Y42.024 E2946.38595
G1 X40.809 Y41.687 E2946.40618
G1 X40.86 Y41.341 E2946.42654
G1 X40.876 Y40.994 E2946.44676
G1 X40.86 Y40.647 E2946.46698
G1 X40.809 Y40.302 E2946.48727
G1 X40.724 Y39.964 E2946.50756
G1 X40.607 Y39.635 E2946.52789
G1 X40.458 Y39.321 E2946.54811
G1 X40.279 Y39.022 E2946.5684
G1 X40.072 Y38.742 E2946.58867
G1 X39.837 Y38.483 E2946.60902
G1 X39.579 Y38.249 E2946.6293
G1 X39.299 Y38.042 E2946.64956
G1 X39 Y37.862 E2946.66988
G1 X38.685 Y37.714 E2946.69013
G1 X38.357 Y37.596 E2946.71042
G1 X38.019 Y37.512 E2946.73069
G1 X37.675 Y37.46 E2946.75094
G1 X37.326 Y37.444 E2946.77128
G1 X36.977 Y37.46 E2946.79161
G0 F1800 X36.968 Y37.361
G0 X35.952 Y37.678
G0 X35.441 Y37.983
G0 X34.728 Y38.43
G0 X35.098 Y38.766
;TYPE:WALL-OUTER
G1 F600 X34.891 Y38.996 E2946.80963
G1 X34.706 Y39.244 E2946.82763
G1 X34.548 Y39.51 E2946.84564
G1 X34.416 Y39.788 E2946.86355
G1 X34.311 Y40.08 E2946.88162
G1 X34.237 Y40.38 E2946.8996
G1 X34.191 Y40.685 E2946.91755
G1 X34.176 Y40.994 E2946.93556
G1 X34.191 Y41.303 E2946.95357
G1 X34.237 Y41.609 E2946.97158
G1 X34.311 Y41.908 E2946.98951
G1 X34.416 Y42.2 E2947.00757
G1 X34.548 Y42.479 E2947.02553
G1 X34.706 Y42.744 E2947.04349
G1 X34.891 Y42.993 E2947.06155
G1 X35.098 Y43.222 E2947.07951
G1 X35.328 Y43.43 E2947.09756
G1 X35.576 Y43.614 E2947.11554
G1 X35.842 Y43.773 E2947.13358
G1 X36.12 Y43.905 E2947.15149
G1 X36.412 Y44.009 E2947.16953
G1 X36.712 Y44.083 E2947.18751
G1 X37.017 Y44.129 E2947.20547
G1 X37.326 Y44.144 E2947.22347
G1 X37.635 Y44.129 E2947.24148
G1 X37.941 Y44.083 E2947.25949
G1 X38.241 Y44.009 E2947.27748
G1 X38.532 Y43.905 E2947.29546
G1 X38.812 Y43.773 E2947.31348
G1 X39.076 Y43.614 E2947.33142
G1 X39.325 Y43.43 E2947.34944
G1 X39.554 Y43.222 E2947.36745
G1 X39.762 Y42.993 E2947.38545
G1 X39.946 Y42.744 E2947.40347
G1 X40.105 Y42.48 E2947.42141
G1 X40.237 Y42.199 E2947.43948
G1 X40.341 Y41.908 E2947.45747
G1 X40.416 Y41.609 E2947.47541
G1 X40.461 Y41.302 E2947.49347
G1 X40.476 Y40.994 E2947.51142
G1 X40.461 Y40.686 E2947.52937
G1 X40.416 Y40.38 E2947.54737
G1 X40.341 Y40.08 E2947.56537
G1 X40.237 Y39.788 E2947.58341
G1 X40.105 Y39.51 E2947.60132
G1 X39.946 Y39.244 E2947.61936
G1 X39.762 Y38.996 E2947.63734
G1 X39.554 Y38.766 E2947.65539
G1 X39.325 Y38.559 E2947.67335
G1 X39.076 Y38.375 E2947.69137
G1 X38.811 Y38.215 E2947.70939
G1 X38.532 Y38.084 E2947.72733
G1 X38.241 Y37.979 E2947.74534
G1 X37.941 Y37.905 E2947.76332
G1 X37.635 Y37.859 E2947.78133
G1 X37.326 Y37.844 E2947.79934
G1 X37.017 Y37.859 E2947.81735
G1 X36.712 Y37.905 E2947.8353
G1 X36.412 Y37.979 E2947.85329
G1 X36.12 Y38.084 E2947.87135
G1 X35.842 Y38.215 E2947.88923
G1 X35.576 Y38.375 E2947.9073
G1 X35.328 Y38.559 E2947.92528
G1 X35.098 Y38.766 E2947.94329
G0 F1800 X34.891 Y38.996
G0 X34.706 Y39.244
G0 X34.548 Y39.51
G0 X34.517 Y39.576
G0 X34.067 Y39.36
G0 X17.326 Y37.404
G0 X16.285 Y37.558
G0 X15.513 Y37.922
G0 X14.728 Y38.43
G0 X15.098 Y38.766
G1 F600 X14.891 Y38.996 E2947.9613
G1 X14.706 Y39.244 E2947.97931
G1 X14.548 Y39.51 E2947.99731
G1 X14.416 Y39.788 E2948.01523
G1 X14.311 Y40.08 E2948.03329
G1 X14.237 Y40.38 E2948.05127
G1 X14.191 Y40.685 E2948.06923
G1 X14.176 Y40.994 E2948.08723
G1 X14.191 Y41.303 E2948.10524
G1 X14.237 Y41.609 E2948.12325
G1 X14.311 Y41.908 E2948.14118
G1 X14.416 Y42.2 E2948.15924
G1 X14.548 Y42.479 E2948.17721
G1 X14.706 Y42.744 E2948.19516
G1 X14.891 Y42.993 E2948.21322
G1 X15.098 Y43.222 E2948.23119
G1 X15.328 Y43.43 E2948.24924
G1 X15.576 Y43.614 E2948.26721
G1 X15.842 Y43.773 E2948.28525
G1 X16.12 Y43.905 E2948.30316
G1 X16.412 Y44.009 E2948.3212
G1 X16.712 Y44.083 E2948.33919
G1 X17.017 Y44.129 E2948.35714
G1 X17.326 Y44.144 E2948.37515
G1 X17.635 Y44.129 E2948.39315
G1 X17.941 Y44.083 E2948.41116
G1 X18.241 Y44.009 E2948.42915
G1 X18.532 Y43.905 E2948.44714
G1 X18.812 Y43.773 E2948.46515
G1 X19.076 Y43.614 E2948.48309
G1 X19.325 Y43.43 E2948.50111
G1 X19.554 Y43.222 E2948.51912
G1 X19.762 Y42.993 E2948.53713
G1 X19.946 Y42.744 E2948.55515
G1 X20.105 Y42.48 E2948.57308
G1 X20.237 Y42.199 E2948.59115
G1 X20.341 Y41.908 E2948.60914
G1 X20.416 Y41.609 E2948.62708
G1 X20.461 Y41.302 E2948.64514
G1 X20.476 Y40.994 E2948.66309
G1 X20.461 Y40.686 E2948.68104
G1 X20.416 Y40.38 E2948.69904
G1 X20.341 Y40.08 E2948.71704
G1 X20.237 Y39.788 E2948.73508
G1 X20.105 Y39.51 E2948.753
G1 X19.946 Y39.244 E2948.77103
G1 X19.762 Y38.996 E2948.78901
G1 X19.554 Y38.766 E2948.80706
G1 X19.325 Y38.559 E2948.82503
G1 X19.076 Y38.375 E2948.84305
G1 X18.811 Y38.215 E2948.86106
G1 X18.532 Y38.084 E2948.879
G1 X18.241 Y37.979 E2948.89701
G1 X17.941 Y37.905 E2948.915
G1 X17.635 Y37.859 E2948.93301
G1 X17.326 Y37.844 E2948.95101
G1 X17.017 Y37.859 E2948.96902
G1 X16.712 Y37.905 E2948.98697
G1 X16.412 Y37.979 E2949.00496
G1 X16.12 Y38.084 E2949.02302
G1 X15.842 Y38.215 E2949.04091
G1 X15.576 Y38.375 E2949.05897
G1 X15.328 Y38.559 E2949.07695
G1 X15.098 Y38.766 E2949.09496
G0 F1800 X14.891 Y38.996
G0 X14.706 Y39.244
G0 X14.548 Y39.51
G0 X14.517 Y39.576
G0 X14.067 Y39.36
G0 X15.172 Y34.644
G0 X15.294 Y34.16
G1 F600 X19.24 Y35.148 E2949.33173
G1 X23.263 Y35.745 E2949.56845
G1 X27.326 Y35.944 E2949.80522
G1 X31.389 Y35.745 E2950.04199
G1 X35.413 Y35.148 E2950.27878
G1 X39.358 Y34.16 E2950.51549
G1 X43.189 Y32.789 E2950.75232
G1 X46.562 Y31.194 E2950.96949
G1 X47.126 Y31.194 E2951.00232
G1 X47.126 Y50.794 E2952.14314
G1 X7.526 Y50.794 E2954.44807
G1 X7.526 Y31.194 E2955.58889
G1 X8.091 Y31.194 E2955.62178
G1 X11.464 Y32.789 E2955.83895
G1 X15.294 Y34.16 E2956.07572
G0 F1800 X16.264 Y34.402
G0 X16.142 Y34.887
G0 X15.065 Y34.917
;TYPE:SKIN
G1 F600 X19.086 Y35.924 E2956.31699
G1 X23.185 Y36.532 E2956.55819
G1 X27.326 Y36.734 E2956.7995
G1 X31.467 Y36.532 E2957.04082
G1 X35.567 Y35.924 E2957.28207
G1 X39.587 Y34.917 E2957.52328
G1 X43.492 Y33.52 E2957.76468
G1 X46.336 Y32.175 E2957.9478
G1 X46.336 Y50.004 E2958.98554
G1 X8.316 Y50.004 E2961.1985
G1 X8.316 Y32.175 E2962.23624
G1 X11.161 Y33.52 E2962.41941
G1 X15.065 Y34.917 E2962.66075
G0 F1800 X16.558 Y37.129
G1 F600 X16.183 Y37.222 E2962.68324
G1 X15.817 Y37.353 E2962.70587
G1 X15.469 Y37.517 E2962.72826
G1 X15.136 Y37.718 E2962.7509
G1 X14.827 Y37.947 E2962.77328
G1 X14.538 Y38.206 E2962.79587
G1 X14.279 Y38.494 E2962.81842
G1 X14.048 Y38.806 E2962.84101
G1 X13.85 Y39.138 E2962.86351
G1 X13.685 Y39.484 E2962.88582
G1 X13.554 Y39.851 E2962.9085
G1 X13.461 Y40.226 E2962.93099
G1 X13.404 Y40.606 E2962.95336
G1 X13.386 Y40.994 E2962.97597
G1 X13.404 Y41.382 E2962.99857
G1 X13.461 Y41.763 E2963.021
G1 X13.554 Y42.137 E2963.04343
G1 X13.685 Y42.504 E2963.06611
G1 X13.85 Y42.851 E2963.08847
G1 X14.048 Y43.182 E2963.11092
G1 X14.279 Y43.495 E2963.13357
G1 X14.538 Y43.782 E2963.15607
G1 X14.826 Y44.042 E2963.17865
G1 X15.137 Y44.272 E2963.20117
G1 X15.469 Y44.471 E2963.2237
G1 X15.817 Y44.636 E2963.24611
G1 X16.184 Y44.767 E2963.26879
G1 X16.558 Y44.859 E2963.29121
G1 X16.938 Y44.916 E2963.31358
G1 X17.326 Y44.934 E2963.33619
G1 X17.714 Y44.916 E2963.35879
G1 X18.095 Y44.859 E2963.38122
G1 X18.47 Y44.766 E2963.4037
G1 X18.834 Y44.636 E2963.4262
G1 X19.185 Y44.471 E2963.44878
G1 X19.516 Y44.272 E2963.47126
G1 X19.827 Y44.042 E2963.49377
G1 X20.114 Y43.782 E2963.51631
G1 X20.374 Y43.495 E2963.53885
G1 X20.604 Y43.184 E2963.56137
G1 X20.803 Y42.852 E2963.5839
G1 X20.968 Y42.501 E2963.60647
G1 X21.098 Y42.137 E2963.62897
G1 X21.192 Y41.763 E2963.65141
G1 X21.248 Y41.378 E2963.67406
G1 X21.266 Y40.994 E2963.69643
G1 X21.248 Y40.61 E2963.71881
G1 X21.192 Y40.226 E2963.7414
G1 X21.098 Y39.851 E2963.7639
G1 X20.968 Y39.485 E2963.78651
G1 X20.803 Y39.137 E2963.80892
G1 X20.604 Y38.805 E2963.83145
G1 X20.374 Y38.494 E2963.85397
G1 X20.114 Y38.206 E2963.87655
G1 X19.826 Y37.947 E2963.89909
G1 X19.516 Y37.718 E2963.92153
G1 X19.184 Y37.517 E2963.94412
G1 X18.835 Y37.353 E2963.96656
G1 X18.47 Y37.222 E2963.98913
G1 X18.095 Y37.129 E2964.01162
G1 X17.714 Y37.072 E2964.03404
G1 X17.326 Y37.054 E2964.05665
G1 X16.938 Y37.072 E2964.07926
G1 X16.558 Y37.129 E2964.10163
G0 F1800 X33.554 Y39.851
G1 F600 X33.461 Y40.226 E2964.12411
G1 X33.404 Y40.606 E2964.14648
G1 X33.386 Y40.994 E2964.16909
G1 X33.404 Y41.382 E2964.1917
G1 X33.461 Y41.763 E2964.21412
G1 X33.554 Y42.137 E2964.23655
G1 X33.685 Y42.504 E2964.25923
G1 X33.85 Y42.851 E2964.2816
G1 X34.048 Y43.182 E2964.30405
G1 X34.279 Y43.495 E2964.32669
G1 X34.538 Y43.782 E2964.34919
G1 X34.826 Y44.042 E2964.37177
G1 X35.137 Y44.272 E2964.39429
G1 X35.469 Y44.471 E2964.41682
G1 X35.817 Y44.636 E2964.43923
G1 X36.184 Y44.767 E2964.46192
G1 X36.558 Y44.859 E2964.48433
G1 X36.938 Y44.916 E2964.5067
G1 X37.326 Y44.934 E2964.52931
G1 X37.714 Y44.916 E2964.55191
G1 X38.095 Y44.859 E2964.57434
G1 X38.47 Y44.766 E2964.59683
G1 X38.834 Y44.636 E2964.61932
G1 X39.185 Y44.471 E2964.6419
G1 X39.516 Y44.272 E2964.66438
G1 X39.827 Y44.042 E2964.68689
G1 X40.114 Y43.782 E2964.70943
G1 X40.374 Y43.495 E2964.73197
G1 X40.604 Y43.184 E2964.75449
G1 X40.803 Y42.852 E2964.77702
G1 X40.968 Y42.501 E2964.79959
G1 X41.098 Y42.137 E2964.82209
G1 X41.192 Y41.763 E2964.84453
G1 X41.248 Y41.378 E2964.86718
G1 X41.266 Y40.994 E2964.88955
G1 X41.248 Y40.61 E2964.91193
G1 X41.192 Y40.226 E2964.93452
G1 X41.098 Y39.851 E2964.95702
G1 X40.968 Y39.485 E2964.97963
G1 X40.803 Y39.137 E2965.00204
G1 X40.604 Y38.805 E2965.02457
G1 X40.374 Y38.494 E2965.04709
G1 X40.114 Y38.206 E2965.06967
G1 X39.826 Y37.947 E2965.09222
G1 X39.516 Y37.718 E2965.11465
G1 X39.184 Y37.517 E2965.13724
G1 X38.835 Y37.353 E2965.15968
G1 X38.47 Y37.222 E2965.18225
G1 X38.095 Y37.129 E2965.20474
G1 X37.714 Y37.072 E2965.22717
G1 X37.326 Y37.054 E2965.24977
G1 X36.938 Y37.072 E2965.27238
G1 X36.558 Y37.129 E2965.29475
G1 X36.183 Y37.222 E2965.31724
G1 X35.817 Y37.353 E2965.33986
G1 X35.469 Y37.517 E2965.36225
G1 X35.136 Y37.718 E2965.38489
G1 X34.827 Y37.947 E2965.40728
G1 X34.538 Y38.206 E2965.42987
G1 X34.279 Y38.494 E2965.45241
G1 X34.048 Y38.806 E2965.47501
G1 X33.85 Y39.138 E2965.49751
G1 X33.685 Y39.484 E2965.51982
G1 X33.554 Y39.851 E2965.5425
G0 F1800 X33.89 Y42.035
G0 X34.34 Y42.988
G0 X35.049 Y43.77
G0 X35.56 Y44.075
G0 X45.777 Y49.823
G1 F600 X46.155 Y49.445 E2965.57362
G0 F1800 X46.155 Y48.879
G1 F600 X45.211 Y49.823 E2965.65132
G1 X45.141 Y49.893
G0 F1800 X44.646 Y49.823
G1 F600 X46.155 Y48.313 E2965.77557
G1 X46.225 Y48.243
G0 F1800 X46.155 Y47.748
G1 F600 X44.08 Y49.823 E2965.94638
G1 X44.01 Y49.893
G0 F1800 X43.514 Y49.823
G1 F600 X46.155 Y47.182 E2966.16377
G1 X46.225 Y47.112
G0 F1800 X46.155 Y46.616
G1 F600 X42.948 Y49.823 E2966.42775
G1 X42.878 Y49.893
G0 F1800 X42.383 Y49.823
G1 F600 X46.155 Y46.051 E2966.73824
G1 X46.225 Y45.981
G0 F1800 X46.155 Y45.485
G1 F600 X41.817 Y49.823 E2967.09533
G1 X41.747 Y49.893
G0 F1800 X41.251 Y49.823
G1 F600 X46.155 Y44.919 E2967.499
G1 X46.225 Y44.849
G0 F1800 X46.155 Y44.353
G1 F600 X40.686 Y49.823 E2967.94922
G1 X40.616 Y49.893
G0 F1800 X40.12 Y49.823
G1 F600 X46.155 Y43.788 E2968.44598
G1 X46.225 Y43.718
G0 F1800 X46.155 Y43.222
G1 F600 X39.554 Y49.823 E2968.98934
G1 X39.484 Y49.893
G0 F1800 X38.989 Y49.823
G1 F600 X46.155 Y42.656 E2969.57925
G1 X46.225 Y42.586
G0 F1800 X46.155 Y42.091
G1 F600 X38.423 Y49.823 E2970.21571
G1 X38.353 Y49.893
G0 F1800 X37.857 Y49.823
G1 F600 X46.155 Y41.525 E2970.89876
G1 X46.225 Y41.455
G0 F1800 X46.155 Y40.959
G1 F600 X37.292 Y49.823 E2971.62835
G1 X37.222 Y49.893
G0 F1800 X36.726 Y49.823
G1 F600 X46.155 Y40.394 E2972.4045
G1 X46.225 Y40.324
G0 F1800 X46.155 Y39.828
G1 F600 X36.16 Y49.823 E2973.22723
G1 X36.09 Y49.893
G0 F1800 X35.595 Y49.823
G1 F600 X46.155 Y39.262 E2974.09651
G1 X46.225 Y39.192
G0 F1800 X46.155 Y38.697
G1 F600 X35.029 Y49.823 E2975.01235
G1 X34.959 Y49.893
G0 F1800 X34.463 Y49.823
G1 F600 X46.155 Y38.131 E2975.97477
G1 X46.225 Y38.061
G0 F1800 X46.155 Y37.565
G1 F600 X41.118 Y42.603 E2976.38943
G1 X41.048 Y42.673
G0 F1800 X41.369 Y41.785
G1 F600 X46.155 Y37 E2976.78335
G1 X46.225 Y36.93
G0 F1800 X46.155 Y36.434
G1 F600 X41.438 Y41.151 E2977.17162
G1 X41.368 Y41.221
G0 F1800 X41.427 Y40.597
G1 F600 X46.155 Y35.868 E2977.56085
G1 X46.225 Y35.798
G0 F1800 X46.155 Y35.303
G1 F600 X41.348 Y40.11 E2977.95654
G1 X41.278 Y40.18
G0 F1800 X41.224 Y39.668
G1 F600 X46.155 Y34.737 E2978.36243
G1 X46.225 Y34.667
G0 F1800 X46.155 Y34.171
G1 F600 X41.062 Y39.264 E2978.78166
G1 X40.992 Y39.334
G0 F1800 X40.867 Y38.894
G1 F600 X46.155 Y33.605 E2979.21698
G1 X46.225 Y33.535
G0 F1800 X46.155 Y33.04
G1 F600 X40.641 Y38.554 E2979.67086
G1 X40.571 Y38.624
G0 F1800 X40.388 Y38.241
G1 F600 X46.155 Y32.474 E2980.14557
G1 X46.225 Y32.404
G0 F1800 X45.112 Y32.951
G1 F600 X40.106 Y37.958 E2980.55768
G1 X40.036 Y38.028
G0 F1800 X39.796 Y37.702
G1 F600 X44.039 Y33.459 E2980.90694
G1 X44.109 Y33.389
G0 F1800 X43.072 Y33.86
G1 F600 X39.459 Y37.473 E2981.20434
G1 X39.389 Y37.543
G0 F1800 X39.092 Y37.275
G1 F600 X42.191 Y34.175 E2981.45948
G1 X42.261 Y34.105
G0 F1800 X41.311 Y34.49
G1 F600 X38.69 Y37.111 E2981.67522
G1 X38.62 Y37.181
G0 F1800 X38.252 Y36.983
G1 F600 X40.43 Y34.805 E2981.8545
G1 X40.5 Y34.735
G0 F1800 X39.561 Y35.108
G1 F600 X37.77 Y36.899 E2982.00193
G1 X37.7 Y36.969
G0 F1800 X37.225 Y36.879
G1 F600 X38.807 Y35.297 E2982.13215
G1 X38.877 Y35.227
G0 F1800 X38.052 Y35.486
G1 F600 X36.597 Y36.941 E2982.25192
G1 X36.527 Y37.011
G0 F1800 X35.808 Y37.164
G1 F600 X37.298 Y35.674 E2982.37457
G1 X37.368 Y35.604
G0 F1800 X36.543 Y35.863
G1 F600 X22.584 Y49.823 E2983.52364
G1 X22.514 Y49.893
G0 F1800 X23.149 Y49.823
G1 F600 X33.495 Y39.477 E2984.37527
G1 X33.565 Y39.407
G0 F1800 X33.272 Y40.266
G1 F600 X23.715 Y49.823 E2985.16195
G1 X23.645 Y49.893
G0 F1800 X24.281 Y49.823
G1 F600 X33.21 Y40.894 E2985.89693
G1 X33.28 Y40.824
G0 F1800 X33.23 Y41.439
G1 F600 X24.847 Y49.823 E2986.58702
G1 X24.777 Y49.893
G0 F1800 X25.412 Y49.823
G1 F600 X33.314 Y41.921 E2987.23747
G1 X33.384 Y41.851
G0 F1800 X33.441 Y42.359
G1 F600 X25.978 Y49.823 E2987.85182
G1 X25.908 Y49.893
G0 F1800 X26.544 Y49.823
G1 F600 X33.607 Y42.76 E2988.43321
G1 X33.677 Y42.69
G0 F1800 X33.805 Y43.127
G1 F600 X27.109 Y49.823 E2988.98439
G1 X27.039 Y49.893
G0 F1800 X27.675 Y49.823
G1 F600 X34.033 Y43.465 E2989.50775
G1 X34.103 Y43.395
G0 F1800 X34.289 Y43.775
G1 F600 X28.241 Y49.823 E2990.00559
G1 X28.171 Y49.893
G0 F1800 X28.806 Y49.823
G1 F600 X34.573 Y44.056 E2990.4803
G1 X34.643 Y43.986
G0 F1800 X34.886 Y44.309
G1 F600 X29.372 Y49.823 E2990.93418
G1 X29.302 Y49.893
G0 F1800 X29.938 Y49.823
G1 F600 X35.226 Y44.534 E2991.3695
G1 X35.296 Y44.464
G0 F1800 X35.597 Y44.729
G1 F600 X30.503 Y49.823 E2991.78881
G1 X30.433 Y49.893
G0 F1800 X31.069 Y49.823
G1 F600 X36.001 Y44.891 E2992.19479
G1 X36.071 Y44.821
G0 F1800 X36.444 Y45.014
G1 F600 X31.635 Y49.823 E2992.59064
G1 X31.565 Y49.893
G0 F1800 X32.2 Y49.823
G1 F600 X36.93 Y45.094 E2992.97994
G1 X37 Y45.024
G0 F1800 X37.485 Y45.104
G1 F600 X32.766 Y49.823 E2993.36839
G1 X32.696 Y49.893
G0 F1800 X33.332 Y49.823
G1 F600 X38.12 Y45.035 E2993.76251
G1 X38.19 Y44.965
G0 F1800 X38.935 Y44.786
G1 F600 X33.897 Y49.823 E2994.17717
G1 X33.827 Y49.893
G0 F1800 X22.018 Y49.823
G1 F600 X35.79 Y36.051 E2995.31081
G1 X35.86 Y35.981
G0 F1800 X35.103 Y36.172
G1 F600 X21.452 Y49.823 E2996.43448
G1 X21.382 Y49.893
G0 F1800 X20.887 Y49.823
G1 F600 X34.438 Y36.271 E2997.54997
G1 X34.508 Y36.201
G0 F1800 X33.774 Y36.37
G1 F600 X20.321 Y49.823 E2998.65735
G1 X20.251 Y49.893
G0 F1800 X19.755 Y49.823
G1 F600 X33.11 Y36.469 E2999.75662
G1 X33.18 Y36.399
G0 F1800 X32.445 Y36.568
G1 F600 X19.19 Y49.823 E3000.8477
G1 X19.12 Y49.893
G0 F1800 X18.624 Y49.823
G1 F600 X31.781 Y36.666 E3001.93071
G1 X31.851 Y36.596
G0 F1800 X31.155 Y36.726
G1 F600 X18.058 Y49.823 E3003.00879
G1 X17.988 Y49.893
G0 F1800 X17.493 Y49.823
G1 F600 X30.561 Y36.755 E3004.08448
G1 X30.631 Y36.685
G0 F1800 X29.966 Y36.784
G1 F600 X16.927 Y49.823 E3005.15778
G1 X16.857 Y49.893
G0 F1800 X16.361 Y49.823
G1 F600 X29.371 Y36.813 E3006.22869
G1 X29.441 Y36.743
G0 F1800 X28.777 Y36.842
G1 F600 X15.796 Y49.823 E3007.29722
G1 X15.726 Y49.893
G0 F1800 X15.23 Y49.823
G1 F600 X28.182 Y36.871 E3008.36336
G1 X28.252 Y36.801
G0 F1800 X27.587 Y36.9
G1 F600 X14.664 Y49.823 E3009.42711
G1 X14.594 Y49.893
G0 F1800 X14.099 Y49.823
G1 F600 X19.328 Y44.594 E3009.85753
G1 X19.398 Y44.524
G0 F1800 X18.385 Y44.971
G1 F600 X13.533 Y49.823 E3010.25692
G1 X13.463 Y49.893
G0 F1800 X12.967 Y49.823
G1 F600 X17.696 Y45.095 E3010.64615
G1 X17.766 Y45.025
G0 F1800 X17.121 Y45.103
G1 F600 X12.401 Y49.823 E3011.03467
G1 X12.331 Y49.893
G0 F1800 X11.836 Y49.823
G1 F600 X16.612 Y45.047 E3011.42781
G1 X16.682 Y44.977
G0 F1800 X16.151 Y44.942
G1 F600 X11.27 Y49.823 E3011.82958
G1 X11.2 Y49.893
G0 F1800 X10.704 Y49.823
G1 F600 X15.733 Y44.794 E3012.24354
G1 X15.803 Y44.724
G0 F1800 X15.351 Y44.61
G1 F600 X10.139 Y49.823 E3012.67261
G1 X10.069 Y49.893
G0 F1800 X9.573 Y49.823
G1 F600 X15.001 Y44.394 E3013.11945
G1 X15.071 Y44.324
G0 F1800 X14.679 Y44.151
G1 F600 X9.007 Y49.823 E3013.58634
G1 X8.937 Y49.893
G0 F1800 X8.495 Y49.769
G1 F600 X14.383 Y43.881 E3014.07101
G1 X14.453 Y43.811
G0 F1800 X14.118 Y43.581
G1 F600 X8.495 Y49.204 E3014.53387
G1 X8.425 Y49.274
G0 F1800 X8.495 Y48.638
G1 F600 X13.88 Y43.253 E3014.97713
G1 X13.95 Y43.183
G0 F1800 X13.671 Y42.896
G1 F600 X8.495 Y48.072 E3015.40319
G1 X8.425 Y48.142
G0 F1800 X8.495 Y47.506
G1 F600 X13.495 Y42.507 E3015.81472
G1 X13.565 Y42.437
G0 F1800 X13.355 Y42.082
G1 F600 X8.495 Y46.941 E3016.21473
G1 X8.425 Y47.011
G0 F1800 X8.495 Y46.375
G1 F600 X13.256 Y41.614 E3016.60663
G1 X13.326 Y41.544
G0 F1800 X13.21 Y41.095
G1 F600 X8.495 Y45.809 E3016.9947
G1 X8.425 Y45.879
G0 F1800 X8.495 Y45.244
G1 F600 X13.237 Y40.502 E3017.38504
G1 X13.307 Y40.432
G0 F1800 X13.383 Y39.791
G1 F600 X8.495 Y44.678 E3017.78735
G1 X8.425 Y44.748
G0 F1800 X8.495 Y44.112
G1 F600 X13.888 Y38.72 E3018.23123
G1 X13.958 Y38.65
G0 F1800 X15.047 Y37.56
G1 F600 X17.018 Y35.59 E3018.39343
G1 X17.088 Y35.52
G0 F1800 X16.566 Y35.476
G1 F600 X8.495 Y43.547 E3019.0578
G1 X8.425 Y43.617
G0 F1800 X8.495 Y42.981
G1 F600 X16.113 Y35.363 E3019.68487
G1 X16.183 Y35.293
G0 F1800 X15.661 Y35.25
G1 F600 X8.495 Y42.415 E3020.27469
G1 X8.425 Y42.485
G0 F1800 X8.495 Y41.85
G1 F600 X15.209 Y35.136 E3020.82736
G1 X15.279 Y35.066
G0 F1800 X14.777 Y35.003
G1 F600 X8.495 Y41.284 E3021.34441
G1 X8.425 Y41.354
G0 F1800 X8.495 Y40.718
G1 F600 X14.359 Y34.854 E3021.82711
G1 X14.429 Y34.784
G0 F1800 X13.943 Y34.705
G1 F600 X8.495 Y40.153 E3022.27556
G1 X8.425 Y40.223
G0 F1800 X8.495 Y39.587
G1 F600 X13.526 Y34.556 E3022.68968
G1 X13.596 Y34.486
G0 F1800 X13.11 Y34.407
G1 F600 X8.495 Y39.021 E3023.06952
G1 X8.425 Y39.091
G0 F1800 X8.495 Y38.456
G1 F600 X12.693 Y34.258 E3023.41508
G1 X12.763 Y34.188
G0 F1800 X12.276 Y34.109
G1 F600 X8.495 Y37.89 E3023.72631
G1 X8.425 Y37.96
G0 F1800 X8.495 Y37.324
G1 F600 X11.86 Y33.96 E3024.00326
G1 X11.93 Y33.89
G0 F1800 X11.443 Y33.811
G1 F600 X8.495 Y36.758 E3024.24588
G1 X8.425 Y36.828
G0 F1800 X8.495 Y36.193
G1 F600 X11.031 Y33.657 E3024.45463
G1 X11.101 Y33.587
G0 F1800 X10.647 Y33.475
G1 F600 X8.495 Y35.627 E3024.63177
G1 X8.425 Y35.697
G0 F1800 X8.495 Y35.061
G1 F600 X10.263 Y33.294 E3024.77726
G1 X10.333 Y33.224
G0 F1800 X9.879 Y33.112
G1 F600 X8.495 Y34.496 E3024.89119
G1 X8.425 Y34.566
G0 F1800 X8.495 Y33.93
G1 F600 X9.495 Y32.93 E3024.9735
G1 X9.565 Y32.86
G0 F1800 X9.111 Y32.748
G1 F600 X8.495 Y33.364 E3025.02421
G1 X8.425 Y33.434
G0 F1800 X8.495 Y32.799
G1 F600 X8.727 Y32.567 E3025.04331
G0 F1800 X16.122 Y37.051
G1 F600 X17.471 Y35.703 E3025.15431
G1 X17.541 Y35.633
G0 F1800 X17.923 Y35.817
G1 F600 X16.834 Y36.906 E3025.24395
G1 X16.764 Y36.976
G0 F1800 X17.427 Y36.878
G1 F600 X18.375 Y35.93 E3025.32198
G1 X18.445 Y35.86
G0 F1800 X18.828 Y36.043
G1 F600 X17.946 Y36.925 E3025.39458
G1 X17.876 Y36.995
G0 F1800 X18.414 Y37.022
G1 F600 X19.301 Y36.135 E3025.4676
G1 X19.371 Y36.065
G0 F1800 X19.793 Y36.209
G1 F600 X18.838 Y37.164 E3025.54621
G1 X18.768 Y37.234
G0 F1800 X19.229 Y37.338
G1 F600 X20.286 Y36.282 E3025.63317
G1 X20.356 Y36.212
G0 F1800 X20.779 Y36.355
G1 F600 X19.584 Y37.549 E3025.7315
G1 X19.514 Y37.619
G0 F1800 X19.912 Y37.787
G1 F600 X21.271 Y36.428 E3025.84336
G1 X21.341 Y36.358
G0 F1800 X21.764 Y36.501
G1 F600 X20.213 Y38.052 E3025.97103
G1 X20.143 Y38.122
G0 F1800 X20.484 Y38.346
G1 F600 X22.256 Y36.574 E3026.11689
G1 X22.326 Y36.504
G0 F1800 X22.749 Y36.647
G1 F600 X20.728 Y38.668 E3026.28325
G1 X20.658 Y38.738
G0 F1800 X20.943 Y39.018
G1 F600 X23.248 Y36.713 E3026.47299
G1 X23.318 Y36.643
G0 F1800 X23.788 Y36.739
G1 F600 X21.127 Y39.4 E3026.69203
G1 X21.057 Y39.47
G0 F1800 X21.276 Y39.817
G1 F600 X24.327 Y36.766 E3026.94317
G1 X24.397 Y36.696
G0 F1800 X24.866 Y36.792
G1 F600 X21.381 Y40.278 E3027.23008
G1 X21.311 Y40.348
G0 F1800 X21.437 Y40.788
G1 F600 X25.406 Y36.819 E3027.55678
G1 X25.476 Y36.749
G0 F1800 X25.945 Y36.845
G1 F600 X21.429 Y41.361 E3027.92852
G1 X21.359 Y41.431
G0 F1800 X21.305 Y42.051
G1 F600 X26.485 Y36.871 E3028.35491
G1 X26.555 Y36.801
G0 F1800 X27.024 Y36.898
G1 F600 X20.926 Y42.995 E3028.85682
G1 X20.856 Y43.065
G0 F1800 X20.899 Y40.644
G0 X20.643 Y39.62
G0 X20.102 Y38.717
G0 X19.321 Y38.009
G0 X18.368 Y37.558
G0 X17.778 Y37.472
G0 X16.968 Y37.361
G0 X16.977 Y37.46
;TIME_ELAPSED:4829.444865
;LAYER:68
G0 X16.977 Y37.46 Z24.1
;TYPE:WALL-INNER
G1 F1200 X16.634 Y37.512 E3028.87701
G1 X16.296 Y37.596 E3028.89728
G1 X15.967 Y37.714 E3028.91763
G1 X15.653 Y37.862 E3028.93783
G1 X15.353 Y38.042 E3028.9582
G1 X15.074 Y38.249 E3028.97842
G1 X14.815 Y38.483 E3028.99873
G1 X14.581 Y38.742 E3029.01905
G1 X14.373 Y39.022 E3029.03935
G1 X14.195 Y39.322 E3029.05966
G1 X14.046 Y39.634 E3029.07978
G1 X13.928 Y39.964 E3029.10018
G1 X13.844 Y40.302 E3029.12045
G1 X13.792 Y40.645 E3029.14064
G1 X13.776 Y40.994 E3029.16098
G1 X13.792 Y41.343 E3029.18131
G1 X13.844 Y41.687 E3029.20156
G1 X13.928 Y42.024 E3029.22178
G1 X14.046 Y42.354 E3029.24218
G1 X14.195 Y42.667 E3029.26235
G1 X14.373 Y42.966 E3029.28261
G1 X14.581 Y43.247 E3029.30296
G1 X14.815 Y43.505 E3029.32323
G1 X15.074 Y43.74 E3029.34359
G1 X15.354 Y43.947 E3029.36385
G1 X15.653 Y44.126 E3029.38414
G1 X15.967 Y44.275 E3029.40437
G1 X16.297 Y44.393 E3029.42477
G1 X16.634 Y44.476 E3029.44497
G1 X16.977 Y44.528 E3029.46516
G1 X17.326 Y44.544 E3029.48549
G1 X17.675 Y44.528 E3029.50583
G1 X18.019 Y44.476 E3029.52608
G1 X18.357 Y44.392 E3029.54635
G1 X18.685 Y44.275 E3029.56662
G1 X19.001 Y44.126 E3029.58696
G1 X19.299 Y43.947 E3029.60719
G1 X19.579 Y43.74 E3029.62746
G1 X19.837 Y43.505 E3029.64777
G1 X20.072 Y43.247 E3029.66808
G1 X20.279 Y42.967 E3029.68835
G1 X20.458 Y42.669 E3029.70858
G1 X20.607 Y42.352 E3029.72897
G1 X20.724 Y42.024 E3029.74924
G1 X20.809 Y41.687 E3029.76947
G1 X20.86 Y41.341 E3029.78983
G1 X20.876 Y40.994 E3029.81005
G1 X20.86 Y40.647 E3029.83026
G1 X20.809 Y40.302 E3029.85056
G1 X20.724 Y39.964 E3029.87085
G1 X20.607 Y39.635 E3029.89117
G1 X20.458 Y39.321 E3029.9114
G1 X20.279 Y39.022 E3029.93169
G1 X20.072 Y38.742 E3029.95195
G1 X19.837 Y38.483 E3029.97231
G1 X19.579 Y38.249 E3029.99258
G1 X19.299 Y38.042 E3030.01285
G1 X19 Y37.862 E3030.03317
G1 X18.685 Y37.714 E3030.05342
G1 X18.357 Y37.596 E3030.07371
G1 X18.019 Y37.512 E3030.09398
G1 X17.675 Y37.46 E3030.11423
G1 X17.326 Y37.444 E3030.13457
G1 X16.977 Y37.46 E3030.1549
G0 F1800 X16.968 Y37.361
G0 X23.215 Y36.243
G0 X23.224 Y36.144
G1 F1200 X27.326 Y36.344 E3030.39395
G1 X31.428 Y36.144 E3030.63299
G1 X35.491 Y35.541 E3030.87206
G1 X39.474 Y34.543 E3031.11106
G1 X43.342 Y33.159 E3031.35018
G1 X46.42 Y31.704 E3031.54834
G1 X46.653 Y31.594 E3031.56334
G1 X46.726 Y31.594 E3031.56759
G1 X46.726 Y31.852 E3031.57743
G1 X46.726 Y50.394 E3032.65667
G1 X7.926 Y50.394 E3034.91504
G1 X7.926 Y31.851 E3035.99434
G1 X7.926 Y31.594 E3036.00929
G1 X8 Y31.594 E3036.0136
G1 X8.232 Y31.703 E3036.02338
G1 X11.311 Y33.159 E3036.22162
G1 X15.178 Y34.543 E3036.46068
G1 X19.162 Y35.541 E3036.69974
G1 X23.224 Y36.144 E3036.93876
G0 F1800 X23.215 Y36.243
G0 X36.968 Y37.361
G0 X36.977 Y37.46
G1 F1200 X36.634 Y37.512 E3036.95895
G1 X36.296 Y37.596 E3036.97922
G1 X35.967 Y37.714 E3036.99957
G1 X35.653 Y37.862 E3037.01977
G1 X35.353 Y38.042 E3037.04013
G1 X35.074 Y38.249 E3037.06035
G1 X34.815 Y38.483 E3037.08067
G1 X34.581 Y38.742 E3037.10099
G1 X34.373 Y39.022 E3037.12129
G1 X34.195 Y39.322 E3037.14159
G1 X34.046 Y39.634 E3037.16172
G1 X33.928 Y39.964 E3037.18212
G1 X33.844 Y40.302 E3037.20239
G1 X33.792 Y40.645 E3037.22258
G1 X33.776 Y40.994 E3037.24292
G1 X33.792 Y41.343 E3037.26325
G1 X33.844 Y41.687 E3037.2835
G1 X33.928 Y42.024 E3037.30372
G1 X34.046 Y42.354 E3037.32412
G1 X34.195 Y42.667 E3037.34429
G1 X34.373 Y42.966 E3037.36455
G1 X34.581 Y43.247 E3037.3849
G1 X34.815 Y43.505 E3037.40517
G1 X35.074 Y43.74 E3037.42552
G1 X35.354 Y43.947 E3037.44579
G1 X35.653 Y44.126 E3037.46608
G1 X35.967 Y44.275 E3037.48631
G1 X36.297 Y44.393 E3037.5067
G1 X36.634 Y44.476 E3037.52691
G1 X36.977 Y44.528 E3037.5471
G1 X37.326 Y44.544 E3037.56743
G1 X37.675 Y44.528 E3037.58777
G1 X38.019 Y44.476 E3037.60802
G1 X38.357 Y44.392 E3037.62829
G1 X38.685 Y44.275 E3037.64856
G1 X39.001 Y44.126 E3037.66889
G1 X39.299 Y43.947 E3037.68913
G1 X39.579 Y43.74 E3037.7094
G1 X39.837 Y43.505 E3037.72971
G1 X40.072 Y43.247 E3037.75002
G1 X40.279 Y42.967 E3037.77029
G1 X40.458 Y42.669 E3037.79052
G1 X40.607 Y42.352 E3037.81091
G1 X40.724 Y42.024 E3037.83118
G1 X40.809 Y41.687 E3037.85141
G1 X40.86 Y41.341 E3037.87177
G1 X40.876 Y40.994 E3037.89198
G1 X40.86 Y40.647 E3037.9122
G1 X40.809 Y40.302 E3037.9325
G1 X40.724 Y39.964 E3037.95279
G1 X40.607 Y39.635 E3037.97311
G1 X40.458 Y39.321 E3037.99334
G1 X40.279 Y39.022 E3038.01363
G1 X40.072 Y38.742 E3038.03389
G1 X39.837 Y38.483 E3038.05425
G1 X39.579 Y38.249 E3038.07452
G1 X39.299 Y38.042 E3038.09479
G1 X39 Y37.862 E3038.1151
G1 X38.685 Y37.714 E3038.13536
G1 X38.357 Y37.596 E3038.15565
G1 X38.019 Y37.512 E3038.17592
G1 X37.675 Y37.46 E3038.19617
G1 X37.326 Y37.444 E3038.21651
G1 X36.977 Y37.46 E3038.23684
G0 F1800 X36.968 Y37.361
G0 X35.952 Y37.678
G0 X35.441 Y37.983
G0 X34.728 Y38.43
G0 X35.098 Y38.766
;TYPE:WALL-OUTER
G1 F600 X34.891 Y38.996 E3038.25485
G1 X34.706 Y39.244 E3038.27286
G1 X34.548 Y39.51 E3038.29087
G1 X34.416 Y39.788 E3038.30878
G1 X34.311 Y40.08 E3038.32684
G1 X34.237 Y40.38 E3038.34483
G1 X34.191 Y40.685 E3038.36278
G1 X34.176 Y40.994 E3038.38079
G1 X34.191 Y41.303 E3038.39879
G1 X34.237 Y41.609 E3038.41681
G1 X34.311 Y41.908 E3038.43473
G1 X34.416 Y42.2 E3038.4528
G1 X34.548 Y42.479 E3038.47076
G1 X34.706 Y42.744 E3038.48872
G1 X34.891 Y42.993 E3038.50677
G1 X35.098 Y43.222 E3038.52474
G1 X35.328 Y43.43 E3038.54279
G1 X35.576 Y43.614 E3038.56077
G1 X35.842 Y43.773 E3038.5788
G1 X36.12 Y43.905 E3038.59672
G1 X36.412 Y44.009 E3038.61476
G1 X36.712 Y44.083 E3038.63274
G1 X37.017 Y44.129 E3038.6507
G1 X37.326 Y44.144 E3038.6687
G1 X37.635 Y44.129 E3038.68671
G1 X37.941 Y44.083 E3038.70472
G1 X38.241 Y44.009 E3038.7227
G1 X38.532 Y43.905 E3038.74069
G1 X38.812 Y43.773 E3038.75871
G1 X39.076 Y43.614 E3038.77665
G1 X39.325 Y43.43 E3038.79467
G1 X39.554 Y43.222 E3038.81267
G1 X39.762 Y42.993 E3038.83068
G1 X39.946 Y42.744 E3038.8487
G1 X40.105 Y42.48 E3038.86664
G1 X40.237 Y42.199 E3038.88471
G1 X40.341 Y41.908 E3038.9027
G1 X40.416 Y41.609 E3038.92064
G1 X40.461 Y41.302 E3038.9387
G1 X40.476 Y40.994 E3038.95665
G1 X40.461 Y40.686 E3038.9746
G1 X40.416 Y40.38 E3038.9926
G1 X40.341 Y40.08 E3039.0106
G1 X40.237 Y39.788 E3039.02864
G1 X40.105 Y39.51 E3039.04655
G1 X39.946 Y39.244 E3039.06459
G1 X39.762 Y38.996 E3039.08256
G1 X39.554 Y38.766 E3039.10061
G1 X39.325 Y38.559 E3039.11858
G1 X39.076 Y38.375 E3039.1366
G1 X38.811 Y38.215 E3039.15462
G1 X38.532 Y38.084 E3039.17256
G1 X38.241 Y37.979 E3039.19057
G1 X37.941 Y37.905 E3039.20855
G1 X37.635 Y37.859 E3039.22656
G1 X37.326 Y37.844 E3039.24457
G1 X37.017 Y37.859 E3039.26257
G1 X36.712 Y37.905 E3039.28053
G1 X36.412 Y37.979 E3039.29851
G1 X36.12 Y38.084 E3039.31657
G1 X35.842 Y38.215 E3039.33446
G1 X35.576 Y38.375 E3039.35253
G1 X35.328 Y38.559 E3039.3705
G1 X35.098 Y38.766 E3039.38851
G0 F1800 X34.891 Y38.996
G0 X34.706 Y39.244
G0 X34.548 Y39.51
G0 X34.517 Y39.576
G0 X34.067 Y39.36
G0 X17.326 Y37.404
G0 X16.285 Y37.558
G0 X15.513 Y37.922
G0 X14.728 Y38.43
G0 X15.098 Y38.766
G1 F600 X14.891 Y38.996 E3039.40653
G1 X14.706 Y39.244 E3039.42453
G1 X14.548 Y39.51 E3039.44254
G1 X14.416 Y39.788 E3039.46045
G1 X14.311 Y40.08 E3039.47852
G1 X14.237 Y40.38 E3039.4965
G1 X14.191 Y40.685 E3039.51445
G1 X14.176 Y40.994 E3039.53246
G1 X14.191 Y41.303 E3039.55047
G1 X14.237 Y41.609 E3039.56848
G1 X14.311 Y41.908 E3039.58641
G1 X14.416 Y42.2 E3039.60447
G1 X14.548 Y42.479 E3039.62243
G1 X14.706 Y42.744 E3039.64039
G1 X14.891 Y42.993 E3039.65845
G1 X15.098 Y43.222 E3039.67641
G1 X15.328 Y43.43 E3039.69446
G1 X15.576 Y43.614 E3039.71244
G1 X15.842 Y43.773 E3039.73048
G1 X16.12 Y43.905 E3039.74839
G1 X16.412 Y44.009 E3039.76643
G1 X16.712 Y44.083 E3039.78441
G1 X17.017 Y44.129 E3039.80237
G1 X17.326 Y44.144 E3039.82037
G1 X17.635 Y44.129 E3039.83838
G1 X17.941 Y44.083 E3039.85639
G1 X18.241 Y44.009 E3039.87438
G1 X18.532 Y43.905 E3039.89236
G1 X18.812 Y43.773 E3039.91038
G1 X19.076 Y43.614 E3039.92832
G1 X19.325 Y43.43 E3039.94634
G1 X19.554 Y43.222 E3039.96435
G1 X19.762 Y42.993 E3039.98235
G1 X19.946 Y42.744 E3040.00037
G1 X20.105 Y42.48 E3040.01831
G1 X20.237 Y42.199 E3040.03638
G1 X20.341 Y41.908 E3040.05437
G1 X20.416 Y41.609 E3040.07231
G1 X20.461 Y41.302 E3040.09037
G1 X20.476 Y40.994 E3040.10832
G1 X20.461 Y40.686 E3040.12627
G1 X20.416 Y40.38 E3040.14427
G1 X20.341 Y40.08 E3040.16227
G1 X20.237 Y39.788 E3040.18031
G1 X20.105 Y39.51 E3040.19822
G1 X19.946 Y39.244 E3040.21626
G1 X19.762 Y38.996 E3040.23424
G1 X19.554 Y38.766 E3040.25229
G1 X19.325 Y38.559 E3040.27025
G1 X19.076 Y38.375 E3040.28827
G1 X18.811 Y38.215 E3040.30629
G1 X18.532 Y38.084 E3040.32423
G1 X18.241 Y37.979 E3040.34224
G1 X17.941 Y37.905 E3040.36022
G1 X17.635 Y37.859 E3040.37823
G1 X17.326 Y37.844 E3040.39624
G1 X17.017 Y37.859 E3040.41425
G1 X16.712 Y37.905 E3040.4322
G1 X16.412 Y37.979 E3040.45019
G1 X16.12 Y38.084 E3040.46825
G1 X15.842 Y38.215 E3040.48613
G1 X15.576 Y38.375 E3040.5042
G1 X15.328 Y38.559 E3040.52218
G1 X15.098 Y38.766 E3040.54019
G0 F1800 X14.891 Y38.996
G0 X14.706 Y39.244
G0 X14.548 Y39.51
G0 X14.517 Y39.576
G0 X14.067 Y39.36
G0 X15.172 Y34.644
G0 X15.294 Y34.16
G1 F600 X19.24 Y35.148 E3040.77695
G1 X23.263 Y35.745 E3041.01368
G1 X27.326 Y35.944 E3041.25045
G1 X31.389 Y35.745 E3041.48722
G1 X35.413 Y35.148 E3041.724
G1 X39.358 Y34.16 E3041.96071
G1 X43.189 Y32.789 E3042.19755
G1 X46.562 Y31.194 E3042.41472
G1 X47.126 Y31.194 E3042.44754
G1 X47.126 Y50.794 E3043.58837
G1 X7.526 Y50.794 E3045.89329
G1 X7.526 Y31.194 E3047.03412
G1 X8.091 Y31.194 E3047.067
G1 X11.464 Y32.789 E3047.28417
G1 X15.294 Y34.16 E3047.52095
G0 F1800 X16.264 Y34.402
G0 X16.142 Y34.887
G0 X15.065 Y34.917
;TYPE:SKIN
G1 F600 X19.086 Y35.924 E3047.76222
G1 X23.185 Y36.532 E3048.00342
G1 X27.326 Y36.734 E3048.24473
G1 X31.467 Y36.532 E3048.48604
G1 X35.567 Y35.924 E3048.7273
G1 X39.587 Y34.917 E3048.96851
G1 X43.492 Y33.52 E3049.20991
G1 X46.336 Y32.175 E3049.39302
G1 X46.336 Y50.004 E3050.43076
G1 X8.316 Y50.004 E3052.64373
G1 X8.316 Y32.175 E3053.68147
G1 X11.161 Y33.52 E3053.86464
G1 X15.065 Y34.917 E3054.10598
G0 F1800 X16.558 Y37.129
G1 F600 X16.183 Y37.222 E3054.12847
G1 X15.817 Y37.353 E3054.15109
G1 X15.469 Y37.517 E3054.17349
G1 X15.136 Y37.718 E3054.19612
G1 X14.827 Y37.947 E3054.21851
G1 X14.538 Y38.206 E3054.2411
G1 X14.279 Y38.494 E3054.26364
G1 X14.048 Y38.806 E3054.28624
G1 X13.85 Y39.138 E3054.30874
G1 X13.685 Y39.484 E3054.33105
G1 X13.554 Y39.851 E3054.35373
G1 X13.461 Y40.226 E3054.37622
G1 X13.404 Y40.606 E3054.39859
G1 X13.386 Y40.994 E3054.42119
G1 X13.404 Y41.382 E3054.4438
G1 X13.461 Y41.763 E3054.46622
G1 X13.554 Y42.137 E3054.48866
G1 X13.685 Y42.504 E3054.51134
G1 X13.85 Y42.851 E3054.5337
G1 X14.048 Y43.182 E3054.55615
G1 X14.279 Y43.495 E3054.57879
G1 X14.538 Y43.782 E3054.6013
G1 X14.826 Y44.042 E3054.62388
G1 X15.137 Y44.272 E3054.64639
G1 X15.469 Y44.471 E3054.66892
G1 X15.817 Y44.636 E3054.69134
G1 X16.184 Y44.767 E3054.71402
G1 X16.558 Y44.859 E3054.73644
G1 X16.938 Y44.916 E3054.7588
G1 X17.326 Y44.934 E3054.78141
G1 X17.714 Y44.916 E3054.80402
G1 X18.095 Y44.859 E3054.82644
G1 X18.47 Y44.766 E3054.84893
G1 X18.834 Y44.636 E3054.87143
G1 X19.185 Y44.471 E3054.894
G1 X19.516 Y44.272 E3054.91648
G1 X19.827 Y44.042 E3054.939
G1 X20.114 Y43.782 E3054.96154
G1 X20.374 Y43.495 E3054.98408
G1 X20.604 Y43.184 E3055.00659
G1 X20.803 Y42.852 E3055.02912
G1 X20.968 Y42.501 E3055.0517
G1 X21.098 Y42.137 E3055.07419
G1 X21.192 Y41.763 E3055.09664
G1 X21.248 Y41.378 E3055.11929
G1 X21.266 Y40.994 E3055.14166
G1 X21.248 Y40.61 E3055.16404
G1 X21.192 Y40.226 E3055.18662
G1 X21.098 Y39.851 E3055.20913
G1 X20.968 Y39.485 E3055.23173
G1 X20.803 Y39.137 E3055.25415
G1 X20.604 Y38.805 E3055.27668
G1 X20.374 Y38.494 E3055.29919
G1 X20.114 Y38.206 E3055.32178
G1 X19.826 Y37.947 E3055.34432
G1 X19.516 Y37.718 E3055.36675
G1 X19.184 Y37.517 E3055.38934
G1 X18.835 Y37.353 E3055.41179
G1 X18.47 Y37.222 E3055.43436
G1 X18.095 Y37.129 E3055.45685
G1 X17.714 Y37.072 E3055.47927
G1 X17.326 Y37.054 E3055.50188
G1 X16.938 Y37.072 E3055.52449
G1 X16.558 Y37.129 E3055.54685
G0 F1800 X33.554 Y39.851
G1 F600 X33.461 Y40.226 E3055.56934
G1 X33.404 Y40.606 E3055.59171
G1 X33.386 Y40.994 E3055.61431
G1 X33.404 Y41.382 E3055.63692
G1 X33.461 Y41.763 E3055.65935
G1 X33.554 Y42.137 E3055.68178
G1 X33.685 Y42.504 E3055.70446
G1 X33.85 Y42.851 E3055.72682
G1 X34.048 Y43.182 E3055.74927
G1 X34.279 Y43.495 E3055.77192
G1 X34.538 Y43.782 E3055.79442
G1 X34.826 Y44.042 E3055.817
G1 X35.137 Y44.272 E3055.83951
G1 X35.469 Y44.471 E3055.86204
G1 X35.817 Y44.636 E3055.88446
G1 X36.184 Y44.767 E3055.90714
G1 X36.558 Y44.859 E3055.92956
G1 X36.938 Y44.916 E3055.95193
G1 X37.326 Y44.934 E3055.97453
G1 X37.714 Y44.916 E3055.99714
G1 X38.095 Y44.859 E3056.01956
G1 X38.47 Y44.766 E3056.04205
G1 X38.834 Y44.636 E3056.06455
G1 X39.185 Y44.471 E3056.08712
G1 X39.516 Y44.272 E3056.1096
G1 X39.827 Y44.042 E3056.13212
G1 X40.114 Y43.782 E3056.15466
G1 X40.374 Y43.495 E3056.1772
G1 X40.604 Y43.184 E3056.19971
G1 X40.803 Y42.852 E3056.22224
G1 X40.968 Y42.501 E3056.24482
G1 X41.098 Y42.137 E3056.26732
G1 X41.192 Y41.763 E3056.28976
G1 X41.248 Y41.378 E3056.31241
G1 X41.266 Y40.994 E3056.33478
G1 X41.248 Y40.61 E3056.35716
G1 X41.192 Y40.226 E3056.37974
G1 X41.098 Y39.851 E3056.40225
G1 X40.968 Y39.485 E3056.42485
G1 X40.803 Y39.137 E3056.44727
G1 X40.604 Y38.805 E3056.4698
G1 X40.374 Y38.494 E3056.49231
G1 X40.114 Y38.206 E3056.5149
G1 X39.826 Y37.947 E3056.53744
G1 X39.516 Y37.718 E3056.55988
G1 X39.184 Y37.517 E3056.58247
G1 X38.835 Y37.353 E3056.60491
G1 X38.47 Y37.222 E3056.62748
G1 X38.095 Y37.129 E3056.64997
G1 X37.714 Y37.072 E3056.67239
G1 X37.326 Y37.054 E3056.695
G1 X36.938 Y37.072 E3056.71761
G1 X36.558 Y37.129 E3056.73997
G1 X36.183 Y37.222 E3056.76246
G1 X35.817 Y37.353 E3056.78509
G1 X35.469 Y37.517 E3056.80748
G1 X35.136 Y37.718 E3056.83012
G1 X34.827 Y37.947 E3056.85251
G1 X34.538 Y38.206 E3056.87509
G1 X34.279 Y38.494 E3056.89764
G1 X34.048 Y38.806 E3056.92024
G1 X33.85 Y39.138 E3056.94273
G1 X33.685 Y39.484 E3056.96505
G1 X33.554 Y39.851 E3056.98773
G0 F1800 X35.049 Y38.219
G0 X35.779 Y37.782
G0 X46.074 Y32.497
G0 X46.115 Y32.538
G1 F600 X45.923 Y32.912 E3057.0103
G0 F1800 X46.156 Y33.711
G1 F600 X45.306 Y32.861 E3057.08027
G1 X45.236 Y32.791
G0 F1800 X44.922 Y33.043
G1 F600 X46.156 Y34.277 E3057.18185
G1 X46.226 Y34.347
G0 F1800 X46.156 Y34.842
G1 F600 X44.537 Y33.224 E3057.31507
G1 X44.467 Y33.154
G0 F1800 X44.153 Y33.405
G1 F600 X46.156 Y35.408 E3057.47995
G1 X46.226 Y35.478
G0 F1800 X46.156 Y35.974
G1 F600 X43.769 Y33.587 E3057.67643
G1 X43.699 Y33.517
G0 F1800 X43.371 Y33.754
G1 F600 X46.156 Y36.539 E3057.90568
G1 X46.226 Y36.609
G0 F1800 X46.156 Y37.105
G1 F600 X42.954 Y33.903 E3058.16925
G1 X42.884 Y33.833
G0 F1800 X42.538 Y34.052
G1 F600 X46.156 Y37.671 E3058.46711
G1 X46.226 Y37.741
G0 F1800 X46.156 Y38.236
G1 F600 X42.12 Y34.201 E3058.79929
G1 X42.05 Y34.131
G0 F1800 X41.704 Y34.35
G1 F600 X46.156 Y38.802 E3059.16575
G1 X46.226 Y38.872
G0 F1800 X46.156 Y39.368
G1 F600 X41.287 Y34.499 E3059.56654
G1 X41.217 Y34.429
G0 F1800 X40.871 Y34.648
G1 F600 X46.156 Y39.933 E3060.00157
G1 X46.226 Y40.003
G0 F1800 X46.156 Y40.499
G1 F600 X40.454 Y34.798 E3060.47089
G1 X40.384 Y34.728
G0 F1800 X40.038 Y34.947
G1 F600 X46.156 Y41.065 E3060.97449
G1 X46.226 Y41.135
G0 F1800 X46.156 Y41.63
G1 F600 X39.62 Y35.095 E3061.51246
G1 X39.55 Y35.025
G0 F1800 X39.168 Y35.208
G1 F600 X46.156 Y42.196 E3062.08767
G1 X46.226 Y42.266
G0 F1800 X46.156 Y42.762
G1 F600 X38.715 Y35.321 E3062.70018
G1 X38.645 Y35.251
G0 F1800 X38.262 Y35.434
G1 F600 X46.156 Y43.327 E3063.34993
G1 X46.226 Y43.397
G0 F1800 X46.156 Y43.893
G1 F600 X37.81 Y35.547 E3064.03693
G1 X37.74 Y35.477
G0 F1800 X37.357 Y35.66
G1 F600 X38.872 Y37.175 E3064.16163
G1 X38.942 Y37.245
G0 F1800 X38.076 Y36.944
G1 F600 X36.905 Y35.773 E3064.25802
G1 X36.835 Y35.703
G0 F1800 X36.452 Y35.887
G1 F600 X37.445 Y36.879 E3064.33972
G1 X37.515 Y36.949
G0 F1800 X36.896 Y36.896
G1 F600 X36 Y36 E3064.41347
G1 X35.93 Y35.93
G0 F1800 X35.542 Y36.108
G1 F600 X36.412 Y36.978 E3064.48509
G1 X36.482 Y37.048
G0 F1800 X35.973 Y37.104
G1 F600 X35.05 Y36.181 E3064.56106
G1 X34.98 Y36.111
G0 F1800 X34.557 Y36.254
G1 F600 X35.571 Y37.268 E3064.64453
G1 X35.641 Y37.338
G0 F1800 X35.203 Y37.466
G1 F600 X34.064 Y36.327 E3064.73829
G1 X33.994 Y36.257
G0 F1800 X33.572 Y36.401
G1 F600 X34.865 Y37.693 E3064.84468
G1 X34.935 Y37.763
G0 F1800 X34.554 Y37.948
G1 F600 X33.079 Y36.473 E3064.96609
G1 X33.009 Y36.403
G0 F1800 X32.587 Y36.547
G1 F600 X34.272 Y38.231 E3065.10475
G1 X34.342 Y38.301
G0 F1800 X34.018 Y38.543
G1 F600 X32.094 Y36.62 E3065.26308
G1 X32.024 Y36.55
G0 F1800 X31.602 Y36.693
G1 F600 X33.791 Y38.883 E3065.44331
G1 X33.861 Y38.953
G0 F1800 X33.596 Y39.252
G1 F600 X31.074 Y36.731 E3065.65087
G1 X31.004 Y36.661
G0 F1800 X30.534 Y36.757
G1 F600 X33.432 Y39.655 E3065.88942
G1 X33.502 Y39.725
G0 F1800 X33.308 Y40.096
G1 F600 X29.995 Y36.783 E3066.16212
G1 X29.925 Y36.713
G0 F1800 X29.455 Y36.809
G1 F600 X33.226 Y40.58 E3066.47253
G1 X33.296 Y40.65
G0 F1800 X33.212 Y41.132
G1 F600 X28.916 Y36.836 E3066.82616
G1 X28.846 Y36.766
G0 F1800 X28.376 Y36.862
G1 F600 X33.279 Y41.765 E3067.22975
G1 X33.349 Y41.835
G0 F1800 X33.516 Y42.567
G1 F600 X27.837 Y36.888 E3067.69721
G1 X27.767 Y36.818
G0 F1800 X27.295 Y36.911
G1 F600 X40.206 Y49.823 E3068.76002
G1 X40.276 Y49.893
G0 F1800 X39.641 Y49.823
G1 F600 X26.7 Y36.882 E3069.82525
G1 X26.63 Y36.812
G0 F1800 X26.105 Y36.853
G1 F600 X39.075 Y49.823 E3070.89287
G1 X39.145 Y49.893
G0 F1800 X38.509 Y49.823
G1 F600 X25.51 Y36.824 E3071.96288
G1 X25.44 Y36.754
G0 F1800 X24.916 Y36.795
G1 F600 X37.944 Y49.823 E3073.03527
G1 X38.014 Y49.893
G0 F1800 X37.378 Y49.823
G1 F600 X24.321 Y36.766 E3074.11006
G1 X24.251 Y36.696
G0 F1800 X23.726 Y36.737
G1 F600 X36.812 Y49.823 E3075.18722
G1 X36.882 Y49.893
G0 F1800 X36.247 Y49.823
G1 F600 X23.128 Y36.704 E3076.26711
G1 X23.058 Y36.634
G0 F1800 X22.464 Y36.606
G1 F600 X35.681 Y49.823 E3077.35506
G1 X35.751 Y49.893
G0 F1800 X35.115 Y49.823
G1 F600 X21.799 Y36.507 E3078.45116
G1 X21.729 Y36.437
G0 F1800 X21.135 Y36.408
G1 F600 X34.549 Y49.823 E3079.55537
G1 X34.619 Y49.893
G0 F1800 X33.984 Y49.823
G1 F600 X20.471 Y36.31 E3080.66769
G1 X20.401 Y36.24
G0 F1800 X19.806 Y36.211
G1 F600 X33.418 Y49.823 E3081.78816
G1 X33.488 Y49.893
G0 F1800 X32.852 Y49.823
G1 F600 X19.142 Y36.113 E3082.91669
G1 X19.072 Y36.043
G0 F1800 X18.401 Y35.937
G1 F600 X32.287 Y49.823 E3084.05971
G1 X32.357 Y49.893
G0 F1800 X31.721 Y49.823
G1 F600 X20.973 Y39.075 E3084.94443
G1 X20.903 Y39.005
G0 F1800 X21.317 Y39.984
G1 F600 X31.155 Y49.823 E3085.75428
G1 X31.225 Y49.893
G0 F1800 X30.59 Y49.823
G1 F600 X21.43 Y40.663 E3086.50829
G1 X21.36 Y40.593
G0 F1800 X21.434 Y41.233
G1 F600 X30.024 Y49.823 E3087.21537
G1 X30.094 Y49.893
G0 F1800 X29.458 Y49.823
G1 F600 X21.375 Y41.74 E3087.88072
G1 X21.305 Y41.67
G0 F1800 X21.266 Y42.197
G1 F600 X28.893 Y49.823 E3088.50849
G1 X28.963 Y49.893
G0 F1800 X28.327 Y49.823
G1 F600 X21.114 Y42.61 E3089.10223
G1 X21.044 Y42.54
G0 F1800 X20.928 Y42.99
G1 F600 X27.761 Y49.823 E3089.66468
G1 X27.831 Y49.893
G0 F1800 X27.196 Y49.823
G1 F600 X20.711 Y43.339 E3090.19845
G1 X20.641 Y43.269
G0 F1800 X20.466 Y43.659
G1 F600 X26.63 Y49.823 E3090.70584
G1 X26.7 Y49.893
G0 F1800 X26.064 Y49.823
G1 F600 X20.194 Y43.953 E3091.18903
G1 X20.124 Y43.883
G0 F1800 X19.892 Y44.216
G1 F600 X25.498 Y49.823 E3091.65052
G1 X25.568 Y49.893
G0 F1800 X24.933 Y49.823
G1 F600 X19.562 Y44.452 E3092.09263
G1 X19.492 Y44.382
G0 F1800 X19.205 Y44.66
G1 F600 X24.367 Y49.823 E3092.51758
G1 X24.437 Y49.893
G0 F1800 X23.801 Y49.823
G1 F600 X18.812 Y44.834 E3092.92825
G1 X18.742 Y44.764
G0 F1800 X18.384 Y44.971
G1 F600 X23.236 Y49.823 E3093.32764
G1 X23.306 Y49.893
G0 F1800 X22.67 Y49.823
G1 F600 X17.913 Y45.066 E3093.71921
G1 X17.843 Y44.996
G0 F1800 X17.391 Y45.11
G1 F600 X22.104 Y49.823 E3094.10716
G1 X22.174 Y49.893
G0 F1800 X21.539 Y49.823
G1 F600 X16.79 Y45.075 E3094.49803
G1 X16.72 Y45.005
G0 F1800 X16.065 Y44.915
G1 F600 X20.973 Y49.823 E3094.90203
G1 X21.043 Y49.893
G0 F1800 X20.407 Y49.823
G1 F600 X14.918 Y44.334 E3095.35386
G1 X14.848 Y44.264
G0 F1800 X13.988 Y43.404
G1 F600 X8.495 Y37.911 E3095.80601
G1 X8.425 Y37.841
G0 F1800 X8.495 Y37.345
G1 F600 X13.406 Y42.255 E3096.21022
G1 X13.476 Y42.325
G0 F1800 X13.244 Y41.529
G1 F600 X8.495 Y36.78 E3096.60113
G1 X8.425 Y36.71
G0 F1800 X8.495 Y36.214
G1 F600 X13.209 Y40.928 E3096.98916
G1 X13.279 Y40.998
G0 F1800 X13.252 Y40.405
G1 F600 X8.495 Y35.648 E3097.38073
G1 X8.425 Y35.578
G0 F1800 X8.495 Y35.083
G1 F600 X13.348 Y39.935 E3097.78016
G1 X13.418 Y40.005
G0 F1800 X13.485 Y39.506
G1 F600 X8.495 Y34.517 E3098.19087
G1 X8.425 Y34.447
G0 F1800 X8.495 Y33.951
G1 F600 X13.66 Y39.116 E3098.61603
G1 X13.73 Y39.186
G0 F1800 X13.867 Y38.757
G1 F600 X8.495 Y33.386 E3099.05818
G1 X8.425 Y33.316
G0 F1800 X8.495 Y32.82
G1 F600 X14.103 Y38.427 E3099.51976
G1 X14.173 Y38.497
G0 F1800 X14.366 Y38.125
G1 F600 X8.882 Y32.641 E3099.97117
G1 X8.812 Y32.571
G0 F1800 X9.956 Y33.149
G1 F600 X14.66 Y37.853 E3100.35838
G1 X14.73 Y37.923
G0 F1800 X14.98 Y37.608
G1 F600 X11.029 Y33.656 E3100.68365
G1 X10.959 Y33.586
G0 F1800 X11.921 Y33.982
G1 F600 X15.327 Y37.389 E3100.96405
G1 X15.397 Y37.459
G0 F1800 X15.707 Y37.203
G1 F600 X12.802 Y34.298 E3101.20318
G1 X12.732 Y34.228
G0 F1800 X13.682 Y34.612
G1 F600 X16.121 Y37.051 E3101.40394
G1 X16.191 Y37.121
G0 F1800 X16.578 Y36.943
G1 F600 X14.562 Y34.927 E3101.56989
G1 X14.492 Y34.857
G0 F1800 X15.382 Y35.181
G1 F600 X17.085 Y36.884 E3101.71007
G1 X17.155 Y36.954
G0 F1800 X17.655 Y36.889
G1 F600 X16.136 Y35.37 E3101.83511
G1 X16.066 Y35.3
G0 F1800 X16.891 Y35.558
G1 F600 X18.334 Y37.002 E3101.95393
G1 X18.404 Y37.072
G0 F1800 X19.241 Y37.343
G1 F600 X17.645 Y35.747 E3102.0853
G1 X17.575 Y35.677
G0 F1800 X8.495 Y38.477
G1 F600 X19.842 Y49.823 E3103.01928
G1 X19.912 Y49.893
G0 F1800 X19.276 Y49.823
G1 F600 X8.495 Y39.042 E3103.90672
G1 X8.425 Y38.972
G0 F1800 X8.495 Y39.608
G1 F600 X18.71 Y49.823 E3104.74756
G1 X18.78 Y49.893
G0 F1800 X18.145 Y49.823
G1 F600 X8.495 Y40.174 E3105.54186
G1 X8.425 Y40.104
G0 F1800 X8.495 Y40.739
G1 F600 X17.579 Y49.823 E3106.2896
G1 X17.649 Y49.893
G0 F1800 X17.013 Y49.823
G1 F600 X8.495 Y41.305 E3106.99076
G1 X8.425 Y41.235
G0 F1800 X8.495 Y41.871
G1 F600 X16.448 Y49.823 E3107.64537
G1 X16.518 Y49.893
G0 F1800 X15.882 Y49.823
G1 F600 X8.495 Y42.437 E3108.25338
G1 X8.425 Y42.367
G0 F1800 X8.495 Y43.002
G1 F600 X15.316 Y49.823 E3108.81485
G1 X15.386 Y49.893
G0 F1800 X14.75 Y49.823
G1 F600 X8.495 Y43.568 E3109.32973
G1 X8.425 Y43.498
G0 F1800 X8.495 Y44.134
G1 F600 X14.185 Y49.823 E3109.79806
G1 X14.255 Y49.893
G0 F1800 X13.619 Y49.823
G1 F600 X8.495 Y44.699 E3110.21984
G1 X8.425 Y44.629
G0 F1800 X8.495 Y45.265
G1 F600 X13.053 Y49.823 E3110.59503
G1 X13.123 Y49.893
G0 F1800 X12.488 Y49.823
G1 F600 X8.495 Y45.831 E3110.92367
G1 X8.425 Y45.761
G0 F1800 X8.495 Y46.396
G1 F600 X11.922 Y49.823 E3111.20576
G1 X11.992 Y49.893
G0 F1800 X11.356 Y49.823
G1 F600 X8.495 Y46.962 E3111.44127
G1 X8.425 Y46.892
G0 F1800 X8.495 Y47.528
G1 F600 X10.791 Y49.823 E3111.63022
G1 X10.861 Y49.893
G0 F1800 X10.225 Y49.823
G1 F600 X8.495 Y48.093 E3111.77262
G1 X8.425 Y48.023
G0 F1800 X8.495 Y48.659
G1 F600 X9.659 Y49.823 E3111.86844
G1 X9.729 Y49.893
G0 F1800 X9.094 Y49.823
G1 F600 X8.495 Y49.225 E3111.9177
G1 X8.425 Y49.155
G0 F1800 X35.752 Y44.802
G1 F600 X40.772 Y49.823 E3112.33096
G1 X40.842 Y49.893
G0 F1800 X41.338 Y49.823
G1 F600 X36.553 Y45.039 E3112.7248
G1 X36.483 Y44.969
G0 F1800 X37.187 Y45.107
G1 F600 X41.903 Y49.823 E3113.11299
G1 X41.973 Y49.893
G0 F1800 X42.469 Y49.823
G1 F600 X37.739 Y45.093 E3113.50234
G1 X37.669 Y45.023
G0 F1800 X38.224 Y45.012
G1 F600 X43.035 Y49.823 E3113.89836
G1 X43.105 Y49.893
G0 F1800 X43.6 Y49.823
G1 F600 X38.665 Y44.887 E3114.30462
G1 X38.595 Y44.817
G0 F1800 X39.067 Y44.724
G1 F600 X44.166 Y49.823 E3114.72434
G1 X44.236 Y49.893
G0 F1800 X44.732 Y49.823
G1 F600 X39.438 Y44.529 E3115.16012
G1 X39.368 Y44.459
G0 F1800 X39.776 Y44.302
G1 F600 X45.297 Y49.823 E3115.61458
G1 X45.367 Y49.893
G0 F1800 X45.863 Y49.823
G1 F600 X40.088 Y44.048 E3116.08994
G1 X40.018 Y43.978
G0 F1800 X40.371 Y43.765
G1 F600 X46.156 Y49.55 E3116.56613
G1 X46.226 Y49.62
G0 F1800 X46.156 Y48.984
G1 F600 X40.626 Y43.454 E3117.02133
G1 X40.556 Y43.384
G0 F1800 X40.853 Y43.116
G1 F600 X46.156 Y48.419 E3117.45785
G1 X46.226 Y48.489
G0 F1800 X46.156 Y47.853
G1 F600 X41.05 Y42.747 E3117.87815
G1 X40.98 Y42.677
G0 F1800 X41.213 Y42.345
G1 F600 X46.156 Y47.287 E3118.28499
G1 X46.226 Y47.357
G0 F1800 X46.156 Y46.722
G1 F600 X41.34 Y41.905 E3118.68145
G1 X41.27 Y41.835
G0 F1800 X41.422 Y41.422
G1 F600 X46.156 Y46.156 E3119.07113
G1 X46.226 Y46.226
G0 F1800 X46.156 Y45.59
G1 F600 X41.439 Y40.874 E3119.45937
G1 X41.369 Y40.804
G0 F1800 X41.374 Y40.243
G1 F600 X46.156 Y45.025 E3119.853
G1 X46.226 Y45.095
G0 F1800 X46.156 Y44.459
G1 F600 X41.144 Y39.447 E3120.26556
G1 X41.074 Y39.377
G0 F1800 X39.321 Y38.009
G0 X38.368 Y37.558
G0 X37.525 Y37.434
G0 X16.968 Y37.361
G0 X16.977 Y37.46
;TIME_ELAPSED:4988.116917
;LAYER:69
G0 X16.977 Y37.46 Z24.45
;TYPE:WALL-INNER
G1 F1200 X16.634 Y37.512 E3120.28575
G1 X16.296 Y37.596 E3120.30602
G1 X15.967 Y37.714 E3120.32637
G1 X15.653 Y37.862 E3120.34657
G1 X15.353 Y38.042 E3120.36694
G1 X15.074 Y38.249 E3120.38716
G1 X14.815 Y38.483 E3120.40747
G1 X14.581 Y38.742 E3120.42779
G1 X14.373 Y39.022 E3120.44809
G1 X14.195 Y39.322 E3120.4684
G1 X14.046 Y39.634 E3120.48852
G1 X13.928 Y39.964 E3120.50892
G1 X13.844 Y40.302 E3120.52919
G1 X13.792 Y40.645 E3120.54938
G1 X13.776 Y40.994 E3120.56972
G1 X13.792 Y41.343 E3120.59005
G1 X13.844 Y41.687 E3120.6103
G1 X13.928 Y42.024 E3120.63052
G1 X14.046 Y42.354 E3120.65092
G1 X14.195 Y42.667 E3120.67109
G1 X14.373 Y42.966 E3120.69135
G1 X14.581 Y43.247 E3120.7117
G1 X14.815 Y43.505 E3120.73197
G1 X15.074 Y43.74 E3120.75233
G1 X15.354 Y43.947 E3120.77259
G1 X15.653 Y44.126 E3120.79288
G1 X15.967 Y44.275 E3120.81311
G1 X16.297 Y44.393 E3120.83351
G1 X16.634 Y44.476 E3120.85371
G1 X16.977 Y44.528 E3120.8739
G1 X17.326 Y44.544 E3120.89423
G1 X17.675 Y44.528 E3120.91457
G1 X18.019 Y44.476 E3120.93482
G1 X18.357 Y44.392 E3120.95509
G1 X18.685 Y44.275 E3120.97536
G1 X19.001 Y44.126 E3120.9957
G1 X19.299 Y43.947 E3121.01593
G1 X19.579 Y43.74 E3121.0362
G1 X19.837 Y43.505 E3121.05651
G1 X20.072 Y43.247 E3121.07682
G1 X20.279 Y42.967 E3121.09709
G1 X20.458 Y42.669 E3121.11732
G1 X20.607 Y42.352 E3121.13771
G1 X20.724 Y42.024 E3121.15798
G1 X20.809 Y41.687 E3121.17821
G1 X20.86 Y41.341 E3121.19857
G1 X20.876 Y40.994 E3121.21879
G1 X20.86 Y40.647 E3121.239
G1 X20.809 Y40.302 E3121.2593
G1 X20.724 Y39.964 E3121.27959
G1 X20.607 Y39.635 E3121.29991
G1 X20.458 Y39.321 E3121.32014
G1 X20.279 Y39.022 E3121.34043
G1 X20.072 Y38.742 E3121.36069
G1 X19.837 Y38.483 E3121.38105
G1 X19.579 Y38.249 E3121.40132
G1 X19.299 Y38.042 E3121.42159
G1 X19 Y37.862 E3121.44191
G1 X18.685 Y37.714 E3121.46216
G1 X18.357 Y37.596 E3121.48245
G1 X18.019 Y37.512 E3121.50272
G1 X17.675 Y37.46 E3121.52297
G1 X17.326 Y37.444 E3121.54331
G1 X16.977 Y37.46 E3121.56364
G0 F1800 X16.968 Y37.361
G0 X23.215 Y36.243
G0 X23.224 Y36.144
G1 F1200 X27.326 Y36.344 E3121.80269
G1 X31.428 Y36.144 E3122.04173
G1 X35.491 Y35.541 E3122.2808
G1 X39.474 Y34.543 E3122.5198
G1 X43.342 Y33.159 E3122.75892
G1 X46.42 Y31.704 E3122.95708
G1 X46.653 Y31.594 E3122.97208
G1 X46.726 Y31.594 E3122.97633
G1 X46.726 Y31.852 E3122.98617
G1 X46.726 Y50.394 E3124.06541
G1 X7.926 Y50.394 E3126.32378
G1 X7.926 Y31.851 E3127.40308
G1 X7.926 Y31.594 E3127.41803
G1 X8 Y31.594 E3127.42234
G1 X8.232 Y31.703 E3127.43212
G1 X11.311 Y33.159 E3127.63036
G1 X15.178 Y34.543 E3127.86942
G1 X19.162 Y35.541 E3128.10848
G1 X23.224 Y36.144 E3128.3475
G0 F1800 X23.215 Y36.243
G0 X36.968 Y37.361
G0 X36.977 Y37.46
G1 F1200 X36.634 Y37.512 E3128.36769
G1 X36.296 Y37.596 E3128.38796
G1 X35.967 Y37.714 E3128.40831
G1 X35.653 Y37.862 E3128.42851
G1 X35.353 Y38.042 E3128.44887
G1 X35.074 Y38.249 E3128.46909
G1 X34.815 Y38.483 E3128.48941
G1 X34.581 Y38.742 E3128.50973
G1 X34.373 Y39.022 E3128.53003
G1 X34.195 Y39.322 E3128.55033
G1 X34.046 Y39.634 E3128.57046
G1 X33.928 Y39.964 E3128.59086
G1 X33.844 Y40.302 E3128.61113
G1 X33.792 Y40.645 E3128.63132
G1 X33.776 Y40.994 E3128.65166
G1 X33.792 Y41.343 E3128.67199
G1 X33.844 Y41.687 E3128.69224
G1 X33.928 Y42.024 E3128.71246
G1 X34.046 Y42.354 E3128.73286
G1 X34.195 Y42.667 E3128.75303
G1 X34.373 Y42.966 E3128.77329
G1 X34.581 Y43.247 E3128.79364
G1 X34.815 Y43.505 E3128.81391
G1 X35.074 Y43.74 E3128.83426
G1 X35.354 Y43.947 E3128.85453
G1 X35.653 Y44.126 E3128.87482
G1 X35.967 Y44.275 E3128.89505
G1 X36.297 Y44.393 E3128.91544
G1 X36.634 Y44.476 E3128.93565
G1 X36.977 Y44.528 E3128.95584
G1 X37.326 Y44.544 E3128.97617
G1 X37.675 Y44.528 E3128.99651
G1 X38.019 Y44.476 E3129.01676
G1 X38.357 Y44.392 E3129.03703
G1 X38.685 Y44.275 E3129.0573
G1 X39.001 Y44.126 E3129.07763
G1 X39.299 Y43.947 E3129.09787
G1 X39.579 Y43.74 E3129.11814
G1 X39.837 Y43.505 E3129.13845
G1 X40.072 Y43.247 E3129.15876
G1 X40.279 Y42.967 E3129.17903
G1 X40.458 Y42.669 E3129.19926
G1 X40.607 Y42.352 E3129.21965
G1 X40.724 Y42.024 E3129.23992
G1 X40.809 Y41.687 E3129.26015
G1 X40.86 Y41.341 E3129.28051
G1 X40.876 Y40.994 E3129.30072
G1 X40.86 Y40.647 E3129.32094
G1 X40.809 Y40.302 E3129.34124
G1 X40.724 Y39.964 E3129.36153
G1 X40.607 Y39.635 E3129.38185
G1 X40.458 Y39.321 E3129.40208
G1 X40.279 Y39.022 E3129.42237
G1 X40.072 Y38.742 E3129.44263
G1 X39.837 Y38.483 E3129.46299
G1 X39.579 Y38.249 E3129.48326
G1 X39.299 Y38.042 E3129.50353
G1 X39 Y37.862 E3129.52384
G1 X38.685 Y37.714 E3129.5441
G1 X38.357 Y37.596 E3129.56439
G1 X38.019 Y37.512 E3129.58466
G1 X37.675 Y37.46 E3129.60491
G1 X37.326 Y37.444 E3129.62525
G1 X36.977 Y37.46 E3129.64558
G0 F1800 X36.968 Y37.361
G0 X35.952 Y37.678
G0 X35.441 Y37.983
G0 X34.728 Y38.43
G0 X35.098 Y38.766
;TYPE:WALL-OUTER
G1 F600 X34.891 Y38.996 E3129.66359
G1 X34.706 Y39.244 E3129.6816
G1 X34.548 Y39.51 E3129.69961
G1 X34.416 Y39.788 E3129.71752
G1 X34.311 Y40.08 E3129.73558
G1 X34.237 Y40.38 E3129.75357
G1 X34.191 Y40.685 E3129.77152
G1 X34.176 Y40.994 E3129.78953
G1 X34.191 Y41.303 E3129.80754
G1 X34.237 Y41.609 E3129.82555
G1 X34.311 Y41.908 E3129.84347
G1 X34.416 Y42.2 E3129.86154
G1 X34.548 Y42.479 E3129.8795
G1 X34.706 Y42.744 E3129.89746
G1 X34.891 Y42.993 E3129.91551
G1 X35.098 Y43.222 E3129.93348
G1 X35.328 Y43.43 E3129.95153
G1 X35.576 Y43.614 E3129.96951
G1 X35.842 Y43.773 E3129.98754
G1 X36.12 Y43.905 E3130.00546
G1 X36.412 Y44.009 E3130.0235
G1 X36.712 Y44.083 E3130.04148
G1 X37.017 Y44.129 E3130.05944
G1 X37.326 Y44.144 E3130.07744
G1 X37.635 Y44.129 E3130.09545
G1 X37.941 Y44.083 E3130.11346
G1 X38.241 Y44.009 E3130.13144
G1 X38.532 Y43.905 E3130.14943
G1 X38.812 Y43.773 E3130.16745
G1 X39.076 Y43.614 E3130.18539
G1 X39.325 Y43.43 E3130.20341
G1 X39.554 Y43.222 E3130.22141
G1 X39.762 Y42.993 E3130.23942
G1 X39.946 Y42.744 E3130.25744
G1 X40.105 Y42.48 E3130.27538
G1 X40.237 Y42.199 E3130.29345
G1 X40.341 Y41.908 E3130.31144
G1 X40.416 Y41.609 E3130.32938
G1 X40.461 Y41.302 E3130.34744
G1 X40.476 Y40.994 E3130.36539
G1 X40.461 Y40.686 E3130.38334
G1 X40.416 Y40.38 E3130.40134
G1 X40.341 Y40.08 E3130.41934
G1 X40.237 Y39.788 E3130.43738
G1 X40.105 Y39.51 E3130.45529
G1 X39.946 Y39.244 E3130.47333
G1 X39.762 Y38.996 E3130.4913
G1 X39.554 Y38.766 E3130.50935
G1 X39.325 Y38.559 E3130.52732
G1 X39.076 Y38.375 E3130.54534
G1 X38.811 Y38.215 E3130.56336
G1 X38.532 Y38.084 E3130.5813
G1 X38.241 Y37.979 E3130.59931
G1 X37.941 Y37.905 E3130.61729
G1 X37.635 Y37.859 E3130.6353
G1 X37.326 Y37.844 E3130.65331
G1 X37.017 Y37.859 E3130.67131
G1 X36.712 Y37.905 E3130.68927
G1 X36.412 Y37.979 E3130.70725
G1 X36.12 Y38.084 E3130.72531
G1 X35.842 Y38.215 E3130.7432
G1 X35.576 Y38.375 E3130.76127
G1 X35.328 Y38.559 E3130.77924
G1 X35.098 Y38.766 E3130.79725
G0 F1800 X34.891 Y38.996
G0 X34.706 Y39.244
G0 X34.548 Y39.51
G0 X34.517 Y39.576
G0 X34.067 Y39.36
G0 X17.326 Y37.404
G0 X16.285 Y37.558
G0 X15.513 Y37.922
G0 X14.728 Y38.43
G0 X15.098 Y38.766
G1 F600 X14.891 Y38.996 E3130.81527
G1 X14.706 Y39.244 E3130.83327
G1 X14.548 Y39.51 E3130.85128
G1 X14.416 Y39.788 E3130.86919
G1 X14.311 Y40.08 E3130.88726
G1 X14.237 Y40.38 E3130.90524
G1 X14.191 Y40.685 E3130.92319
G1 X14.176 Y40.994 E3130.9412
G1 X14.191 Y41.303 E3130.95921
G1 X14.237 Y41.609 E3130.97722
G1 X14.311 Y41.908 E3130.99515
G1 X14.416 Y42.2 E3131.01321
G1 X14.548 Y42.479 E3131.03117
G1 X14.706 Y42.744 E3131.04913
G1 X14.891 Y42.993 E3131.06719
G1 X15.098 Y43.222 E3131.08515
G1 X15.328 Y43.43 E3131.1032
G1 X15.576 Y43.614 E3131.12118
G1 X15.842 Y43.773 E3131.13922
G1 X16.12 Y43.905 E3131.15713
G1 X16.412 Y44.009 E3131.17517
G1 X16.712 Y44.083 E3131.19315
G1 X17.017 Y44.129 E3131.21111
G1 X17.326 Y44.144 E3131.22911
G1 X17.635 Y44.129 E3131.24712
G1 X17.941 Y44.083 E3131.26513
G1 X18.241 Y44.009 E3131.28312
G1 X18.532 Y43.905 E3131.3011
G1 X18.812 Y43.773 E3131.31912
G1 X19.076 Y43.614 E3131.33706
G1 X19.325 Y43.43 E3131.35508
G1 X19.554 Y43.222 E3131.37309
G1 X19.762 Y42.993 E3131.39109
G1 X19.946 Y42.744 E3131.40911
G1 X20.105 Y42.48 E3131.42705
G1 X20.237 Y42.199 E3131.44512
G1 X20.341 Y41.908 E3131.46311
G1 X20.416 Y41.609 E3131.48105
G1 X20.461 Y41.302 E3131.49911
G1 X20.476 Y40.994 E3131.51706
G1 X20.461 Y40.686 E3131.53501
G1 X20.416 Y40.38 E3131.55301
G1 X20.341 Y40.08 E3131.57101
G1 X20.237 Y39.788 E3131.58905
G1 X20.105 Y39.51 E3131.60696
G1 X19.946 Y39.244 E3131.625
G1 X19.762 Y38.996 E3131.64298
G1 X19.554 Y38.766 E3131.66103
G1 X19.325 Y38.559 E3131.67899
G1 X19.076 Y38.375 E3131.69701
G1 X18.811 Y38.215 E3131.71503
G1 X18.532 Y38.084 E3131.73297
G1 X18.241 Y37.979 E3131.75098
G1 X17.941 Y37.905 E3131.76896
G1 X17.635 Y37.859 E3131.78697
G1 X17.326 Y37.844 E3131.80498
G1 X17.017 Y37.859 E3131.82299
G1 X16.712 Y37.905 E3131.84094
G1 X16.412 Y37.979 E3131.85893
G1 X16.12 Y38.084 E3131.87699
G1 X15.842 Y38.215 E3131.89487
G1 X15.576 Y38.375 E3131.91294
G1 X15.328 Y38.559 E3131.93092
G1 X15.098 Y38.766 E3131.94893
G0 F1800 X14.891 Y38.996
G0 X14.706 Y39.244
G0 X14.548 Y39.51
G0 X14.517 Y39.576
G0 X14.067 Y39.36
G0 X15.172 Y34.644
G0 X15.294 Y34.16
G1 F600 X19.24 Y35.148 E3132.18569
G1 X23.263 Y35.745 E3132.42242
G1 X27.326 Y35.944 E3132.65919
G1 X31.389 Y35.745 E3132.89596
G1 X35.413 Y35.148 E3133.13274
G1 X39.358 Y34.16 E3133.36945
G1 X43.189 Y32.789 E3133.60629
G1 X46.562 Y31.194 E3133.82346
G1 X47.126 Y31.194 E3133.85628
G1 X47.126 Y50.794 E3134.99711
G1 X7.526 Y50.794 E3137.30203
G1 X7.526 Y31.194 E3138.44286
G1 X8.091 Y31.194 E3138.47574
G1 X11.464 Y32.789 E3138.69291
G1 X15.294 Y34.16 E3138.92969
G0 F1800 X16.264 Y34.402
G0 X16.142 Y34.887
G0 X15.065 Y34.917
;TYPE:SKIN
G1 F600 X19.086 Y35.924 E3139.17096
G1 X23.185 Y36.532 E3139.41216
G1 X27.326 Y36.734 E3139.65347
G1 X31.467 Y36.532 E3139.89478
G1 X35.567 Y35.924 E3140.13604
G1 X39.587 Y34.917 E3140.37725
G1 X43.492 Y33.52 E3140.61865
G1 X46.336 Y32.175 E3140.80176
G1 X46.336 Y50.004 E3141.8395
G1 X8.316 Y50.004 E3144.05247
G1 X8.316 Y32.175 E3145.09021
G1 X11.161 Y33.52 E3145.27338
G1 X15.065 Y34.917 E3145.51472
G0 F1800 X16.558 Y37.129
G1 F600 X16.183 Y37.222 E3145.53721
G1 X15.817 Y37.353 E3145.55983
G1 X15.469 Y37.517 E3145.58223
G1 X15.136 Y37.718 E3145.60486
G1 X14.827 Y37.947 E3145.62725
G1 X14.538 Y38.206 E3145.64984
G1 X14.279 Y38.494 E3145.67238
G1 X14.048 Y38.806 E3145.69498
G1 X13.85 Y39.138 E3145.71748
G1 X13.685 Y39.484 E3145.73979
G1 X13.554 Y39.851 E3145.76247
G1 X13.461 Y40.226 E3145.78496
G1 X13.404 Y40.606 E3145.80733
G1 X13.386 Y40.994 E3145.82993
G1 X13.404 Y41.382 E3145.85254
G1 X13.461 Y41.763 E3145.87496
G1 X13.554 Y42.137 E3145.8974
G1 X13.685 Y42.504 E3145.92008
G1 X13.85 Y42.851 E3145.94244
G1 X14.048 Y43.182 E3145.96489
G1 X14.279 Y43.495 E3145.98753
G1 X14.538 Y43.782 E3146.01004
G1 X14.826 Y44.042 E3146.03262
G1 X15.137 Y44.272 E3146.05513
G1 X15.469 Y44.471 E3146.07766
G1 X15.817 Y44.636 E3146.10008
G1 X16.184 Y44.767 E3146.12276
G1 X16.558 Y44.859 E3146.14518
G1 X16.938 Y44.916 E3146.16754
G1 X17.326 Y44.934 E3146.19015
G1 X17.714 Y44.916 E3146.21276
G1 X18.095 Y44.859 E3146.23518
G1 X18.47 Y44.766 E3146.25767
G1 X18.834 Y44.636 E3146.28017
G1 X19.185 Y44.471 E3146.30274
G1 X19.516 Y44.272 E3146.32522
G1 X19.827 Y44.042 E3146.34774
G1 X20.114 Y43.782 E3146.37028
G1 X20.374 Y43.495 E3146.39282
G1 X20.604 Y43.184 E3146.41533
G1 X20.803 Y42.852 E3146.43786
G1 X20.968 Y42.501 E3146.46044
G1 X21.098 Y42.137 E3146.48293
G1 X21.192 Y41.763 E3146.50538
G1 X21.248 Y41.378 E3146.52803
G1 X21.266 Y40.994 E3146.5504
G1 X21.248 Y40.61 E3146.57278
G1 X21.192 Y40.226 E3146.59536
G1 X21.098 Y39.851 E3146.61787
G1 X20.968 Y39.485 E3146.64047
G1 X20.803 Y39.137 E3146.66289
G1 X20.604 Y38.805 E3146.68542
G1 X20.374 Y38.494 E3146.70793
G1 X20.114 Y38.206 E3146.73052
G1 X19.826 Y37.947 E3146.75306
G1 X19.516 Y37.718 E3146.77549
G1 X19.184 Y37.517 E3146.79808
G1 X18.835 Y37.353 E3146.82053
G1 X18.47 Y37.222 E3146.8431
G1 X18.095 Y37.129 E3146.86559
G1 X17.714 Y37.072 E3146.88801
G1 X17.326 Y37.054 E3146.91062
G1 X16.938 Y37.072 E3146.93323
G1 X16.558 Y37.129 E3146.95559
G0 F1800 X33.554 Y39.851
G1 F600 X33.461 Y40.226 E3146.97808
G1 X33.404 Y40.606 E3147.00045
G1 X33.386 Y40.994 E3147.02305
G1 X33.404 Y41.382 E3147.04566
G1 X33.461 Y41.763 E3147.06809
G1 X33.554 Y42.137 E3147.09052
G1 X33.685 Y42.504 E3147.1132
G1 X33.85 Y42.851 E3147.13556
G1 X34.048 Y43.182 E3147.15801
G1 X34.279 Y43.495 E3147.18066
G1 X34.538 Y43.782 E3147.20316
G1 X34.826 Y44.042 E3147.22574
G1 X35.137 Y44.272 E3147.24825
G1 X35.469 Y44.471 E3147.27078
G1 X35.817 Y44.636 E3147.2932
G1 X36.184 Y44.767 E3147.31588
G1 X36.558 Y44.859 E3147.3383
G1 X36.938 Y44.916 E3147.36067
G1 X37.326 Y44.934 E3147.38327
G1 X37.714 Y44.916 E3147.40588
G1 X38.095 Y44.859 E3147.4283
G1 X38.47 Y44.766 E3147.45079
G1 X38.834 Y44.636 E3147.47329
G1 X39.185 Y44.471 E3147.49587
G1 X39.516 Y44.272 E3147.51834
G1 X39.827 Y44.042 E3147.54086
G1 X40.114 Y43.782 E3147.5634
G1 X40.374 Y43.495 E3147.58594
G1 X40.604 Y43.184 E3147.60845
G1 X40.803 Y42.852 E3147.63098
G1 X40.968 Y42.501 E3147.65356
G1 X41.098 Y42.137 E3147.67606
G1 X41.192 Y41.763 E3147.6985
G1 X41.248 Y41.378 E3147.72115
G1 X41.266 Y40.994 E3147.74352
G1 X41.248 Y40.61 E3147.7659
G1 X41.192 Y40.226 E3147.78848
G1 X41.098 Y39.851 E3147.81099
G1 X40.968 Y39.485 E3147.83359
G1 X40.803 Y39.137 E3147.85601
G1 X40.604 Y38.805 E3147.87854
G1 X40.374 Y38.494 E3147.90105
G1 X40.114 Y38.206 E3147.92364
G1 X39.826 Y37.947 E3147.94618
G1 X39.516 Y37.718 E3147.96862
G1 X39.184 Y37.517 E3147.99121
G1 X38.835 Y37.353 E3148.01365
G1 X38.47 Y37.222 E3148.03622
G1 X38.095 Y37.129 E3148.05871
G1 X37.714 Y37.072 E3148.08113
G1 X37.326 Y37.054 E3148.10374
G1 X36.938 Y37.072 E3148.12635
G1 X36.558 Y37.129 E3148.14871
G1 X36.183 Y37.222 E3148.1712
G1 X35.817 Y37.353 E3148.19383
G1 X35.469 Y37.517 E3148.21622
G1 X35.136 Y37.718 E3148.23886
G1 X34.827 Y37.947 E3148.26125
G1 X34.538 Y38.206 E3148.28383
G1 X34.279 Y38.494 E3148.30638
G1 X34.048 Y38.806 E3148.32898
G1 X33.85 Y39.138 E3148.35147
G1 X33.685 Y39.484 E3148.37379
G1 X33.554 Y39.851 E3148.39647
G0 F1800 X33.89 Y42.035
G0 X34.34 Y42.988
G0 X35.049 Y43.77
G0 X35.56 Y44.075
G0 X45.777 Y49.823
G1 F600 X46.155 Y49.445 E3148.42758
G0 F1800 X46.155 Y48.879
G1 F600 X45.211 Y49.823 E3148.50529
G1 X45.141 Y49.893
G0 F1800 X44.646 Y49.823
G1 F600 X46.155 Y48.313 E3148.62954
G1 X46.225 Y48.243
G0 F1800 X46.155 Y47.748
G1 F600 X44.08 Y49.823 E3148.80034
G1 X44.01 Y49.893
G0 F1800 X43.514 Y49.823
G1 F600 X46.155 Y47.182 E3149.01774
G1 X46.225 Y47.112
G0 F1800 X46.155 Y46.616
G1 F600 X42.948 Y49.823 E3149.28172
G1 X42.878 Y49.893
G0 F1800 X42.383 Y49.823
G1 F600 X46.155 Y46.051 E3149.59221
G1 X46.225 Y45.981
G0 F1800 X46.155 Y45.485
G1 F600 X41.817 Y49.823 E3149.94929
G1 X41.747 Y49.893
G0 F1800 X41.251 Y49.823
G1 F600 X46.155 Y44.919 E3150.35296
G1 X46.225 Y44.849
G0 F1800 X46.155 Y44.353
G1 F600 X40.686 Y49.823 E3150.80318
G1 X40.616 Y49.893
G0 F1800 X40.12 Y49.823
G1 F600 X46.155 Y43.788 E3151.29995
G1 X46.225 Y43.718
G0 F1800 X46.155 Y43.222
G1 F600 X39.554 Y49.823 E3151.84331
G1 X39.484 Y49.893
G0 F1800 X38.989 Y49.823
G1 F600 X46.155 Y42.656 E3152.43322
G1 X46.225 Y42.586
G0 F1800 X46.155 Y42.091
G1 F600 X38.423 Y49.823 E3153.06968
G1 X38.353 Y49.893
G0 F1800 X37.857 Y49.823
G1 F600 X46.155 Y41.525 E3153.75272
G1 X46.225 Y41.455
G0 F1800 X46.155 Y40.959
G1 F600 X37.292 Y49.823 E3154.48232
G1 X37.222 Y49.893
G0 F1800 X36.726 Y49.823
G1 F600 X46.155 Y40.394 E3155.25846
G1 X46.225 Y40.324
G0 F1800 X46.155 Y39.828
G1 F600 X36.16 Y49.823 E3156.0812
G1 X36.09 Y49.893
G0 F1800 X35.595 Y49.823
G1 F600 X46.155 Y39.262 E3156.95048
G1 X46.225 Y39.192
G0 F1800 X46.155 Y38.697
G1 F600 X35.029 Y49.823 E3157.86631
G1 X34.959 Y49.893
G0 F1800 X34.463 Y49.823
G1 F600 X46.155 Y38.131 E3158.82874
G1 X46.225 Y38.061
G0 F1800 X46.155 Y37.565
G1 F600 X41.118 Y42.603 E3159.2434
G1 X41.048 Y42.673
G0 F1800 X41.369 Y41.785
G1 F600 X46.155 Y37 E3159.63731
G1 X46.225 Y36.93
G0 F1800 X46.155 Y36.434
G1 F600 X41.438 Y41.151 E3160.02559
G1 X41.368 Y41.221
G0 F1800 X41.427 Y40.597
G1 F600 X46.155 Y35.868 E3160.41482
G1 X46.225 Y35.798
G0 F1800 X46.155 Y35.303
G1 F600 X41.348 Y40.11 E3160.8105
G1 X41.278 Y40.18
G0 F1800 X41.224 Y39.668
G1 F600 X46.155 Y34.737 E3161.2164
G1 X46.225 Y34.667
G0 F1800 X46.155 Y34.171
G1 F600 X41.062 Y39.264 E3161.63562
G1 X40.992 Y39.334
G0 F1800 X40.867 Y38.894
G1 F600 X46.155 Y33.605 E3162.07095
G1 X46.225 Y33.535
G0 F1800 X46.155 Y33.04
G1 F600 X40.641 Y38.554 E3162.52483
G1 X40.571 Y38.624
G0 F1800 X40.388 Y38.241
G1 F600 X46.155 Y32.474 E3162.99954
G1 X46.225 Y32.404
G0 F1800 X45.112 Y32.951
G1 F600 X40.106 Y37.958 E3163.41165
G1 X40.036 Y38.028
G0 F1800 X39.796 Y37.702
G1 F600 X44.039 Y33.459 E3163.76091
G1 X44.109 Y33.389
G0 F1800 X43.072 Y33.86
G1 F600 X39.459 Y37.473 E3164.05831
G1 X39.389 Y37.543
G0 F1800 X39.092 Y37.275
G1 F600 X42.191 Y34.175 E3164.31344
G1 X42.261 Y34.105
G0 F1800 X41.311 Y34.49
G1 F600 X38.69 Y37.111 E3164.52919
G1 X38.62 Y37.181
G0 F1800 X38.252 Y36.983
G1 F600 X40.43 Y34.805 E3164.70847
G1 X40.5 Y34.735
G0 F1800 X39.561 Y35.108
G1 F600 X37.77 Y36.899 E3164.8559
G1 X37.7 Y36.969
G0 F1800 X37.225 Y36.879
G1 F600 X38.807 Y35.297 E3164.98612
G1 X38.877 Y35.227
G0 F1800 X38.052 Y35.486
G1 F600 X36.597 Y36.941 E3165.10589
G1 X36.527 Y37.011
G0 F1800 X35.808 Y37.164
G1 F600 X37.298 Y35.674 E3165.22853
G1 X37.368 Y35.604
G0 F1800 X36.543 Y35.863
G1 F600 X22.584 Y49.823 E3166.37761
G1 X22.514 Y49.893
G0 F1800 X23.149 Y49.823
G1 F600 X33.495 Y39.477 E3167.22923
G1 X33.565 Y39.407
G0 F1800 X33.272 Y40.266
G1 F600 X23.715 Y49.823 E3168.01591
G1 X23.645 Y49.893
G0 F1800 X24.281 Y49.823
G1 F600 X33.21 Y40.894 E3168.7509
G1 X33.28 Y40.824
G0 F1800 X33.23 Y41.439
G1 F600 X24.847 Y49.823 E3169.44099
G1 X24.777 Y49.893
G0 F1800 X25.412 Y49.823
G1 F600 X33.314 Y41.921 E3170.09144
G1 X33.384 Y41.851
G0 F1800 X33.441 Y42.359
G1 F600 X25.978 Y49.823 E3170.70579
G1 X25.908 Y49.893
G0 F1800 X26.544 Y49.823
G1 F600 X33.607 Y42.76 E3171.28718
G1 X33.677 Y42.69
G0 F1800 X33.805 Y43.127
G1 F600 X27.109 Y49.823 E3171.83836
G1 X27.039 Y49.893
G0 F1800 X27.675 Y49.823
G1 F600 X34.033 Y43.465 E3172.36172
G1 X34.103 Y43.395
G0 F1800 X34.289 Y43.775
G1 F600 X28.241 Y49.823 E3172.85955
G1 X28.171 Y49.893
G0 F1800 X28.806 Y49.823
G1 F600 X34.573 Y44.056 E3173.33426
G1 X34.643 Y43.986
G0 F1800 X34.886 Y44.309
G1 F600 X29.372 Y49.823 E3173.78815
G1 X29.302 Y49.893
G0 F1800 X29.938 Y49.823
G1 F600 X35.226 Y44.534 E3174.22347
G1 X35.296 Y44.464
G0 F1800 X35.597 Y44.729
G1 F600 X30.503 Y49.823 E3174.64278
G1 X30.433 Y49.893
G0 F1800 X31.069 Y49.823
G1 F600 X36.001 Y44.891 E3175.04875
G1 X36.071 Y44.821
G0 F1800 X36.444 Y45.014
G1 F600 X31.635 Y49.823 E3175.4446
G1 X31.565 Y49.893
G0 F1800 X32.2 Y49.823
G1 F600 X36.93 Y45.094 E3175.83391
G1 X37 Y45.024
G0 F1800 X37.485 Y45.104
G1 F600 X32.766 Y49.823 E3176.22235
G1 X32.696 Y49.893
G0 F1800 X33.332 Y49.823
G1 F600 X38.12 Y45.035 E3176.61648
G1 X38.19 Y44.965
G0 F1800 X38.935 Y44.786
G1 F600 X33.897 Y49.823 E3177.03114
G1 X33.827 Y49.893
G0 F1800 X22.018 Y49.823
G1 F600 X35.79 Y36.051 E3178.16477
G1 X35.86 Y35.981
G0 F1800 X35.103 Y36.172
G1 F600 X21.452 Y49.823 E3179.28845
G1 X21.382 Y49.893
G0 F1800 X20.887 Y49.823
G1 F600 X34.438 Y36.271 E3180.40394
G1 X34.508 Y36.201
G0 F1800 X33.774 Y36.37
G1 F600 X20.321 Y49.823 E3181.51132
G1 X20.251 Y49.893
G0 F1800 X19.755 Y49.823
G1 F600 X33.11 Y36.469 E3182.61059
G1 X33.18 Y36.399
G0 F1800 X32.445 Y36.568
G1 F600 X19.19 Y49.823 E3183.70167
G1 X19.12 Y49.893
G0 F1800 X18.624 Y49.823
G1 F600 X31.781 Y36.666 E3184.78468
G1 X31.851 Y36.596
G0 F1800 X31.155 Y36.726
G1 F600 X18.058 Y49.823 E3185.86276
G1 X17.988 Y49.893
G0 F1800 X17.493 Y49.823
G1 F600 X30.561 Y36.755 E3186.93844
G1 X30.631 Y36.685
G0 F1800 X29.966 Y36.784
G1 F600 X16.927 Y49.823 E3188.01174
G1 X16.857 Y49.893
G0 F1800 X16.361 Y49.823
G1 F600 X29.371 Y36.813 E3189.08266
G1 X29.441 Y36.743
G0 F1800 X28.777 Y36.842
G1 F600 X15.796 Y49.823 E3190.15118
G1 X15.726 Y49.893
G0 F1800 X15.23 Y49.823
G1 F600 X28.182 Y36.871 E3191.21732
G1 X28.252 Y36.801
G0 F1800 X27.587 Y36.9
G1 F600 X14.664 Y49.823 E3192.28108
G1 X14.594 Y49.893
G0 F1800 X14.099 Y49.823
G1 F600 X19.328 Y44.594 E3192.7115
G1 X19.398 Y44.524
G0 F1800 X18.385 Y44.971
G1 F600 X13.533 Y49.823 E3193.11089
G1 X13.463 Y49.893
G0 F1800 X12.967 Y49.823
G1 F600 X17.696 Y45.095 E3193.50011
G1 X17.766 Y45.025
G0 F1800 X17.121 Y45.103
G1 F600 X12.401 Y49.823 E3193.88864
G1 X12.331 Y49.893
G0 F1800 X11.836 Y49.823
G1 F600 X16.612 Y45.047 E3194.28177
G1 X16.682 Y44.977
G0 F1800 X16.151 Y44.942
G1 F600 X11.27 Y49.823 E3194.68355
G1 X11.2 Y49.893
G0 F1800 X10.704 Y49.823
G1 F600 X15.733 Y44.794 E3195.09751
G1 X15.803 Y44.724
G0 F1800 X15.351 Y44.61
G1 F600 X10.139 Y49.823 E3195.52658
G1 X10.069 Y49.893
G0 F1800 X9.573 Y49.823
G1 F600 X15.001 Y44.394 E3195.97342
G1 X15.071 Y44.324
G0 F1800 X14.679 Y44.151
G1 F600 X9.007 Y49.823 E3196.44031
G1 X8.937 Y49.893
G0 F1800 X8.495 Y49.769
G1 F600 X14.383 Y43.881 E3196.92498
G1 X14.453 Y43.811
G0 F1800 X14.118 Y43.581
G1 F600 X8.495 Y49.204 E3197.38783
G1 X8.425 Y49.274
G0 F1800 X8.495 Y48.638
G1 F600 X13.88 Y43.253 E3197.8311
G1 X13.95 Y43.183
G0 F1800 X13.671 Y42.896
G1 F600 X8.495 Y48.072 E3198.25716
G1 X8.425 Y48.142
G0 F1800 X8.495 Y47.506
G1 F600 X13.495 Y42.507 E3198.66869
G1 X13.565 Y42.437
G0 F1800 X13.355 Y42.082
G1 F600 X8.495 Y46.941 E3199.0687
G1 X8.425 Y47.011
G0 F1800 X8.495 Y46.375
G1 F600 X13.256 Y41.614 E3199.4606
G1 X13.326 Y41.544
G0 F1800 X13.21 Y41.095
G1 F600 X8.495 Y45.809 E3199.84867
G1 X8.425 Y45.879
G0 F1800 X8.495 Y45.244
G1 F600 X13.237 Y40.502 E3200.23901
G1 X13.307 Y40.432
G0 F1800 X13.383 Y39.791
G1 F600 X8.495 Y44.678 E3200.64132
G1 X8.425 Y44.748
G0 F1800 X8.495 Y44.112
G1 F600 X13.888 Y38.72 E3201.0852
G1 X13.958 Y38.65
G0 F1800 X15.047 Y37.56
G1 F600 X17.018 Y35.59 E3201.2474
G1 X17.088 Y35.52
G0 F1800 X16.566 Y35.476
G1 F600 X8.495 Y43.547 E3201.91176
G1 X8.425 Y43.617
G0 F1800 X8.495 Y42.981
G1 F600 X16.113 Y35.363 E3202.53884
G1 X16.183 Y35.293
G0 F1800 X15.661 Y35.25
G1 F600 X8.495 Y42.415 E3203.12866
G1 X8.425 Y42.485
G0 F1800 X8.495 Y41.85
G1 F600 X15.209 Y35.136 E3203.68132
G1 X15.279 Y35.066
G0 F1800 X14.777 Y35.003
G1 F600 X8.495 Y41.284 E3204.19838
G1 X8.425 Y41.354
G0 F1800 X8.495 Y40.718
G1 F600 X14.359 Y34.854 E3204.68108
G1 X14.429 Y34.784
G0 F1800 X13.943 Y34.705
G1 F600 X8.495 Y40.153 E3205.12953
G1 X8.425 Y40.223
G0 F1800 X8.495 Y39.587
G1 F600 X13.526 Y34.556 E3205.54365
G1 X13.596 Y34.486
G0 F1800 X13.11 Y34.407
G1 F600 X8.495 Y39.021 E3205.92349
G1 X8.425 Y39.091
G0 F1800 X8.495 Y38.456
G1 F600 X12.693 Y34.258 E3206.26905
G1 X12.763 Y34.188
G0 F1800 X12.276 Y34.109
G1 F600 X8.495 Y37.89 E3206.58028
G1 X8.425 Y37.96
G0 F1800 X8.495 Y37.324
G1 F600 X11.86 Y33.96 E3206.85723
G1 X11.93 Y33.89
G0 F1800 X11.443 Y33.811
G1 F600 X8.495 Y36.758 E3207.09985
G1 X8.425 Y36.828
G0 F1800 X8.495 Y36.193
G1 F600 X11.031 Y33.657 E3207.3086
G1 X11.101 Y33.587
G0 F1800 X10.647 Y33.475
G1 F600 X8.495 Y35.627 E3207.48574
G1 X8.425 Y35.697
G0 F1800 X8.495 Y35.061
G1 F600 X10.263 Y33.294 E3207.63123
G1 X10.333 Y33.224
G0 F1800 X9.879 Y33.112
G1 F600 X8.495 Y34.496 E3207.74516
G1 X8.425 Y34.566
G0 F1800 X8.495 Y33.93
G1 F600 X9.495 Y32.93 E3207.82747
G1 X9.565 Y32.86
G0 F1800 X9.111 Y32.748
G1 F600 X8.495 Y33.364 E3207.87818
G1 X8.425 Y33.434
G0 F1800 X8.495 Y32.799
G1 F600 X8.727 Y32.567 E3207.89727
G0 F1800 X16.122 Y37.051
G1 F600 X17.471 Y35.703 E3208.00827
G1 X17.541 Y35.633
G0 F1800 X17.923 Y35.817
G1 F600 X16.834 Y36.906 E3208.09791
G1 X16.764 Y36.976
G0 F1800 X17.427 Y36.878
G1 F600 X18.375 Y35.93 E3208.17595
G1 X18.445 Y35.86
G0 F1800 X18.828 Y36.043
G1 F600 X17.946 Y36.925 E3208.24855
G1 X17.876 Y36.995
G0 F1800 X18.414 Y37.022
G1 F600 X19.301 Y36.135 E3208.32156
G1 X19.371 Y36.065
G0 F1800 X19.793 Y36.209
G1 F600 X18.838 Y37.164 E3208.40017
G1 X18.768 Y37.234
G0 F1800 X19.229 Y37.338
G1 F600 X20.286 Y36.282 E3208.48714
G1 X20.356 Y36.212
G0 F1800 X20.779 Y36.355
G1 F600 X19.584 Y37.549 E3208.58546
G1 X19.514 Y37.619
G0 F1800 X19.912 Y37.787
G1 F600 X21.271 Y36.428 E3208.69733
G1 X21.341 Y36.358
G0 F1800 X21.764 Y36.501
G1 F600 X20.213 Y38.052 E3208.825
G1 X20.143 Y38.122
G0 F1800 X20.484 Y38.346
G1 F600 X22.256 Y36.574 E3208.97086
G1 X22.326 Y36.504
G0 F1800 X22.749 Y36.647
G1 F600 X20.728 Y38.668 E3209.13722
G1 X20.658 Y38.738
G0 F1800 X20.943 Y39.018
G1 F600 X23.248 Y36.713 E3209.32695
G1 X23.318 Y36.643
G0 F1800 X23.788 Y36.739
G1 F600 X21.127 Y39.4 E3209.54599
G1 X21.057 Y39.47
G0 F1800 X21.276 Y39.817
G1 F600 X24.327 Y36.766 E3209.79714
G1 X24.397 Y36.696
G0 F1800 X24.866 Y36.792
G1 F600 X21.381 Y40.278 E3210.08404
G1 X21.311 Y40.348
G0 F1800 X21.437 Y40.788
G1 F600 X25.406 Y36.819 E3210.41075
G1 X25.476 Y36.749
G0 F1800 X25.945 Y36.845
G1 F600 X21.429 Y41.361 E3210.78248
G1 X21.359 Y41.431
G0 F1800 X21.305 Y42.051
G1 F600 X26.485 Y36.871 E3211.20887
G1 X26.555 Y36.801
G0 F1800 X27.024 Y36.898
G1 F600 X20.926 Y42.995 E3211.71079
G1 X20.856 Y43.065
G0 F1800 X20.899 Y40.644
G0 X20.643 Y39.62
G0 X20.102 Y38.717
G0 X19.321 Y38.009
G0 X18.368 Y37.558
G0 X17.778 Y37.472
G0 X16.968 Y37.361
G0 X16.977 Y37.46
;TIME_ELAPSED:5145.822639
;LAYER:70
G0 X16.977 Y37.46 Z24.8
;TYPE:WALL-INNER
G1 F1200 X16.634 Y37.512 E3211.73098
G1 X16.296 Y37.596 E3211.75125
G1 X15.967 Y37.714 E3211.77159
G1 X15.653 Y37.862 E3211.7918
G1 X15.353 Y38.042 E3211.81216
G1 X15.074 Y38.249 E3211.83238
G1 X14.815 Y38.483 E3211.8527
G1 X14.581 Y38.742 E3211.87302
G1 X14.373 Y39.022 E3211.89332
G1 X14.195 Y39.322 E3211.91362
G1 X14.046 Y39.634 E3211.93375
G1 X13.928 Y39.964 E3211.95415
G1 X13.844 Y40.302 E3211.97442
G1 X13.792 Y40.645 E3211.99461
G1 X13.776 Y40.994 E3212.01495
G1 X13.792 Y41.343 E3212.03528
G1 X13.844 Y41.687 E3212.05553
G1 X13.928 Y42.024 E3212.07575
G1 X14.046 Y42.354 E3212.09614
G1 X14.195 Y42.667 E3212.11632
G1 X14.373 Y42.966 E3212.13658
G1 X14.581 Y43.247 E3212.15692
G1 X14.815 Y43.505 E3212.1772
G1 X15.074 Y43.74 E3212.19755
G1 X15.354 Y43.947 E3212.21782
G1 X15.653 Y44.126 E3212.2381
G1 X15.967 Y44.275 E3212.25833
G1 X16.297 Y44.393 E3212.27873
G1 X16.634 Y44.476 E3212.29893
G1 X16.977 Y44.528 E3212.31913
G1 X17.326 Y44.544 E3212.33946
G1 X17.675 Y44.528 E3212.3598
G1 X18.019 Y44.476 E3212.38005
G1 X18.357 Y44.392 E3212.40032
G1 X18.685 Y44.275 E3212.42059
G1 X19.001 Y44.126 E3212.44092
G1 X19.299 Y43.947 E3212.46116
G1 X19.579 Y43.74 E3212.48142
G1 X19.837 Y43.505 E3212.50174
G1 X20.072 Y43.247 E3212.52205
G1 X20.279 Y42.967 E3212.54232
G1 X20.458 Y42.669 E3212.56255
G1 X20.607 Y42.352 E3212.58294
G1 X20.724 Y42.024 E3212.60321
G1 X20.809 Y41.687 E3212.62344
G1 X20.86 Y41.341 E3212.64379
G1 X20.876 Y40.994 E3212.66401
G1 X20.86 Y40.647 E3212.68423
G1 X20.809 Y40.302 E3212.70453
G1 X20.724 Y39.964 E3212.72482
G1 X20.607 Y39.635 E3212.74514
G1 X20.458 Y39.321 E3212.76537
G1 X20.279 Y39.022 E3212.78565
G1 X20.072 Y38.742 E3212.80592
G1 X19.837 Y38.483 E3212.82628
G1 X19.579 Y38.249 E3212.84655
G1 X19.299 Y38.042 E3212.86682
G1 X19 Y37.862 E3212.88713
G1 X18.685 Y37.714 E3212.90739
G1 X18.357 Y37.596 E3212.92768
G1 X18.019 Y37.512 E3212.94795
G1 X17.675 Y37.46 E3212.9682
G1 X17.326 Y37.444 E3212.98854
G1 X16.977 Y37.46 E3213.00887
G0 F1800 X16.968 Y37.361
G0 X23.215 Y36.243
G0 X23.224 Y36.144
G1 F1200 X27.326 Y36.344 E3213.24791
G1 X31.428 Y36.144 E3213.48695
G1 X35.491 Y35.541 E3213.72603
G1 X39.474 Y34.543 E3213.96503
G1 X43.342 Y33.159 E3214.20415
G1 X46.42 Y31.704 E3214.40231
G1 X46.653 Y31.594 E3214.41731
G1 X46.726 Y31.594 E3214.42156
G1 X46.726 Y31.852 E3214.4314
G1 X46.726 Y50.394 E3215.51064
G1 X7.926 Y50.394 E3217.769
G1 X7.926 Y31.851 E3218.8483
G1 X7.926 Y31.594 E3218.86326
G1 X8 Y31.594 E3218.86757
G1 X8.232 Y31.703 E3218.87735
G1 X11.311 Y33.159 E3219.07559
G1 X15.178 Y34.543 E3219.31465
G1 X19.162 Y35.541 E3219.5537
G1 X23.224 Y36.144 E3219.79272
G0 F1800 X23.215 Y36.243
G0 X36.968 Y37.361
G0 X36.977 Y37.46
G1 F1200 X36.634 Y37.512 E3219.81292
G1 X36.296 Y37.596 E3219.83319
G1 X35.967 Y37.714 E3219.85353
G1 X35.653 Y37.862 E3219.87374
G1 X35.353 Y38.042 E3219.8941
G1 X35.074 Y38.249 E3219.91432
G1 X34.815 Y38.483 E3219.93464
G1 X34.581 Y38.742 E3219.95496
G1 X34.373 Y39.022 E3219.97526
G1 X34.195 Y39.322 E3219.99556
G1 X34.046 Y39.634 E3220.01569
G1 X33.928 Y39.964 E3220.03608
G1 X33.844 Y40.302 E3220.05636
G1 X33.792 Y40.645 E3220.07655
G1 X33.776 Y40.994 E3220.09688
G1 X33.792 Y41.343 E3220.11722
G1 X33.844 Y41.687 E3220.13747
G1 X33.928 Y42.024 E3220.15768
G1 X34.046 Y42.354 E3220.17808
G1 X34.195 Y42.667 E3220.19826
G1 X34.373 Y42.966 E3220.21851
G1 X34.581 Y43.247 E3220.23886
G1 X34.815 Y43.505 E3220.25914
G1 X35.074 Y43.74 E3220.27949
G1 X35.354 Y43.947 E3220.29976
G1 X35.653 Y44.126 E3220.32004
G1 X35.967 Y44.275 E3220.34027
G1 X36.297 Y44.393 E3220.36067
G1 X36.634 Y44.476 E3220.38087
G1 X36.977 Y44.528 E3220.40107
G1 X37.326 Y44.544 E3220.4214
G1 X37.675 Y44.528 E3220.44174
G1 X38.019 Y44.476 E3220.46199
G1 X38.357 Y44.392 E3220.48226
G1 X38.685 Y44.275 E3220.50253
G1 X39.001 Y44.126 E3220.52286
G1 X39.299 Y43.947 E3220.5431
G1 X39.579 Y43.74 E3220.56336
G1 X39.837 Y43.505 E3220.58368
G1 X40.072 Y43.247 E3220.60399
G1 X40.279 Y42.967 E3220.62426
G1 X40.458 Y42.669 E3220.64449
G1 X40.607 Y42.352 E3220.66488
G1 X40.724 Y42.024 E3220.68515
G1 X40.809 Y41.687 E3220.70538
G1 X40.86 Y41.341 E3220.72573
G1 X40.876 Y40.994 E3220.74595
G1 X40.86 Y40.647 E3220.76617
G1 X40.809 Y40.302 E3220.78647
G1 X40.724 Y39.964 E3220.80676
G1 X40.607 Y39.635 E3220.82708
G1 X40.458 Y39.321 E3220.84731
G1 X40.279 Y39.022 E3220.86759
G1 X40.072 Y38.742 E3220.88786
G1 X39.837 Y38.483 E3220.90822
G1 X39.579 Y38.249 E3220.92849
G1 X39.299 Y38.042 E3220.94876
G1 X39 Y37.862 E3220.96907
G1 X38.685 Y37.714 E3220.98933
G1 X38.357 Y37.596 E3221.00962
G1 X38.019 Y37.512 E3221.02989
G1 X37.675 Y37.46 E3221.05014
G1 X37.326 Y37.444 E3221.07047
G1 X36.977 Y37.46 E3221.09081
G0 F1800 X36.968 Y37.361
G0 X35.952 Y37.678
G0 X35.441 Y37.983
G0 X34.728 Y38.43
G0 X35.098 Y38.766
;TYPE:WALL-OUTER
G1 F600 X34.891 Y38.996 E3221.10882
G1 X34.706 Y39.244 E3221.12683
G1 X34.548 Y39.51 E3221.14484
G1 X34.416 Y39.788 E3221.16275
G1 X34.311 Y40.08 E3221.18081
G1 X34.237 Y40.38 E3221.1988
G1 X34.191 Y40.685 E3221.21675
G1 X34.176 Y40.994 E3221.23476
G1 X34.191 Y41.303 E3221.25276
G1 X34.237 Y41.609 E3221.27077
G1 X34.311 Y41.908 E3221.2887
G1 X34.416 Y42.2 E3221.30676
G1 X34.548 Y42.479 E3221.32473
G1 X34.706 Y42.744 E3221.34269
G1 X34.891 Y42.993 E3221.36074
G1 X35.098 Y43.222 E3221.37871
G1 X35.328 Y43.43 E3221.39676
G1 X35.576 Y43.614 E3221.41473
G1 X35.842 Y43.773 E3221.43277
G1 X36.12 Y43.905 E3221.45068
G1 X36.412 Y44.009 E3221.46872
G1 X36.712 Y44.083 E3221.48671
G1 X37.017 Y44.129 E3221.50466
G1 X37.326 Y44.144 E3221.52267
G1 X37.635 Y44.129 E3221.54068
G1 X37.941 Y44.083 E3221.55869
G1 X38.241 Y44.009 E3221.57667
G1 X38.532 Y43.905 E3221.59466
G1 X38.812 Y43.773 E3221.61268
G1 X39.076 Y43.614 E3221.63061
G1 X39.325 Y43.43 E3221.64864
G1 X39.554 Y43.222 E3221.66664
G1 X39.762 Y42.993 E3221.68465
G1 X39.946 Y42.744 E3221.70267
G1 X40.105 Y42.48 E3221.72061
G1 X40.237 Y42.199 E3221.73868
G1 X40.341 Y41.908 E3221.75666
G1 X40.416 Y41.609 E3221.77461
G1 X40.461 Y41.302 E3221.79267
G1 X40.476 Y40.994 E3221.81062
G1 X40.461 Y40.686 E3221.82856
G1 X40.416 Y40.38 E3221.84657
G1 X40.341 Y40.08 E3221.86456
G1 X40.237 Y39.788 E3221.88261
G1 X40.105 Y39.51 E3221.90052
G1 X39.946 Y39.244 E3221.91856
G1 X39.762 Y38.996 E3221.93653
G1 X39.554 Y38.766 E3221.95458
G1 X39.325 Y38.559 E3221.97255
G1 X39.076 Y38.375 E3221.99057
G1 X38.811 Y38.215 E3222.00859
G1 X38.532 Y38.084 E3222.02653
G1 X38.241 Y37.979 E3222.04453
G1 X37.941 Y37.905 E3222.06252
G1 X37.635 Y37.859 E3222.08053
G1 X37.326 Y37.844 E3222.09854
G1 X37.017 Y37.859 E3222.11654
G1 X36.712 Y37.905 E3222.1345
G1 X36.412 Y37.979 E3222.15248
G1 X36.12 Y38.084 E3222.17054
G1 X35.842 Y38.215 E3222.18843
G1 X35.576 Y38.375 E3222.2065
G1 X35.328 Y38.559 E3222.22447
G1 X35.098 Y38.766 E3222.24248
G0 F1800 X34.891 Y38.996
G0 X34.706 Y39.244
G0 X34.548 Y39.51
G0 X34.517 Y39.576
G0 X34.067 Y39.36
G0 X17.326 Y37.404
G0 X16.285 Y37.558
G0 X15.513 Y37.922
G0 X14.728 Y38.43
G0 X15.098 Y38.766
G1 F600 X14.891 Y38.996 E3222.26049
G1 X14.706 Y39.244 E3222.2785
G1 X14.548 Y39.51 E3222.29651
G1 X14.416 Y39.788 E3222.31442
G1 X14.311 Y40.08 E3222.33248
G1 X14.237 Y40.38 E3222.35047
G1 X14.191 Y40.685 E3222.36842
G1 X14.176 Y40.994 E3222.38643
G1 X14.191 Y41.303 E3222.40443
G1 X14.237 Y41.609 E3222.42245
G1 X14.311 Y41.908 E3222.44037
G1 X14.416 Y42.2 E3222.45844
G1 X14.548 Y42.479 E3222.4764
G1 X14.706 Y42.744 E3222.49436
G1 X14.891 Y42.993 E3222.51241
G1 X15.098 Y43.222 E3222.53038
G1 X15.328 Y43.43 E3222.54843
G1 X15.576 Y43.614 E3222.5664
G1 X15.842 Y43.773 E3222.58444
G1 X16.12 Y43.905 E3222.60235
G1 X16.412 Y44.009 E3222.6204
G1 X16.712 Y44.083 E3222.63838
G1 X17.017 Y44.129 E3222.65634
G1 X17.326 Y44.144 E3222.67434
G1 X17.635 Y44.129 E3222.69235
G1 X17.941 Y44.083 E3222.71036
G1 X18.241 Y44.009 E3222.72834
G1 X18.532 Y43.905 E3222.74633
G1 X18.812 Y43.773 E3222.76435
G1 X19.076 Y43.614 E3222.78229
G1 X19.325 Y43.43 E3222.80031
G1 X19.554 Y43.222 E3222.81831
G1 X19.762 Y42.993 E3222.83632
G1 X19.946 Y42.744 E3222.85434
G1 X20.105 Y42.48 E3222.87228
G1 X20.237 Y42.199 E3222.89035
G1 X20.341 Y41.908 E3222.90834
G1 X20.416 Y41.609 E3222.92628
G1 X20.461 Y41.302 E3222.94434
G1 X20.476 Y40.994 E3222.96229
G1 X20.461 Y40.686 E3222.98024
G1 X20.416 Y40.38 E3222.99824
G1 X20.341 Y40.08 E3223.01624
G1 X20.237 Y39.788 E3223.03428
G1 X20.105 Y39.51 E3223.05219
G1 X19.946 Y39.244 E3223.07023
G1 X19.762 Y38.996 E3223.0882
G1 X19.554 Y38.766 E3223.10625
G1 X19.325 Y38.559 E3223.12422
G1 X19.076 Y38.375 E3223.14224
G1 X18.811 Y38.215 E3223.16026
G1 X18.532 Y38.084 E3223.1782
G1 X18.241 Y37.979 E3223.19621
G1 X17.941 Y37.905 E3223.21419
G1 X17.635 Y37.859 E3223.2322
G1 X17.326 Y37.844 E3223.25021
G1 X17.017 Y37.859 E3223.26821
G1 X16.712 Y37.905 E3223.28617
G1 X16.412 Y37.979 E3223.30415
G1 X16.12 Y38.084 E3223.32221
G1 X15.842 Y38.215 E3223.3401
G1 X15.576 Y38.375 E3223.35817
G1 X15.328 Y38.559 E3223.37614
G1 X15.098 Y38.766 E3223.39415
G0 F1800 X14.891 Y38.996
G0 X14.706 Y39.244
G0 X14.548 Y39.51
G0 X14.517 Y39.576
G0 X14.067 Y39.36
G0 X15.172 Y34.644
G0 X15.294 Y34.16
G1 F600 X19.24 Y35.148 E3223.63092
G1 X23.263 Y35.745 E3223.86765
G1 X27.326 Y35.944 E3224.10442
G1 X31.389 Y35.745 E3224.34119
G1 X35.413 Y35.148 E3224.57797
G1 X39.358 Y34.16 E3224.81468
G1 X43.189 Y32.789 E3225.05151
G1 X46.562 Y31.194 E3225.26868
G1 X47.126 Y31.194 E3225.30151
G1 X47.126 Y50.794 E3226.44233
G1 X7.526 Y50.794 E3228.74726
G1 X7.526 Y31.194 E3229.88808
G1 X8.091 Y31.194 E3229.92097
G1 X11.464 Y32.789 E3230.13814
G1 X15.294 Y34.16 E3230.37492
G0 F1800 X16.264 Y34.402
G0 X16.142 Y34.887
G0 X15.065 Y34.917
;TYPE:SKIN
G1 F600 X19.086 Y35.924 E3230.61619
G1 X23.185 Y36.532 E3230.85738
G1 X27.326 Y36.734 E3231.0987
G1 X31.467 Y36.532 E3231.34001
G1 X35.567 Y35.924 E3231.58126
G1 X39.587 Y34.917 E3231.82248
G1 X43.492 Y33.52 E3232.06388
G1 X46.336 Y32.175 E3232.24699
G1 X46.336 Y50.004 E3233.28473
G1 X8.316 Y50.004 E3235.49769
G1 X8.316 Y32.175 E3236.53544
G1 X11.161 Y33.52 E3236.7186
G1 X15.065 Y34.917 E3236.95995
G0 F1800 X16.558 Y37.129
G1 F600 X16.183 Y37.222 E3236.98243
G1 X15.817 Y37.353 E3237.00506
G1 X15.469 Y37.517 E3237.02745
G1 X15.136 Y37.718 E3237.05009
G1 X14.827 Y37.947 E3237.07248
G1 X14.538 Y38.206 E3237.09507
G1 X14.279 Y38.494 E3237.11761
G1 X14.048 Y38.806 E3237.14021
G1 X13.85 Y39.138 E3237.16271
G1 X13.685 Y39.484 E3237.18502
G1 X13.554 Y39.851 E3237.2077
G1 X13.461 Y40.226 E3237.23019
G1 X13.404 Y40.606 E3237.25255
G1 X13.386 Y40.994 E3237.27516
G1 X13.404 Y41.382 E3237.29777
G1 X13.461 Y41.763 E3237.32019
G1 X13.554 Y42.137 E3237.34262
G1 X13.685 Y42.504 E3237.36531
G1 X13.85 Y42.851 E3237.38767
G1 X14.048 Y43.182 E3237.41012
G1 X14.279 Y43.495 E3237.43276
G1 X14.538 Y43.782 E3237.45526
G1 X14.826 Y44.042 E3237.47785
G1 X15.137 Y44.272 E3237.50036
G1 X15.469 Y44.471 E3237.52289
G1 X15.817 Y44.636 E3237.54531
G1 X16.184 Y44.767 E3237.56799
G1 X16.558 Y44.859 E3237.59041
G1 X16.938 Y44.916 E3237.61277
G1 X17.326 Y44.934 E3237.63538
G1 X17.714 Y44.916 E3237.65799
G1 X18.095 Y44.859 E3237.68041
G1 X18.47 Y44.766 E3237.7029
G1 X18.834 Y44.636 E3237.7254
G1 X19.185 Y44.471 E3237.74797
G1 X19.516 Y44.272 E3237.77045
G1 X19.827 Y44.042 E3237.79297
G1 X20.114 Y43.782 E3237.81551
G1 X20.374 Y43.495 E3237.83805
G1 X20.604 Y43.184 E3237.86056
G1 X20.803 Y42.852 E3237.88309
G1 X20.968 Y42.501 E3237.90567
G1 X21.098 Y42.137 E3237.92816
G1 X21.192 Y41.763 E3237.95061
G1 X21.248 Y41.378 E3237.97325
G1 X21.266 Y40.994 E3237.99563
G1 X21.248 Y40.61 E3238.018
G1 X21.192 Y40.226 E3238.04059
G1 X21.098 Y39.851 E3238.06309
G1 X20.968 Y39.485 E3238.0857
G1 X20.803 Y39.137 E3238.10812
G1 X20.604 Y38.805 E3238.13065
G1 X20.374 Y38.494 E3238.15316
G1 X20.114 Y38.206 E3238.17574
G1 X19.826 Y37.947 E3238.19829
G1 X19.516 Y37.718 E3238.22072
G1 X19.184 Y37.517 E3238.24331
G1 X18.835 Y37.353 E3238.26576
G1 X18.47 Y37.222 E3238.28833
G1 X18.095 Y37.129 E3238.31082
G1 X17.714 Y37.072 E3238.33324
G1 X17.326 Y37.054 E3238.35585
G1 X16.938 Y37.072 E3238.37846
G1 X16.558 Y37.129 E3238.40082
G0 F1800 X33.554 Y39.851
G1 F600 X33.461 Y40.226 E3238.42331
G1 X33.404 Y40.606 E3238.44567
G1 X33.386 Y40.994 E3238.46828
G1 X33.404 Y41.382 E3238.49089
G1 X33.461 Y41.763 E3238.51331
G1 X33.554 Y42.137 E3238.53574
G1 X33.685 Y42.504 E3238.55843
G1 X33.85 Y42.851 E3238.58079
G1 X34.048 Y43.182 E3238.60324
G1 X34.279 Y43.495 E3238.62588
G1 X34.538 Y43.782 E3238.64838
G1 X34.826 Y44.042 E3238.67097
G1 X35.137 Y44.272 E3238.69348
G1 X35.469 Y44.471 E3238.71601
G1 X35.817 Y44.636 E3238.73843
G1 X36.184 Y44.767 E3238.76111
G1 X36.558 Y44.859 E3238.78353
G1 X36.938 Y44.916 E3238.80589
G1 X37.326 Y44.934 E3238.8285
G1 X37.714 Y44.916 E3238.85111
G1 X38.095 Y44.859 E3238.87353
G1 X38.47 Y44.766 E3238.89602
G1 X38.834 Y44.636 E3238.91852
G1 X39.185 Y44.471 E3238.94109
G1 X39.516 Y44.272 E3238.96357
G1 X39.827 Y44.042 E3238.98609
G1 X40.114 Y43.782 E3239.00863
G1 X40.374 Y43.495 E3239.03117
G1 X40.604 Y43.184 E3239.05368
G1 X40.803 Y42.852 E3239.07621
G1 X40.968 Y42.501 E3239.09879
G1 X41.098 Y42.137 E3239.12128
G1 X41.192 Y41.763 E3239.14373
G1 X41.248 Y41.378 E3239.16637
G1 X41.266 Y40.994 E3239.18875
G1 X41.248 Y40.61 E3239.21112
G1 X41.192 Y40.226 E3239.23371
G1 X41.098 Y39.851 E3239.25621
G1 X40.968 Y39.485 E3239.27882
G1 X40.803 Y39.137 E3239.30124
G1 X40.604 Y38.805 E3239.32377
G1 X40.374 Y38.494 E3239.34628
G1 X40.114 Y38.206 E3239.36887
G1 X39.826 Y37.947 E3239.39141
G1 X39.516 Y37.718 E3239.41384
G1 X39.184 Y37.517 E3239.43643
G1 X38.835 Y37.353 E3239.45888
G1 X38.47 Y37.222 E3239.48145
G1 X38.095 Y37.129 E3239.50394
G1 X37.714 Y37.072 E3239.52636
G1 X37.326 Y37.054 E3239.54897
G1 X36.938 Y37.072 E3239.57158
G1 X36.558 Y37.129 E3239.59394
G1 X36.183 Y37.222 E3239.61643
G1 X35.817 Y37.353 E3239.63906
G1 X35.469 Y37.517 E3239.66145
G1 X35.136 Y37.718 E3239.68409
G1 X34.827 Y37.947 E3239.70647
G1 X34.538 Y38.206 E3239.72906
G1 X34.279 Y38.494 E3239.75161
G1 X34.048 Y38.806 E3239.7742
G1 X33.85 Y39.138 E3239.7967
G1 X33.685 Y39.484 E3239.81901
G1 X33.554 Y39.851 E3239.8417
G0 F1800 X35.049 Y38.219
G0 X35.779 Y37.782
G0 X46.074 Y32.497
G0 X46.115 Y32.538
G1 F600 X45.923 Y32.912 E3239.86427
G0 F1800 X46.156 Y33.711
G1 F600 X45.306 Y32.861 E3239.93424
G1 X45.236 Y32.791
G0 F1800 X44.922 Y33.043
G1 F600 X46.156 Y34.277 E3240.03581
G1 X46.226 Y34.347
G0 F1800 X46.156 Y34.842
G1 F600 X44.537 Y33.224 E3240.16904
G1 X44.467 Y33.154
G0 F1800 X44.153 Y33.405
G1 F600 X46.156 Y35.408 E3240.33392
G1 X46.226 Y35.478
G0 F1800 X46.156 Y35.974
G1 F600 X43.769 Y33.587 E3240.5304
G1 X43.699 Y33.517
G0 F1800 X43.371 Y33.754
G1 F600 X46.156 Y36.539 E3240.75965
G1 X46.226 Y36.609
G0 F1800 X46.156 Y37.105
G1 F600 X42.954 Y33.903 E3241.02322
G1 X42.884 Y33.833
G0 F1800 X42.538 Y34.052
G1 F600 X46.156 Y37.671 E3241.32107
G1 X46.226 Y37.741
G0 F1800 X46.156 Y38.236
G1 F600 X42.12 Y34.201 E3241.65325
G1 X42.05 Y34.131
G0 F1800 X41.704 Y34.35
G1 F600 X46.156 Y38.802 E3242.01972
G1 X46.226 Y38.872
G0 F1800 X46.156 Y39.368
G1 F600 X41.287 Y34.499 E3242.42051
G1 X41.217 Y34.429
G0 F1800 X40.871 Y34.648
G1 F600 X46.156 Y39.933 E3242.85554
G1 X46.226 Y40.003
G0 F1800 X46.156 Y40.499
G1 F600 X40.454 Y34.798 E3243.32486
G1 X40.384 Y34.728
G0 F1800 X40.038 Y34.947
G1 F600 X46.156 Y41.065 E3243.82846
G1 X46.226 Y41.135
G0 F1800 X46.156 Y41.63
G1 F600 X39.62 Y35.095 E3244.36643
G1 X39.55 Y35.025
G0 F1800 X39.168 Y35.208
G1 F600 X46.156 Y42.196 E3244.94164
G1 X46.226 Y42.266
G0 F1800 X46.156 Y42.762
G1 F600 X38.715 Y35.321 E3245.55414
G1 X38.645 Y35.251
G0 F1800 X38.262 Y35.434
G1 F600 X46.156 Y43.327 E3246.2039
G1 X46.226 Y43.397
G0 F1800 X46.156 Y43.893
G1 F600 X37.81 Y35.547 E3246.89089
G1 X37.74 Y35.477
G0 F1800 X37.357 Y35.66
G1 F600 X38.872 Y37.175 E3247.0156
G1 X38.942 Y37.245
G0 F1800 X38.076 Y36.944
G1 F600 X36.905 Y35.773 E3247.11199
G1 X36.835 Y35.703
G0 F1800 X36.452 Y35.887
G1 F600 X37.445 Y36.879 E3247.19369
G1 X37.515 Y36.949
G0 F1800 X36.896 Y36.896
G1 F600 X36 Y36 E3247.26744
G1 X35.93 Y35.93
G0 F1800 X35.542 Y36.108
G1 F600 X36.412 Y36.978 E3247.33906
G1 X36.482 Y37.048
G0 F1800 X35.973 Y37.104
G1 F600 X35.05 Y36.181 E3247.41503
G1 X34.98 Y36.111
G0 F1800 X34.557 Y36.254
G1 F600 X35.571 Y37.268 E3247.4985
G1 X35.641 Y37.338
G0 F1800 X35.203 Y37.466
G1 F600 X34.064 Y36.327 E3247.59225
G1 X33.994 Y36.257
G0 F1800 X33.572 Y36.401
G1 F600 X34.865 Y37.693 E3247.69865
G1 X34.935 Y37.763
G0 F1800 X34.554 Y37.948
G1 F600 X33.079 Y36.473 E3247.82006
G1 X33.009 Y36.403
G0 F1800 X32.587 Y36.547
G1 F600 X34.272 Y38.231 E3247.95872
G1 X34.342 Y38.301
G0 F1800 X34.018 Y38.543
G1 F600 X32.094 Y36.62 E3248.11705
G1 X32.024 Y36.55
G0 F1800 X31.602 Y36.693
G1 F600 X33.791 Y38.883 E3248.29728
G1 X33.861 Y38.953
G0 F1800 X33.596 Y39.252
G1 F600 X31.074 Y36.731 E3248.50484
G1 X31.004 Y36.661
G0 F1800 X30.534 Y36.757
G1 F600 X33.432 Y39.655 E3248.74338
G1 X33.502 Y39.725
G0 F1800 X33.308 Y40.096
G1 F600 X29.995 Y36.783 E3249.01609
G1 X29.925 Y36.713
G0 F1800 X29.455 Y36.809
G1 F600 X33.226 Y40.58 E3249.3265
G1 X33.296 Y40.65
G0 F1800 X33.212 Y41.132
G1 F600 X28.916 Y36.836 E3249.68012
G1 X28.846 Y36.766
G0 F1800 X28.376 Y36.862
G1 F600 X33.279 Y41.765 E3250.08371
G1 X33.349 Y41.835
G0 F1800 X33.516 Y42.567
G1 F600 X27.837 Y36.888 E3250.55118
G1 X27.767 Y36.818
G0 F1800 X27.295 Y36.911
G1 F600 X40.206 Y49.823 E3251.61398
G1 X40.276 Y49.893
G0 F1800 X39.641 Y49.823
G1 F600 X26.7 Y36.882 E3252.67922
G1 X26.63 Y36.812
G0 F1800 X26.105 Y36.853
G1 F600 X39.075 Y49.823 E3253.74684
G1 X39.145 Y49.893
G0 F1800 X38.509 Y49.823
G1 F600 X25.51 Y36.824 E3254.81685
G1 X25.44 Y36.754
G0 F1800 X24.916 Y36.795
G1 F600 X37.944 Y49.823 E3255.88924
G1 X38.014 Y49.893
G0 F1800 X37.378 Y49.823
G1 F600 X24.321 Y36.766 E3256.96402
G1 X24.251 Y36.696
G0 F1800 X23.726 Y36.737
G1 F600 X36.812 Y49.823 E3258.04119
G1 X36.882 Y49.893
G0 F1800 X36.247 Y49.823
G1 F600 X23.128 Y36.704 E3259.12108
G1 X23.058 Y36.634
G0 F1800 X22.464 Y36.606
G1 F600 X35.681 Y49.823 E3260.20903
G1 X35.751 Y49.893
G0 F1800 X35.115 Y49.823
G1 F600 X21.799 Y36.507 E3261.30513
G1 X21.729 Y36.437
G0 F1800 X21.135 Y36.408
G1 F600 X34.549 Y49.823 E3262.40934
G1 X34.619 Y49.893
G0 F1800 X33.984 Y49.823
G1 F600 X20.471 Y36.31 E3263.52166
G1 X20.401 Y36.24
G0 F1800 X19.806 Y36.211
G1 F600 X33.418 Y49.823 E3264.64213
G1 X33.488 Y49.893
G0 F1800 X32.852 Y49.823
G1 F600 X19.142 Y36.113 E3265.77066
G1 X19.072 Y36.043
G0 F1800 X18.401 Y35.937
G1 F600 X32.287 Y49.823 E3266.91368
G1 X32.357 Y49.893
G0 F1800 X31.721 Y49.823
G1 F600 X20.973 Y39.075 E3267.7984
G1 X20.903 Y39.005
G0 F1800 X21.317 Y39.984
G1 F600 X31.155 Y49.823 E3268.60825
G1 X31.225 Y49.893
G0 F1800 X30.59 Y49.823
G1 F600 X21.43 Y40.663 E3269.36225
G1 X21.36 Y40.593
G0 F1800 X21.434 Y41.233
G1 F600 X30.024 Y49.823 E3270.06934
G1 X30.094 Y49.893
G0 F1800 X29.458 Y49.823
G1 F600 X21.375 Y41.74 E3270.73469
G1 X21.305 Y41.67
G0 F1800 X21.266 Y42.197
G1 F600 X28.893 Y49.823 E3271.36246
G1 X28.963 Y49.893
G0 F1800 X28.327 Y49.823
G1 F600 X21.114 Y42.61 E3271.95619
G1 X21.044 Y42.54
G0 F1800 X20.928 Y42.99
G1 F600 X27.761 Y49.823 E3272.51865
G1 X27.831 Y49.893
G0 F1800 X27.196 Y49.823
G1 F600 X20.711 Y43.339 E3273.05242
G1 X20.641 Y43.269
G0 F1800 X20.466 Y43.659
G1 F600 X26.63 Y49.823 E3273.55981
G1 X26.7 Y49.893
G0 F1800 X26.064 Y49.823
G1 F600 X20.194 Y43.953 E3274.04299
G1 X20.124 Y43.883
G0 F1800 X19.892 Y44.216
G1 F600 X25.498 Y49.823 E3274.50449
G1 X25.568 Y49.893
G0 F1800 X24.933 Y49.823
G1 F600 X19.562 Y44.452 E3274.9466
G1 X19.492 Y44.382
G0 F1800 X19.205 Y44.66
G1 F600 X24.367 Y49.823 E3275.37155
G1 X24.437 Y49.893
G0 F1800 X23.801 Y49.823
G1 F600 X18.812 Y44.834 E3275.78222
G1 X18.742 Y44.764
G0 F1800 X18.384 Y44.971
G1 F600 X23.236 Y49.823 E3276.18161
G1 X23.306 Y49.893
G0 F1800 X22.67 Y49.823
G1 F600 X17.913 Y45.066 E3276.57318
G1 X17.843 Y44.996
G0 F1800 X17.391 Y45.11
G1 F600 X22.104 Y49.823 E3276.96113
G1 X22.174 Y49.893
G0 F1800 X21.539 Y49.823
G1 F600 X16.79 Y45.075 E3277.352
G1 X16.72 Y45.005
G0 F1800 X16.065 Y44.915
G1 F600 X20.973 Y49.823 E3277.756
G1 X21.043 Y49.893
G0 F1800 X20.407 Y49.823
G1 F600 X14.918 Y44.334 E3278.20783
G1 X14.848 Y44.264
G0 F1800 X13.988 Y43.404
G1 F600 X8.495 Y37.911 E3278.65998
G1 X8.425 Y37.841
G0 F1800 X8.495 Y37.345
G1 F600 X13.406 Y42.255 E3279.06419
G1 X13.476 Y42.325
G0 F1800 X13.244 Y41.529
G1 F600 X8.495 Y36.78 E3279.4551
G1 X8.425 Y36.71
G0 F1800 X8.495 Y36.214
G1 F600 X13.209 Y40.928 E3279.84313
G1 X13.279 Y40.998
G0 F1800 X13.252 Y40.405
G1 F600 X8.495 Y35.648 E3280.2347
G1 X8.425 Y35.578
G0 F1800 X8.495 Y35.083
G1 F600 X13.348 Y39.935 E3280.63413
G1 X13.418 Y40.005
G0 F1800 X13.485 Y39.506
G1 F600 X8.495 Y34.517 E3281.04484
G1 X8.425 Y34.447
G0 F1800 X8.495 Y33.951
G1 F600 X13.66 Y39.116 E3281.47
G1 X13.73 Y39.186
G0 F1800 X13.867 Y38.757
G1 F600 X8.495 Y33.386 E3281.91215
G1 X8.425 Y33.316
G0 F1800 X8.495 Y32.82
G1 F600 X14.103 Y38.427 E3282.37373
G1 X14.173 Y38.497
G0 F1800 X14.366 Y38.125
G1 F600 X8.882 Y32.641 E3282.82514
G1 X8.812 Y32.571
G0 F1800 X9.956 Y33.149
G1 F600 X14.66 Y37.853 E3283.21235
G1 X14.73 Y37.923
G0 F1800 X14.98 Y37.608
G1 F600 X11.029 Y33.656 E3283.53762
G1 X10.959 Y33.586
G0 F1800 X11.921 Y33.982
G1 F600 X15.327 Y37.389 E3283.81802
G1 X15.397 Y37.459
G0 F1800 X15.707 Y37.203
G1 F600 X12.802 Y34.298 E3284.05714
G1 X12.732 Y34.228
G0 F1800 X13.682 Y34.612
G1 F600 X16.121 Y37.051 E3284.25791
G1 X16.191 Y37.121
G0 F1800 X16.578 Y36.943
G1 F600 X14.562 Y34.927 E3284.42386
G1 X14.492 Y34.857
G0 F1800 X15.382 Y35.181
G1 F600 X17.085 Y36.884 E3284.56404
G1 X17.155 Y36.954
G0 F1800 X17.655 Y36.889
G1 F600 X16.136 Y35.37 E3284.68907
G1 X16.066 Y35.3
G0 F1800 X16.891 Y35.558
G1 F600 X18.334 Y37.002 E3284.80789
G1 X18.404 Y37.072
G0 F1800 X19.241 Y37.343
G1 F600 X17.645 Y35.747 E3284.93927
G1 X17.575 Y35.677
G0 F1800 X8.495 Y38.477
G1 F600 X19.842 Y49.823 E3285.87325
G1 X19.912 Y49.893
G0 F1800 X19.276 Y49.823
G1 F600 X8.495 Y39.042 E3286.76069
G1 X8.425 Y38.972
G0 F1800 X8.495 Y39.608
G1 F600 X18.71 Y49.823 E3287.60153
G1 X18.78 Y49.893
G0 F1800 X18.145 Y49.823
G1 F600 X8.495 Y40.174 E3288.39583
G1 X8.425 Y40.104
G0 F1800 X8.495 Y40.739
G1 F600 X17.579 Y49.823 E3289.14357
G1 X17.649 Y49.893
G0 F1800 X17.013 Y49.823
G1 F600 X8.495 Y41.305 E3289.84473
G1 X8.425 Y41.235
G0 F1800 X8.495 Y41.871
G1 F600 X16.448 Y49.823 E3290.49933
G1 X16.518 Y49.893
G0 F1800 X15.882 Y49.823
G1 F600 X8.495 Y42.437 E3291.10735
G1 X8.425 Y42.367
G0 F1800 X8.495 Y43.002
G1 F600 X15.316 Y49.823 E3291.66882
G1 X15.386 Y49.893
G0 F1800 X14.75 Y49.823
G1 F600 X8.495 Y43.568 E3292.1837
G1 X8.425 Y43.498
G0 F1800 X8.495 Y44.134
G1 F600 X14.185 Y49.823 E3292.65203
G1 X14.255 Y49.893
G0 F1800 X13.619 Y49.823
G1 F600 X8.495 Y44.699 E3293.07381
G1 X8.425 Y44.629
G0 F1800 X8.495 Y45.265
G1 F600 X13.053 Y49.823 E3293.449
G1 X13.123 Y49.893
G0 F1800 X12.488 Y49.823
G1 F600 X8.495 Y45.831 E3293.77764
G1 X8.425 Y45.761
G0 F1800 X8.495 Y46.396
G1 F600 X11.922 Y49.823 E3294.05973
G1 X11.992 Y49.893
G0 F1800 X11.356 Y49.823
G1 F600 X8.495 Y46.962 E3294.29523
G1 X8.425 Y46.892
G0 F1800 X8.495 Y47.528
G1 F600 X10.791 Y49.823 E3294.48419
G1 X10.861 Y49.893
G0 F1800 X10.225 Y49.823
G1 F600 X8.495 Y48.093 E3294.62659
G1 X8.425 Y48.023
G0 F1800 X8.495 Y48.659
G1 F600 X9.659 Y49.823 E3294.7224
G1 X9.729 Y49.893
G0 F1800 X9.094 Y49.823
G1 F600 X8.495 Y49.225 E3294.77167
G1 X8.425 Y49.155
G0 F1800 X35.752 Y44.802
G1 F600 X40.772 Y49.823 E3295.18493
G1 X40.842 Y49.893
G0 F1800 X41.338 Y49.823
G1 F600 X36.553 Y45.039 E3295.57876
G1 X36.483 Y44.969
G0 F1800 X37.187 Y45.107
G1 F600 X41.903 Y49.823 E3295.96696
G1 X41.973 Y49.893
G0 F1800 X42.469 Y49.823
G1 F600 X37.739 Y45.093 E3296.35631
G1 X37.669 Y45.023
G0 F1800 X38.224 Y45.012
G1 F600 X43.035 Y49.823 E3296.75232
G1 X43.105 Y49.893
G0 F1800 X43.6 Y49.823
G1 F600 X38.665 Y44.887 E3297.15859
G1 X38.595 Y44.817
G0 F1800 X39.067 Y44.724
G1 F600 X44.166 Y49.823 E3297.57831
G1 X44.236 Y49.893
G0 F1800 X44.732 Y49.823
G1 F600 X39.438 Y44.529 E3298.01408
G1 X39.368 Y44.459
G0 F1800 X39.776 Y44.302
G1 F600 X45.297 Y49.823 E3298.46854
G1 X45.367 Y49.893
G0 F1800 X45.863 Y49.823
G1 F600 X40.088 Y44.048 E3298.94391
G1 X40.018 Y43.978
G0 F1800 X40.371 Y43.765
G1 F600 X46.156 Y49.55 E3299.4201
G1 X46.226 Y49.62
G0 F1800 X46.156 Y48.984
G1 F600 X40.626 Y43.454 E3299.8753
G1 X40.556 Y43.384
G0 F1800 X40.853 Y43.116
G1 F600 X46.156 Y48.419 E3300.31182
G1 X46.226 Y48.489
G0 F1800 X46.156 Y47.853
G1 F600 X41.05 Y42.747 E3300.73211
G1 X40.98 Y42.677
G0 F1800 X41.213 Y42.345
G1 F600 X46.156 Y47.287 E3301.13895
G1 X46.226 Y47.357
G0 F1800 X46.156 Y46.722
G1 F600 X41.34 Y41.905 E3301.53542
G1 X41.27 Y41.835
G0 F1800 X41.422 Y41.422
G1 F600 X46.156 Y46.156 E3301.9251
G1 X46.226 Y46.226
G0 F1800 X46.156 Y45.59
G1 F600 X41.439 Y40.874 E3302.31334
G1 X41.369 Y40.804
G0 F1800 X41.374 Y40.243
G1 F600 X46.156 Y45.025 E3302.70697
G1 X46.226 Y45.095
G0 F1800 X46.156 Y44.459
G1 F600 X41.144 Y39.447 E3303.11953
G1 X41.074 Y39.377
G0 F1800 X39.321 Y38.009
G0 X38.368 Y37.558
G0 X37.525 Y37.434
G0 X16.968 Y37.361
G0 X16.977 Y37.46
;TIME_ELAPSED:5304.494691
;LAYER:71
G0 X16.977 Y37.46 Z25.15
;TYPE:WALL-INNER
G1 F1200 X16.634 Y37.512 E3303.13972
G1 X16.296 Y37.596 E3303.15999
G1 X15.967 Y37.714 E3303.18033
G1 X15.653 Y37.862 E3303.20054
G1 X15.353 Y38.042 E3303.2209
G1 X15.074 Y38.249 E3303.24112
G1 X14.815 Y38.483 E3303.26144
G1 X14.581 Y38.742 E3303.28176
G1 X14.373 Y39.022 E3303.30206
G1 X14.195 Y39.322 E3303.32236
G1 X14.046 Y39.634 E3303.34249
G1 X13.928 Y39.964 E3303.36289
G1 X13.844 Y40.302 E3303.38316
G1 X13.792 Y40.645 E3303.40335
G1 X13.776 Y40.994 E3303.42369
G1 X13.792 Y41.343 E3303.44402
G1 X13.844 Y41.687 E3303.46427
G1 X13.928 Y42.024 E3303.48449
G1 X14.046 Y42.354 E3303.50488
G1 X14.195 Y42.667 E3303.52506
G1 X14.373 Y42.966 E3303.54532
G1 X14.581 Y43.247 E3303.56566
G1 X14.815 Y43.505 E3303.58594
G1 X15.074 Y43.74 E3303.60629
G1 X15.354 Y43.947 E3303.62656
G1 X15.653 Y44.126 E3303.64685
G1 X15.967 Y44.275 E3303.66707
G1 X16.297 Y44.393 E3303.68747
G1 X16.634 Y44.476 E3303.70767
G1 X16.977 Y44.528 E3303.72787
G1 X17.326 Y44.544 E3303.7482
G1 X17.675 Y44.528 E3303.76854
G1 X18.019 Y44.476 E3303.78879
G1 X18.357 Y44.392 E3303.80906
G1 X18.685 Y44.275 E3303.82933
G1 X19.001 Y44.126 E3303.84966
G1 X19.299 Y43.947 E3303.8699
G1 X19.579 Y43.74 E3303.89016
G1 X19.837 Y43.505 E3303.91048
G1 X20.072 Y43.247 E3303.93079
G1 X20.279 Y42.967 E3303.95106
G1 X20.458 Y42.669 E3303.97129
G1 X20.607 Y42.352 E3303.99168
G1 X20.724 Y42.024 E3304.01195
G1 X20.809 Y41.687 E3304.03218
G1 X20.86 Y41.341 E3304.05253
G1 X20.876 Y40.994 E3304.07275
G1 X20.86 Y40.647 E3304.09297
G1 X20.809 Y40.302 E3304.11327
G1 X20.724 Y39.964 E3304.13356
G1 X20.607 Y39.635 E3304.15388
G1 X20.458 Y39.321 E3304.17411
G1 X20.279 Y39.022 E3304.19439
G1 X20.072 Y38.742 E3304.21466
G1 X19.837 Y38.483 E3304.23502
G1 X19.579 Y38.249 E3304.25529
G1 X19.299 Y38.042 E3304.27556
G1 X19 Y37.862 E3304.29587
G1 X18.685 Y37.714 E3304.31613
G1 X18.357 Y37.596 E3304.33642
G1 X18.019 Y37.512 E3304.35669
G1 X17.675 Y37.46 E3304.37694
G1 X17.326 Y37.444 E3304.39728
G1 X16.977 Y37.46 E3304.41761
G0 F1800 X16.968 Y37.361
G0 X23.215 Y36.243
G0 X23.224 Y36.144
G1 F1200 X27.326 Y36.344 E3304.65665
G1 X31.428 Y36.144 E3304.89569
G1 X35.491 Y35.541 E3305.13477
G1 X39.474 Y34.543 E3305.37377
G1 X43.342 Y33.159 E3305.61289
G1 X46.42 Y31.703 E3305.81108
G1 X46.652 Y31.594 E3305.82599
G1 X46.726 Y31.595 E3305.8303
G1 X46.726 Y31.852 E3305.84013
G1 X46.726 Y50.394 E3306.91937
G1 X7.926 Y50.394 E3309.17773
G1 X7.926 Y31.85 E3310.25709
G1 X7.926 Y31.595 E3310.27193
G1 X8.002 Y31.594 E3310.27636
G1 X8.232 Y31.703 E3310.28609
G1 X11.301 Y33.154 E3310.48368
G1 X15.178 Y34.543 E3310.72339
G1 X19.162 Y35.541 E3310.96244
G1 X23.224 Y36.144 E3311.20146
G0 F1800 X23.215 Y36.243
G0 X36.968 Y37.361
G0 X36.977 Y37.46
G1 F1200 X36.634 Y37.512 E3311.22166
G1 X36.296 Y37.596 E3311.24193
G1 X35.967 Y37.714 E3311.26227
G1 X35.653 Y37.862 E3311.28248
G1 X35.353 Y38.042 E3311.30284
G1 X35.074 Y38.249 E3311.32306
G1 X34.815 Y38.483 E3311.34338
G1 X34.581 Y38.742 E3311.36369
G1 X34.373 Y39.022 E3311.384
G1 X34.195 Y39.322 E3311.4043
G1 X34.046 Y39.634 E3311.42443
G1 X33.928 Y39.964 E3311.44482
G1 X33.844 Y40.302 E3311.4651
G1 X33.792 Y40.645 E3311.48529
G1 X33.776 Y40.994 E3311.50562
G1 X33.792 Y41.343 E3311.52596
G1 X33.844 Y41.687 E3311.54621
G1 X33.928 Y42.024 E3311.56642
G1 X34.046 Y42.354 E3311.58682
G1 X34.195 Y42.667 E3311.607
G1 X34.373 Y42.966 E3311.62725
G1 X34.581 Y43.247 E3311.6476
G1 X34.815 Y43.505 E3311.66788
G1 X35.074 Y43.74 E3311.68823
G1 X35.354 Y43.947 E3311.7085
G1 X35.653 Y44.126 E3311.72878
G1 X35.967 Y44.275 E3311.74901
G1 X36.297 Y44.393 E3311.76941
G1 X36.634 Y44.476 E3311.78961
G1 X36.977 Y44.528 E3311.80981
G1 X37.326 Y44.544 E3311.83014
G1 X37.675 Y44.528 E3311.85048
G1 X38.019 Y44.476 E3311.87073
G1 X38.357 Y44.392 E3311.891
G1 X38.685 Y44.275 E3311.91127
G1 X39.001 Y44.126 E3311.9316
G1 X39.299 Y43.947 E3311.95184
G1 X39.579 Y43.74 E3311.9721
G1 X39.837 Y43.505 E3311.99242
G1 X40.072 Y43.247 E3312.01273
G1 X40.279 Y42.967 E3312.033
G1 X40.458 Y42.669 E3312.05323
G1 X40.607 Y42.352 E3312.07362
G1 X40.724 Y42.024 E3312.09389
G1 X40.809 Y41.687 E3312.11412
G1 X40.86 Y41.341 E3312.13447
G1 X40.876 Y40.994 E3312.15469
G1 X40.86 Y40.647 E3312.17491
G1 X40.809 Y40.302 E3312.19521
G1 X40.724 Y39.964 E3312.21549
G1 X40.607 Y39.635 E3312.23582
G1 X40.458 Y39.321 E3312.25605
G1 X40.279 Y39.022 E3312.27633
G1 X40.072 Y38.742 E3312.2966
G1 X39.837 Y38.483 E3312.31696
G1 X39.579 Y38.249 E3312.33723
G1 X39.299 Y38.042 E3312.3575
G1 X39 Y37.862 E3312.37781
G1 X38.685 Y37.714 E3312.39807
G1 X38.357 Y37.596 E3312.41836
G1 X38.019 Y37.512 E3312.43863
G1 X37.675 Y37.46 E3312.45888
G1 X37.326 Y37.444 E3312.47921
G1 X36.977 Y37.46 E3312.49955
G0 F1800 X36.968 Y37.361
G0 X35.952 Y37.678
G0 X35.441 Y37.983
G0 X34.728 Y38.43
G0 X35.098 Y38.766
;TYPE:WALL-OUTER
G1 F600 X34.891 Y38.996 E3312.51756
G1 X34.706 Y39.244 E3312.53557
G1 X34.548 Y39.51 E3312.55358
G1 X34.416 Y39.788 E3312.57149
G1 X34.311 Y40.08 E3312.58955
G1 X34.237 Y40.38 E3312.60754
G1 X34.191 Y40.685 E3312.62549
G1 X34.176 Y40.994 E3312.6435
G1 X34.191 Y41.303 E3312.6615
G1 X34.237 Y41.609 E3312.67951
G1 X34.311 Y41.908 E3312.69744
G1 X34.416 Y42.2 E3312.7155
G1 X34.548 Y42.479 E3312.73347
G1 X34.706 Y42.744 E3312.75143
G1 X34.891 Y42.993 E3312.76948
G1 X35.098 Y43.222 E3312.78745
G1 X35.328 Y43.43 E3312.8055
G1 X35.576 Y43.614 E3312.82347
G1 X35.842 Y43.773 E3312.84151
G1 X36.12 Y43.905 E3312.85942
G1 X36.412 Y44.009 E3312.87746
G1 X36.712 Y44.083 E3312.89545
G1 X37.017 Y44.129 E3312.9134
G1 X37.326 Y44.144 E3312.93141
G1 X37.635 Y44.129 E3312.94942
G1 X37.941 Y44.083 E3312.96743
G1 X38.241 Y44.009 E3312.98541
G1 X38.532 Y43.905 E3313.0034
G1 X38.812 Y43.773 E3313.02142
G1 X39.076 Y43.614 E3313.03935
G1 X39.325 Y43.43 E3313.05737
G1 X39.554 Y43.222 E3313.07538
G1 X39.762 Y42.993 E3313.09339
G1 X39.946 Y42.744 E3313.11141
G1 X40.105 Y42.48 E3313.12935
G1 X40.237 Y42.199 E3313.14742
G1 X40.341 Y41.908 E3313.1654
G1 X40.416 Y41.609 E3313.18335
G1 X40.461 Y41.302 E3313.20141
G1 X40.476 Y40.994 E3313.21935
G1 X40.461 Y40.686 E3313.2373
G1 X40.416 Y40.38 E3313.25531
G1 X40.341 Y40.08 E3313.2733
G1 X40.237 Y39.788 E3313.29135
G1 X40.105 Y39.51 E3313.30926
G1 X39.946 Y39.244 E3313.3273
G1 X39.762 Y38.996 E3313.34527
G1 X39.554 Y38.766 E3313.36332
G1 X39.325 Y38.559 E3313.38129
G1 X39.076 Y38.375 E3313.39931
G1 X38.811 Y38.215 E3313.41733
G1 X38.532 Y38.084 E3313.43527
G1 X38.241 Y37.979 E3313.45327
G1 X37.941 Y37.905 E3313.47126
G1 X37.635 Y37.859 E3313.48927
G1 X37.326 Y37.844 E3313.50728
G1 X37.017 Y37.859 E3313.52528
G1 X36.712 Y37.905 E3313.54324
G1 X36.412 Y37.979 E3313.56122
G1 X36.12 Y38.084 E3313.57928
G1 X35.842 Y38.215 E3313.59717
G1 X35.576 Y38.375 E3313.61524
G1 X35.328 Y38.559 E3313.63321
G1 X35.098 Y38.766 E3313.65122
G0 F1800 X34.891 Y38.996
G0 X34.706 Y39.244
G0 X34.548 Y39.51
G0 X34.517 Y39.576
G0 X34.067 Y39.36
G0 X17.326 Y37.404
G0 X16.285 Y37.558
G0 X15.513 Y37.922
G0 X14.728 Y38.43
G0 X15.098 Y38.766
G1 F600 X14.891 Y38.996 E3313.66923
G1 X14.706 Y39.244 E3313.68724
G1 X14.548 Y39.51 E3313.70525
G1 X14.416 Y39.788 E3313.72316
G1 X14.311 Y40.08 E3313.74122
G1 X14.237 Y40.38 E3313.75921
G1 X14.191 Y40.685 E3313.77716
G1 X14.176 Y40.994 E3313.79517
G1 X14.191 Y41.303 E3313.81317
G1 X14.237 Y41.609 E3313.83118
G1 X14.311 Y41.908 E3313.84911
G1 X14.416 Y42.2 E3313.86717
G1 X14.548 Y42.479 E3313.88514
G1 X14.706 Y42.744 E3313.9031
G1 X14.891 Y42.993 E3313.92115
G1 X15.098 Y43.222 E3313.93912
G1 X15.328 Y43.43 E3313.95717
G1 X15.576 Y43.614 E3313.97514
G1 X15.842 Y43.773 E3313.99318
G1 X16.12 Y43.905 E3314.01109
G1 X16.412 Y44.009 E3314.02914
G1 X16.712 Y44.083 E3314.04712
G1 X17.017 Y44.129 E3314.06507
G1 X17.326 Y44.144 E3314.08308
G1 X17.635 Y44.129 E3314.10109
G1 X17.941 Y44.083 E3314.1191
G1 X18.241 Y44.009 E3314.13708
G1 X18.532 Y43.905 E3314.15507
G1 X18.812 Y43.773 E3314.17309
G1 X19.076 Y43.614 E3314.19103
G1 X19.325 Y43.43 E3314.20905
G1 X19.554 Y43.222 E3314.22705
G1 X19.762 Y42.993 E3314.24506
G1 X19.946 Y42.744 E3314.26308
G1 X20.105 Y42.48 E3314.28102
G1 X20.237 Y42.199 E3314.29909
G1 X20.341 Y41.908 E3314.31708
G1 X20.416 Y41.609 E3314.33502
G1 X20.461 Y41.302 E3314.35308
G1 X20.476 Y40.994 E3314.37103
G1 X20.461 Y40.686 E3314.38898
G1 X20.416 Y40.38 E3314.40698
G1 X20.341 Y40.08 E3314.42498
G1 X20.237 Y39.788 E3314.44302
G1 X20.105 Y39.51 E3314.46093
G1 X19.946 Y39.244 E3314.47897
G1 X19.762 Y38.996 E3314.49694
G1 X19.554 Y38.766 E3314.51499
G1 X19.325 Y38.559 E3314.53296
G1 X19.076 Y38.375 E3314.55098
G1 X18.811 Y38.215 E3314.569
G1 X18.532 Y38.084 E3314.58694
G1 X18.241 Y37.979 E3314.60494
G1 X17.941 Y37.905 E3314.62293
G1 X17.635 Y37.859 E3314.64094
G1 X17.326 Y37.844 E3314.65895
G1 X17.017 Y37.859 E3314.67695
G1 X16.712 Y37.905 E3314.69491
G1 X16.412 Y37.979 E3314.71289
G1 X16.12 Y38.084 E3314.73095
G1 X15.842 Y38.215 E3314.74884
G1 X15.576 Y38.375 E3314.76691
G1 X15.328 Y38.559 E3314.78488
G1 X15.098 Y38.766 E3314.80289
G0 F1800 X14.891 Y38.996
G0 X14.706 Y39.244
G0 X14.548 Y39.51
G0 X14.517 Y39.576
G0 X14.067 Y39.36
G0 X15.172 Y34.644
G0 X15.294 Y34.16
G1 F600 X19.24 Y35.148 E3315.03966
G1 X23.263 Y35.745 E3315.27639
G1 X27.326 Y35.944 E3315.51316
G1 X31.389 Y35.745 E3315.74993
G1 X35.413 Y35.148 E3315.98671
G1 X39.358 Y34.16 E3316.22342
G1 X43.189 Y32.789 E3316.46025
G1 X46.562 Y31.194 E3316.67742
G1 X47.126 Y31.196 E3316.71025
G1 X47.126 Y50.794 E3317.85096
G1 X7.526 Y50.794 E3320.15589
G1 X7.526 Y31.196 E3321.29659
G1 X8.092 Y31.194 E3321.32954
G1 X11.454 Y32.784 E3321.546
G1 X15.294 Y34.16 E3321.78343
G0 F1800 X16.264 Y34.402
G0 X16.142 Y34.887
G0 X15.065 Y34.917
;TYPE:SKIN
G1 F600 X19.086 Y35.924 E3322.0247
G1 X23.185 Y36.532 E3322.26589
G1 X27.326 Y36.734 E3322.50721
G1 X31.467 Y36.532 E3322.74852
G1 X35.567 Y35.924 E3322.98977
G1 X39.587 Y34.917 E3323.23099
G1 X43.492 Y33.52 E3323.47238
G1 X46.336 Y32.175 E3323.6555
G1 X46.336 Y50.004 E3324.69324
G1 X8.316 Y50.004 E3326.9062
G1 X8.316 Y32.174 E3327.944
G1 X11.151 Y33.515 E3328.12654
G1 X15.065 Y34.917 E3328.36853
G0 F1800 X16.558 Y37.129
G1 F600 X16.183 Y37.222 E3328.39102
G1 X15.817 Y37.353 E3328.41365
G1 X15.469 Y37.517 E3328.43604
G1 X15.136 Y37.718 E3328.45868
G1 X14.827 Y37.947 E3328.48106
G1 X14.538 Y38.206 E3328.50365
G1 X14.279 Y38.494 E3328.5262
G1 X14.048 Y38.806 E3328.54879
G1 X13.85 Y39.138 E3328.57129
G1 X13.685 Y39.484 E3328.5936
G1 X13.554 Y39.851 E3328.61629
G1 X13.461 Y40.226 E3328.63877
G1 X13.404 Y40.606 E3328.66114
G1 X13.386 Y40.994 E3328.68375
G1 X13.404 Y41.382 E3328.70636
G1 X13.461 Y41.763 E3328.72878
G1 X13.554 Y42.137 E3328.75121
G1 X13.685 Y42.504 E3328.77389
G1 X13.85 Y42.851 E3328.79626
G1 X14.048 Y43.182 E3328.81871
G1 X14.279 Y43.495 E3328.84135
G1 X14.538 Y43.782 E3328.86385
G1 X14.826 Y44.042 E3328.88643
G1 X15.137 Y44.272 E3328.90895
G1 X15.469 Y44.471 E3328.93148
G1 X15.817 Y44.636 E3328.95389
G1 X16.184 Y44.767 E3328.97658
G1 X16.558 Y44.859 E3328.99899
G1 X16.938 Y44.916 E3329.02136
G1 X17.326 Y44.934 E3329.04397
G1 X17.714 Y44.916 E3329.06657
G1 X18.095 Y44.859 E3329.089
G1 X18.47 Y44.766 E3329.11149
G1 X18.834 Y44.636 E3329.13398
G1 X19.185 Y44.471 E3329.15656
G1 X19.516 Y44.272 E3329.17904
G1 X19.827 Y44.042 E3329.20155
G1 X20.114 Y43.782 E3329.22409
G1 X20.374 Y43.495 E3329.24663
G1 X20.604 Y43.184 E3329.26915
G1 X20.803 Y42.852 E3329.29168
G1 X20.968 Y42.501 E3329.31425
G1 X21.098 Y42.137 E3329.33675
G1 X21.192 Y41.763 E3329.35919
G1 X21.248 Y41.378 E3329.38184
G1 X21.266 Y40.994 E3329.40421
G1 X21.248 Y40.61 E3329.42659
G1 X21.192 Y40.226 E3329.44918
G1 X21.098 Y39.851 E3329.47168
G1 X20.968 Y39.485 E3329.49429
G1 X20.803 Y39.137 E3329.5167
G1 X20.604 Y38.805 E3329.53923
G1 X20.374 Y38.494 E3329.56175
G1 X20.114 Y38.206 E3329.58433
G1 X19.826 Y37.947 E3329.60688
G1 X19.516 Y37.718 E3329.62931
G1 X19.184 Y37.517 E3329.6519
G1 X18.835 Y37.353 E3329.67434
G1 X18.47 Y37.222 E3329.69691
G1 X18.095 Y37.129 E3329.7194
G1 X17.714 Y37.072 E3329.74183
G1 X17.326 Y37.054 E3329.76443
G1 X16.938 Y37.072 E3329.78704
G1 X16.558 Y37.129 E3329.80941
G0 F1800 X33.554 Y39.851
G1 F600 X33.461 Y40.226 E3329.8319
G1 X33.404 Y40.606 E3329.85426
G1 X33.386 Y40.994 E3329.87687
G1 X33.404 Y41.382 E3329.89948
G1 X33.461 Y41.763 E3329.9219
G1 X33.554 Y42.137 E3329.94433
G1 X33.685 Y42.504 E3329.96701
G1 X33.85 Y42.851 E3329.98938
G1 X34.048 Y43.182 E3330.01183
G1 X34.279 Y43.495 E3330.03447
G1 X34.538 Y43.782 E3330.05697
G1 X34.826 Y44.042 E3330.07955
G1 X35.137 Y44.272 E3330.10207
G1 X35.469 Y44.471 E3330.1246
G1 X35.817 Y44.636 E3330.14702
G1 X36.184 Y44.767 E3330.1697
G1 X36.558 Y44.859 E3330.19211
G1 X36.938 Y44.916 E3330.21448
G1 X37.326 Y44.934 E3330.23709
G1 X37.714 Y44.916 E3330.2597
G1 X38.095 Y44.859 E3330.28212
G1 X38.47 Y44.766 E3330.30461
G1 X38.834 Y44.636 E3330.3271
G1 X39.185 Y44.471 E3330.34968
G1 X39.516 Y44.272 E3330.37216
G1 X39.827 Y44.042 E3330.39467
G1 X40.114 Y43.782 E3330.41721
G1 X40.374 Y43.495 E3330.43975
G1 X40.604 Y43.184 E3330.46227
G1 X40.803 Y42.852 E3330.4848
G1 X40.968 Y42.501 E3330.50737
G1 X41.098 Y42.137 E3330.52987
G1 X41.192 Y41.763 E3330.55232
G1 X41.248 Y41.378 E3330.57496
G1 X41.266 Y40.994 E3330.59734
G1 X41.248 Y40.61 E3330.61971
G1 X41.192 Y40.226 E3330.6423
G1 X41.098 Y39.851 E3330.6648
G1 X40.968 Y39.485 E3330.68741
G1 X40.803 Y39.137 E3330.70982
G1 X40.604 Y38.805 E3330.73235
G1 X40.374 Y38.494 E3330.75487
G1 X40.114 Y38.206 E3330.77745
G1 X39.826 Y37.947 E3330.8
G1 X39.516 Y37.718 E3330.82243
G1 X39.184 Y37.517 E3330.84502
G1 X38.835 Y37.353 E3330.86746
G1 X38.47 Y37.222 E3330.89004
G1 X38.095 Y37.129 E3330.91252
G1 X37.714 Y37.072 E3330.93495
G1 X37.326 Y37.054 E3330.95756
G1 X36.938 Y37.072 E3330.98016
G1 X36.558 Y37.129 E3331.00253
G1 X36.183 Y37.222 E3331.02502
G1 X35.817 Y37.353 E3331.04764
G1 X35.469 Y37.517 E3331.07004
G1 X35.136 Y37.718 E3331.09267
G1 X34.827 Y37.947 E3331.11506
G1 X34.538 Y38.206 E3331.13765
G1 X34.279 Y38.494 E3331.16019
G1 X34.048 Y38.806 E3331.18279
G1 X33.85 Y39.138 E3331.20529
G1 X33.685 Y39.484 E3331.2276
G1 X33.554 Y39.851 E3331.25028
G0 F1800 X33.89 Y42.035
G0 X34.34 Y42.988
G0 X35.049 Y43.77
G0 X35.56 Y44.075
G0 X45.777 Y49.823
G1 F600 X46.155 Y49.445 E3331.2814
G0 F1800 X46.155 Y48.879
G1 F600 X45.211 Y49.823 E3331.3591
G1 X45.141 Y49.893
G0 F1800 X44.646 Y49.823
G1 F600 X46.155 Y48.313 E3331.48336
G1 X46.225 Y48.243
G0 F1800 X46.155 Y47.748
G1 F600 X44.08 Y49.823 E3331.65416
G1 X44.01 Y49.893
G0 F1800 X43.514 Y49.823
G1 F600 X46.155 Y47.182 E3331.87155
G1 X46.225 Y47.112
G0 F1800 X46.155 Y46.616
G1 F600 X42.948 Y49.823 E3332.13553
G1 X42.878 Y49.893
G0 F1800 X42.383 Y49.823
G1 F600 X46.155 Y46.051 E3332.44603
G1 X46.225 Y45.981
G0 F1800 X46.155 Y45.485
G1 F600 X41.817 Y49.823 E3332.80311
G1 X41.747 Y49.893
G0 F1800 X41.251 Y49.823
G1 F600 X46.155 Y44.919 E3333.20678
G1 X46.225 Y44.849
G0 F1800 X46.155 Y44.353
G1 F600 X40.686 Y49.823 E3333.657
G1 X40.616 Y49.893
G0 F1800 X40.12 Y49.823
G1 F600 X46.155 Y43.788 E3334.15377
G1 X46.225 Y43.718
G0 F1800 X46.155 Y43.222
G1 F600 X39.554 Y49.823 E3334.69713
G1 X39.484 Y49.893
G0 F1800 X38.989 Y49.823
G1 F600 X46.155 Y42.656 E3335.28703
G1 X46.225 Y42.586
G0 F1800 X46.155 Y42.091
G1 F600 X38.423 Y49.823 E3335.92349
G1 X38.353 Y49.893
G0 F1800 X37.857 Y49.823
G1 F600 X46.155 Y41.525 E3336.60654
G1 X46.225 Y41.455
G0 F1800 X46.155 Y40.959
G1 F600 X37.292 Y49.823 E3337.33613
G1 X37.222 Y49.893
G0 F1800 X36.726 Y49.823
G1 F600 X46.155 Y40.394 E3338.11228
G1 X46.225 Y40.324
G0 F1800 X46.155 Y39.828
G1 F600 X36.16 Y49.823 E3338.93501
G1 X36.09 Y49.893
G0 F1800 X35.595 Y49.823
G1 F600 X46.155 Y39.262 E3339.8043
G1 X46.225 Y39.192
G0 F1800 X46.155 Y38.697
G1 F600 X35.029 Y49.823 E3340.72013
G1 X34.959 Y49.893
G0 F1800 X34.463 Y49.823
G1 F600 X46.155 Y38.131 E3341.68255
G1 X46.225 Y38.061
G0 F1800 X46.155 Y37.565
G1 F600 X41.118 Y42.603 E3342.09721
G1 X41.048 Y42.673
G0 F1800 X41.369 Y41.785
G1 F600 X46.155 Y37 E3342.49113
G1 X46.225 Y36.93
G0 F1800 X46.155 Y36.434
G1 F600 X41.438 Y41.151 E3342.87941
G1 X41.368 Y41.221
G0 F1800 X41.427 Y40.597
G1 F600 X46.155 Y35.868 E3343.26863
G1 X46.225 Y35.798
G0 F1800 X46.155 Y35.303
G1 F600 X41.348 Y40.11 E3343.66432
G1 X41.278 Y40.18
G0 F1800 X41.224 Y39.668
G1 F600 X46.155 Y34.737 E3344.07021
G1 X46.225 Y34.667
G0 F1800 X46.155 Y34.171
G1 F600 X41.062 Y39.264 E3344.48944
G1 X40.992 Y39.334
G0 F1800 X40.867 Y38.894
G1 F600 X46.155 Y33.605 E3344.92476
G1 X46.225 Y33.535
G0 F1800 X46.155 Y33.04
G1 F600 X40.641 Y38.554 E3345.37864
G1 X40.571 Y38.624
G0 F1800 X40.388 Y38.241
G1 F600 X46.155 Y32.474 E3345.85335
G1 X46.225 Y32.404
G0 F1800 X45.112 Y32.951
G1 F600 X40.106 Y37.958 E3346.26546
G1 X40.036 Y38.028
G0 F1800 X39.796 Y37.702
G1 F600 X44.039 Y33.459 E3346.61472
G1 X44.109 Y33.389
G0 F1800 X43.072 Y33.86
G1 F600 X39.459 Y37.473 E3346.91212
G1 X39.389 Y37.543
G0 F1800 X39.092 Y37.275
G1 F600 X42.191 Y34.175 E3347.16726
G1 X42.261 Y34.105
G0 F1800 X41.311 Y34.49
G1 F600 X38.69 Y37.111 E3347.383
G1 X38.62 Y37.181
G0 F1800 X38.252 Y36.983
G1 F600 X40.43 Y34.805 E3347.56229
G1 X40.5 Y34.735
G0 F1800 X39.561 Y35.108
G1 F600 X37.77 Y36.899 E3347.70971
G1 X37.7 Y36.969
G0 F1800 X37.225 Y36.879
G1 F600 X38.807 Y35.297 E3347.83993
G1 X38.877 Y35.227
G0 F1800 X38.052 Y35.486
G1 F600 X36.597 Y36.941 E3347.9597
G1 X36.527 Y37.011
G0 F1800 X35.808 Y37.164
G1 F600 X37.298 Y35.674 E3348.08235
G1 X37.368 Y35.604
G0 F1800 X36.543 Y35.863
G1 F600 X22.584 Y49.823 E3349.23142
G1 X22.514 Y49.893
G0 F1800 X23.149 Y49.823
G1 F600 X33.495 Y39.477 E3350.08305
G1 X33.565 Y39.407
G0 F1800 X33.272 Y40.266
G1 F600 X23.715 Y49.823 E3350.86973
G1 X23.645 Y49.893
G0 F1800 X24.281 Y49.823
G1 F600 X33.21 Y40.894 E3351.60472
G1 X33.28 Y40.824
G0 F1800 X33.23 Y41.439
G1 F600 X24.847 Y49.823 E3352.2948
G1 X24.777 Y49.893
G0 F1800 X25.412 Y49.823
G1 F600 X33.314 Y41.921 E3352.94525
G1 X33.384 Y41.851
G0 F1800 X33.441 Y42.359
G1 F600 X25.978 Y49.823 E3353.55961
G1 X25.908 Y49.893
G0 F1800 X26.544 Y49.823
G1 F600 X33.607 Y42.76 E3354.14099
G1 X33.677 Y42.69
G0 F1800 X33.805 Y43.127
G1 F600 X27.109 Y49.823 E3354.69217
G1 X27.039 Y49.893
G0 F1800 X27.675 Y49.823
G1 F600 X34.033 Y43.465 E3355.21553
G1 X34.103 Y43.395
G0 F1800 X34.289 Y43.775
G1 F600 X28.241 Y49.823 E3355.71337
G1 X28.171 Y49.893
G0 F1800 X28.806 Y49.823
G1 F600 X34.573 Y44.056 E3356.18808
G1 X34.643 Y43.986
G0 F1800 X34.886 Y44.309
G1 F600 X29.372 Y49.823 E3356.64196
G1 X29.302 Y49.893
G0 F1800 X29.938 Y49.823
G1 F600 X35.226 Y44.534 E3357.07728
G1 X35.296 Y44.464
G0 F1800 X35.597 Y44.729
G1 F600 X30.503 Y49.823 E3357.49659
G1 X30.433 Y49.893
G0 F1800 X31.069 Y49.823
G1 F600 X36.001 Y44.891 E3357.90257
G1 X36.071 Y44.821
G0 F1800 X36.444 Y45.014
G1 F600 X31.635 Y49.823 E3358.29842
G1 X31.565 Y49.893
G0 F1800 X32.2 Y49.823
G1 F600 X36.93 Y45.094 E3358.68773
G1 X37 Y45.024
G0 F1800 X37.485 Y45.104
G1 F600 X32.766 Y49.823 E3359.07617
G1 X32.696 Y49.893
G0 F1800 X33.332 Y49.823
G1 F600 X38.12 Y45.035 E3359.47029
G1 X38.19 Y44.965
G0 F1800 X38.935 Y44.786
G1 F600 X33.897 Y49.823 E3359.88495
G1 X33.827 Y49.893
G0 F1800 X22.018 Y49.823
G1 F600 X35.79 Y36.051 E3361.01859
G1 X35.86 Y35.981
G0 F1800 X35.103 Y36.172
G1 F600 X21.452 Y49.823 E3362.14226
G1 X21.382 Y49.893
G0 F1800 X20.887 Y49.823
G1 F600 X34.438 Y36.271 E3363.25775
G1 X34.508 Y36.201
G0 F1800 X33.774 Y36.37
G1 F600 X20.321 Y49.823 E3364.36513
G1 X20.251 Y49.893
G0 F1800 X19.755 Y49.823
G1 F600 X33.11 Y36.469 E3365.4644
G1 X33.18 Y36.399
G0 F1800 X32.445 Y36.568
G1 F600 X19.19 Y49.823 E3366.55548
G1 X19.12 Y49.893
G0 F1800 X18.624 Y49.823
G1 F600 X31.781 Y36.666 E3367.6385
G1 X31.851 Y36.596
G0 F1800 X31.155 Y36.726
G1 F600 X18.058 Y49.823 E3368.71657
G1 X17.988 Y49.893
G0 F1800 X17.493 Y49.823
G1 F600 X30.561 Y36.755 E3369.79226
G1 X30.631 Y36.685
G0 F1800 X29.966 Y36.784
G1 F600 X16.927 Y49.823 E3370.86556
G1 X16.857 Y49.893
G0 F1800 X16.361 Y49.823
G1 F600 X29.371 Y36.813 E3371.93647
G1 X29.441 Y36.743
G0 F1800 X28.777 Y36.842
G1 F600 X15.796 Y49.823 E3373.005
G1 X15.726 Y49.893
G0 F1800 X15.23 Y49.823
G1 F600 X28.182 Y36.871 E3374.07114
G1 X28.252 Y36.801
G0 F1800 X27.587 Y36.9
G1 F600 X14.664 Y49.823 E3375.13489
G1 X14.594 Y49.893
G0 F1800 X14.099 Y49.823
G1 F600 X19.328 Y44.594 E3375.56531
G1 X19.398 Y44.524
G0 F1800 X18.385 Y44.971
G1 F600 X13.533 Y49.823 E3375.9647
G1 X13.463 Y49.893
G0 F1800 X12.967 Y49.823
G1 F600 X17.696 Y45.095 E3376.35393
G1 X17.766 Y45.025
G0 F1800 X17.121 Y45.103
G1 F600 X12.401 Y49.823 E3376.74245
G1 X12.331 Y49.893
G0 F1800 X11.836 Y49.823
G1 F600 X16.612 Y45.047 E3377.13559
G1 X16.682 Y44.977
G0 F1800 X16.151 Y44.942
G1 F600 X11.27 Y49.823 E3377.53737
G1 X11.2 Y49.893
G0 F1800 X10.704 Y49.823
G1 F600 X15.733 Y44.794 E3377.95133
G1 X15.803 Y44.724
G0 F1800 X15.351 Y44.61
G1 F600 X10.139 Y49.823 E3378.38039
G1 X10.069 Y49.893
G0 F1800 X9.573 Y49.823
G1 F600 X15.001 Y44.394 E3378.82724
G1 X15.071 Y44.324
G0 F1800 X14.679 Y44.151
G1 F600 X9.007 Y49.823 E3379.29412
G1 X8.937 Y49.893
G0 F1800 X8.495 Y49.769
G1 F600 X14.383 Y43.881 E3379.77879
G1 X14.453 Y43.811
G0 F1800 X14.118 Y43.581
G1 F600 X8.495 Y49.204 E3380.24165
G1 X8.425 Y49.274
G0 F1800 X8.495 Y48.638
G1 F600 X13.88 Y43.253 E3380.68491
G1 X13.95 Y43.183
G0 F1800 X13.671 Y42.896
G1 F600 X8.495 Y48.072 E3381.11097
G1 X8.425 Y48.142
G0 F1800 X8.495 Y47.506
G1 F600 X13.495 Y42.507 E3381.5225
G1 X13.565 Y42.437
G0 F1800 X13.355 Y42.082
G1 F600 X8.495 Y46.941 E3381.92251
G1 X8.425 Y47.011
G0 F1800 X8.495 Y46.375
G1 F600 X13.256 Y41.614 E3382.31441
G1 X13.326 Y41.544
G0 F1800 X13.21 Y41.095
G1 F600 X8.495 Y45.809 E3382.70248
G1 X8.425 Y45.879
G0 F1800 X8.495 Y45.244
G1 F600 X13.237 Y40.502 E3383.09282
G1 X13.307 Y40.432
G0 F1800 X13.383 Y39.791
G1 F600 X8.495 Y44.678 E3383.49513
G1 X8.425 Y44.748
G0 F1800 X8.495 Y44.112
G1 F600 X13.888 Y38.72 E3383.93902
G1 X13.958 Y38.65
G0 F1800 X15.047 Y37.56
G1 F600 X17.018 Y35.59 E3384.10122
G1 X17.088 Y35.52
G0 F1800 X16.566 Y35.476
G1 F600 X8.495 Y43.547 E3384.76558
G1 X8.425 Y43.617
G0 F1800 X8.495 Y42.981
G1 F600 X16.113 Y35.363 E3385.39265
G1 X16.183 Y35.293
G0 F1800 X15.661 Y35.25
G1 F600 X8.495 Y42.415 E3385.98248
G1 X8.425 Y42.485
G0 F1800 X8.495 Y41.85
G1 F600 X15.209 Y35.136 E3386.53514
G1 X15.279 Y35.066
G0 F1800 X14.777 Y35.003
G1 F600 X8.495 Y41.284 E3387.0522
G1 X8.425 Y41.354
G0 F1800 X8.495 Y40.718
G1 F600 X14.36 Y34.854 E3387.53493
G1 X14.43 Y34.784
G0 F1800 X13.944 Y34.704
G1 F600 X8.495 Y40.153 E3387.98346
G1 X8.425 Y40.223
G0 F1800 X8.495 Y39.587
G1 F600 X13.527 Y34.555 E3388.39767
G1 X13.597 Y34.485
G0 F1800 X13.111 Y34.406
G1 F600 X8.495 Y39.021 E3388.77759
G1 X8.425 Y39.091
G0 F1800 X8.495 Y38.456
G1 F600 X12.694 Y34.257 E3389.12323
G1 X12.764 Y34.187
G0 F1800 X12.278 Y34.108
G1 F600 X8.495 Y37.89 E3389.43459
G1 X8.425 Y37.96
G0 F1800 X8.495 Y37.324
G1 F600 X11.861 Y33.959 E3389.71162
G1 X11.931 Y33.889
G0 F1800 X11.444 Y33.81
G1 F600 X8.495 Y36.758 E3389.95432
G1 X8.425 Y36.828
G0 F1800 X8.495 Y36.193
G1 F600 X11.032 Y33.656 E3390.16315
G1 X11.102 Y33.586
G0 F1800 X10.648 Y33.475
G1 F600 X8.495 Y35.627 E3390.34034
G1 X8.425 Y35.697
G0 F1800 X8.495 Y35.061
G1 F600 X10.264 Y33.293 E3390.48591
G1 X10.334 Y33.223
G0 F1800 X9.88 Y33.111
G1 F600 X8.495 Y34.496 E3390.59992
G1 X8.425 Y34.566
G0 F1800 X8.495 Y33.93
G1 F600 X9.496 Y32.929 E3390.68231
G1 X9.566 Y32.859
G0 F1800 X9.112 Y32.748
G1 F600 X8.495 Y33.364 E3390.73306
G1 X8.425 Y33.434
G0 F1800 X8.495 Y32.799
G1 F600 X8.728 Y32.566 E3390.75224
G0 F1800 X16.122 Y37.051
G1 F600 X17.471 Y35.703 E3390.86324
G1 X17.541 Y35.633
G0 F1800 X17.923 Y35.817
G1 F600 X16.834 Y36.906 E3390.95288
G1 X16.764 Y36.976
G0 F1800 X17.427 Y36.878
G1 F600 X18.375 Y35.93 E3391.03092
G1 X18.445 Y35.86
G0 F1800 X18.828 Y36.043
G1 F600 X17.946 Y36.925 E3391.10352
G1 X17.876 Y36.995
G0 F1800 X18.414 Y37.022
G1 F600 X19.301 Y36.135 E3391.17653
G1 X19.371 Y36.065
G0 F1800 X19.793 Y36.209
G1 F600 X18.838 Y37.164 E3391.25514
G1 X18.768 Y37.234
G0 F1800 X19.229 Y37.338
G1 F600 X20.286 Y36.282 E3391.34211
G1 X20.356 Y36.212
G0 F1800 X20.779 Y36.355
G1 F600 X19.584 Y37.549 E3391.44043
G1 X19.514 Y37.619
G0 F1800 X19.912 Y37.787
G1 F600 X21.271 Y36.428 E3391.5523
G1 X21.341 Y36.358
G0 F1800 X21.764 Y36.501
G1 F600 X20.213 Y38.052 E3391.67997
G1 X20.143 Y38.122
G0 F1800 X20.484 Y38.346
G1 F600 X22.256 Y36.574 E3391.82583
G1 X22.326 Y36.504
G0 F1800 X22.749 Y36.647
G1 F600 X20.728 Y38.668 E3391.99219
G1 X20.658 Y38.738
G0 F1800 X20.943 Y39.018
G1 F600 X23.248 Y36.713 E3392.18192
G1 X23.318 Y36.643
G0 F1800 X23.788 Y36.739
G1 F600 X21.127 Y39.4 E3392.40096
G1 X21.057 Y39.47
G0 F1800 X21.276 Y39.817
G1 F600 X24.327 Y36.766 E3392.6521
G1 X24.397 Y36.696
G0 F1800 X24.866 Y36.792
G1 F600 X21.381 Y40.278 E3392.93901
G1 X21.311 Y40.348
G0 F1800 X21.437 Y40.788
G1 F600 X25.406 Y36.819 E3393.26572
G1 X25.476 Y36.749
G0 F1800 X25.945 Y36.845
G1 F600 X21.429 Y41.361 E3393.63745
G1 X21.359 Y41.431
G0 F1800 X21.305 Y42.051
G1 F600 X26.485 Y36.871 E3394.06384
G1 X26.555 Y36.801
G0 F1800 X27.024 Y36.898
G1 F600 X20.926 Y42.995 E3394.56575
G1 X20.856 Y43.065
;TIME_ELAPSED:5461.924159
G1 F1500 E3388.06575
M107
G91 ; use relative coordinates
G1 Z10 F200
G0 X0 Y0
M84     ; disable motors
M82 ;absolute extrusion mode
M104 S0
;End of Gcode
;SETTING_3 {"global_quality": "[general]\\nversion = 2\\nname = prusa2024\\ndefi
;SETTING_3 nition = prusa_i3\\n\\n[metadata]\\nsetting_version = 4\\nquality_typ
;SETTING_3 e = coarse\\ntype = quality_changes\\n\\n[values]\\nadhesion_type = s
;SETTING_3 kirt\\nlayer_height = 0.35\\nmaterial_bed_temperature = 0\\n\\n", "ex
;SETTING_3 truder_quality": ["[general]\\nversion = 2\\nname = prusa2024\\ndefin
;SETTING_3 ition = prusa_i3\\n\\n[metadata]\\nsetting_version = 4\\nquality_type
;SETTING_3  = coarse\\ntype = quality_changes\\nextruder = fdmextruder\\n\\n[val
;SETTING_3 ues]\\nbrim_width = 2.0\\ninfill_line_distance = 3.55\\ninfill_patter
;SETTING_3 n = lines\\ninfill_sparse_density = 10\\nskirt_gap = 2\\nskirt_line_c
;SETTING_3 ount = 3\\nspeed_print = 20\\nspeed_travel = 30\\ntop_bottom_thicknes
;SETTING_3 s = 2\\nwall_0_wipe_dist = 1\\nwall_line_count = =1 if magic_spiraliz
;SETTING_3 e else max(1, round((wall_thickness - wall_line_width_0) / wall_line_
;SETTING_3 width_x) + 1) if wall_thickness != 0 else 0\\n\\n"]}
